financial_id,loan_id,origination_salary,current_salary,origination_credit_score,current_credit_score
FIN-88917,LNK-84810,9141.65,,692,
FIN-18639,LNK-15592,19101.09,21883.37,737,743
FIN-22733,LNK-4278,13987.53,177031.56,825,810
FIN-4657,LNK-98196,3410.06,"$3,484.36",732,727
FIN-10764,LNK-37048,4434.75,4740.21,800,805
FIN-35214,LNK-33098,3355.57,2263.68,709,646
FIN-87753,LNK-30256,17376.77,7832.24,671,589
FIN-69449,LNK-19289,3824.15,"$4,853.79",599,591
FIN-32959,LNK-97530,3124.64,2244.66,632,559
FIN-26995,LNK-14434,18315.84,18193.88,613,628
FIN-32841,LNK-89696,12227.24,12150.57,661,660
FIN-43420,LNK-98080,11084.67,11018.48,814,826
FIN-35991,LNK-72482,8479.65,10058.99,667,696
FIN-8820,LNK-12395,21544.24,10861.99,809,680
FIN-13772,LNK-78397,10225.08,10440.28,693,675
FIN-15587,LNK-56302,9799.36,13581.29,809,803
FIN-25193,LNK-5165,14785.90,19604.20,613,650
FIN-59053,LNK-4905,20020.18,15412.79,821,747
FIN-23149,LNK-13280,17653.89,17655.65,778,757
FIN-72002,LNK-29657,8816.03,11408.85,761,762
FIN-28139,LNK-31495,18778.83,18164.07,655,650
FIN-52008,LNK-67237,18233.56,13001.89,614,545
FIN-2496,LNK-79907,17488.66,21603.60,586,608
FIN-26637,LNK-4478,13300.96,12357.51,790,788
FIN-1212,LNK-74563,7445.87,8090.87,623,660
FIN-67605,LNK-27062,19658.62,20403.40,624,636
FIN-64135,LNK-94850,17639.75,18046.13,783,759
FIN-52759,LNK-86181,4532.88,4920.07,721,713
FIN-39152,LNK-92924,18744.70,10594.28,661,620
FIN-62435,LNK-72426,16382.12,"$17,213.81",735,726
FIN-64295,LNK-55987,18169.16,25649.31,663,672
FIN-7056,LNK-29893,4457.80,4835.75,780,777
FIN-96985,LNK-59878,8610.01,12406.66,647,688
FIN-76105,LNK-78236,9844.28,4395.00,776,745
FIN-2385,LNK-37463,6177.29,6223.61,602,588
FIN-56284,LNK-1851,8374.80,5825.52,618,434
FIN-87691,LNK-21926,14689.52,19582.60,708,703
FIN-88164,LNK-92506,3557.12,3761.61,723,700
FIN-64329,LNK-56392,12892.34,13007.98,745,753
FIN-58080,LNK-45597,13905.20,16280.31,672,672
FIN-15209,LNK-37421,18630.43,11347.27,731,550
FIN-72232,LNK-21379,4145.99,4027.20,723,711
FIN-32095,LNK-29221,21214.74,20980.66,800,815
FIN-61952,LNK-45118,3833.62,4094.78,805,784
FIN-50442,LNK-14396,4433.46,5041.12,720,746
FIN-19924,LNK-13156,5010.91,5221.55,654,631
FIN-98053,LNK-50797,19442.71,,780,
FIN-80128,LNK-13676,19837.20,21274.00,647,659
FIN-49912,LNK-48052,3334.07,3203.96,712,717
FIN-1338,LNK-46082,9422.89,11763.28,668,706
FIN-64331,LNK-80131,9675.63,11936.75,637,631
FIN-56190,LNK-35671,17313.33,17020.73,793,780
FIN-86748,LNK-6695,21225.88,19788.73,746,724
FIN-64278,LNK-96647,19865.21,28618.25,587,589
FIN-91314,LNK-61217,13807.96,14407.75,595,597
FIN-9608,LNK-71284,"$11,663.81",7199.06,651,564
FIN-84428,LNK-17361,19363.12,23407.79,734,739
FIN-55530,LNK-50615,5428.96,,698,
FIN-25319,LNK-11328,4875.42,,582,
FIN-13295,LNK-73357,"$12,313.17",14280.07,592,617
FIN-66403,LNK-39427,7593.23,7247.58,587,587
FIN-20304,LNK-83397,13062.72,12614.02,758,767
FIN-6478,LNK-82070,13399.54,13723.47,642,646
FIN-37954,LNK-48400,16858.40,21025.04,616,639
FIN-72512,LNK-76674,9040.43,9318.81,755,753
FIN-69623,LNK-26203,9283.17,9010.42,802,784
FIN-68652,LNK-93349,17570.48,25159.63,780,771
FIN-52740,LNK-10116,20451.29,19355.41,772.0,762
FIN-74520,LNK-7006,13219.09,16776.63,705,707
FIN-7465,LNK-87673,13601.77,,641,
FIN-87084,LNK-30871,7755.47,7451.87,673,681
FIN-40295,LNK-38930,10884.96,13681.35,768,788
FIN-14497,LNK-11458,7902.38,,602,
FIN-66667,LNK-31512,7177.31,6999.55,623,634
FIN-52109,LNK-14238,10473.01,5354.41,657,468
FIN-76275,LNK-50823,4929.44,5674.89,600,613
FIN-30146,LNK-37434,158949.12,17676.94,759,773
FIN-6861,LNK-60429,4195.68,3939.42,658,657
FIN-30646,LNK-84320,19307.16,20860.44,712,740
FIN-88986,LNK-48819,17171.50,8582.00,666,545
FIN-22212,LNK-22319,9532.18,"$9,900.53",708,698
FIN-51740,LNK-49520,17258.74,24632.26,796,800
FIN-39977,LNK-47566,4518.49,4176.75,654,646
FIN-86765,LNK-28460,8843.41,12283.85,670,703
FIN-44058,LNK-88841,10940.63,8715.46,779,629
FIN-53508,LNK-35993,21141.40,19915.76,707,691
FIN-34646,LNK-92988,21398.54,21696.56,812,804
FIN-81577,LNK-90593,16056.94,21527.72,776,794
FIN-57282,LNK-85939,18216.09,18304.63,716,714
FIN-62245,LNK-10358,19595.28,23121.21,753,783
FIN-40126,LNK-80840,21612.93,20778.28,779,792
FIN-15311,LNK-84227,10602.64,12662.57,719,716
FIN-78178,LNK-23431,10707.77,12355.15,808,846
FIN-81330,LNK-71010,3169.80,3183.84,644,654
FIN-11920,LNK-96568,19534.82,26863.91,588,578
FIN-53596,LNK-33087,6116.23,6185.14,726,737
FIN-5850,LNK-22417,16428.62,15590.74,824,821
FIN-43323,LNK-61589,14570.69,14748.05,655,638
FIN-95099,LNK-50735,21634.65,26835.44,758,792
FIN-90743,LNK-36382,19019.02,9590.49,708,519
FIN-99662,LNK-84886,4955.12,6674.52,807,842
FIN-31237,LNK-91198,15248.53,14689.59,698,710
FIN-80852,LNK-74000,8263.67,10610.80,639,649
FIN-90355,LNK-29785,18469.40,23462.07,790,790
FIN-3678,LNK-90733,20261.38,20217.33,603,580
FIN-51712,LNK-43504,11343.16,12188.83,606,589
FIN-33790,LNK-8331,14760.88,14377.90,683,662
FIN-75596,LNK-31021,7396.63,10352.20,779,805
FIN-5350,LNK-5207,8211.36,11424.26,624,654
FIN-74997,LNK-42347,15032.32,17258.45,762,774
FIN-95282,LNK-53581,17913.77,25200.64,631,661
FIN-94015,LNK-36093,6044.45,6017.25,671,671
FIN-99394,LNK-9675,165798.48,14169.24,592,575
FIN-64772,LNK-28653,9053.66,8990.42,762,767
FIN-85564,LNK-75341,4389.52,4129.59,766,745
FIN-3027,LNK-95098,19413.85,27837.80,752,775
FIN-31076,LNK-42245,8129.83,11580.16,704,740
FIN-40107,LNK-28869,5027.08,4686.10,818,818
FIN-18129,LNK-86909,10131.03,10889.38,729,736
FIN-45078,LNK-66435,17358.37,18192.25,624,618
FIN-87770,LNK-52856,12197.88,16776.15,751,774
FIN-16006,LNK-85259,19273.19,27715.37,627,632
FIN-93427,LNK-61142,16654.95,16101.72,752,758
FIN-79142,LNK-19726,3884.92,4125.70,741,725
FIN-60064,LNK-35718,6113.57,6802.75,772,803
FIN-90479,LNK-19301,13454.60,10575.46,773,625
FIN-7957,LNK-33325,13777.62,14030.04,750,750
FIN-17172,LNK-98647,3174.95,3104.13,764,752
FIN-73392,LNK-74579,6928.15,7479.59,697,676
FIN-10063,LNK-71644,10528.21,13284.94,607.0,646
FIN-97651,LNK-35438,224626.56,20195.50,700,675
FIN-49989,LNK-98912,17185.85,18190.71,591,632
FIN-74223,LNK-77622,12787.59,8109.65,772,688
FIN-76218,LNK-57155,16336.94,17140.93,728,717
FIN-14086,LNK-77484,12375.24,16718.76,588,614
FIN-25619,LNK-53350,19890.29,"$19,904.95",732,716
FIN-53049,LNK-48447,16078.04,15575.04,692,693
FIN-72411,LNK-29746,6179.25,5743.50,701,694
FIN-19638,LNK-19131,7965.21,7731.56,614,616
FIN-76966,LNK-67784,9720.65,10145.89,710,695
FIN-52283,LNK-65686,11377.57,,727,
FIN-61889,LNK-12915,20453.20,9987.28,775,618
FIN-2412,LNK-7175,3971.39,3767.77,736,725
FIN-61603,LNK-15371,5200.14,6839.85,811,817
FIN-37342,LNK-21033,21098.18,20906.78,641,616
FIN-23957,LNK-83240,16542.35,13181.84,772,648.0
FIN-16448,LNK-21969,3553.07,3459.28,690,697
FIN-44530,LNK-90192,15228.09,14983.74,702,700
FIN-33322,LNK-56333,9377.88,9351.15,742,753
FIN-9779,LNK-79172,3274.69,3907.57,794,797
FIN-79428,LNK-9326,20543.67,21959.39,629.0,612
FIN-33632,LNK-51432,7226.52,7962.23,716,728
FIN-84573,LNK-51019,5859.34,7370.20,699,697.0
FIN-53163,LNK-79104,18791.67,23469.24,625,626
FIN-96502,LNK-62348,13930.82,6336.92,638,568
FIN-19159,LNK-70352,16880.30,18083.57,719,753
FIN-45686,LNK-33953,5537.44,5923.38,588,576
FIN-23527,LNK-73512,3013.90,2885.25,774,761
FIN-53629,LNK-2504,"$14,939.31",15681.97,633.0,642
FIN-1451,LNK-90166,10453.57,11321.17,672,703
FIN-19428,LNK-95466,13310.56,15410.34,636,654
FIN-23836,LNK-16014,12856.28,16719.85,772,805
FIN-15821,LNK-90353,11968.36,"$12,272.31",718,694
FIN-56501,LNK-71381,15328.92,15008.92,760,757
FIN-75892,LNK-99419,16775.80,18257.84,705,737
FIN-97334,LNK-35973,17997.77,,691,
FIN-4287,LNK-85012,6760.17,4872.45,630,594
FIN-73142,LNK-45587,12962.93,12471.53,613,621
FIN-93777,LNK-15621,6896.99,7346.72,734,753
FIN-67852,LNK-39469,14458.02,19095.80,712,757
FIN-60702,LNK-57985,6855.56,7261.02,622,618
FIN-49082,LNK-21730,9983.31,10261.55,668,666
FIN-37221,LNK-60470,15873.96,17478.92,582,597
FIN-68423,LNK-1425,19637.46,24735.41,743.0,775
FIN-2371,LNK-95646,10542.83,11370.18,706,707
FIN-19555,LNK-95329,19519.98,25001.24,716,733
FIN-80099,LNK-35522,13542.67,13793.24,807,782
FIN-31396,LNK-66612,9231.02,9757.58,677,662
FIN-27081,LNK-24416,9044.88,8900.80,812,815
FIN-49241,LNK-67542,13797.01,15744.33,734,740
FIN-72465,LNK-14947,20405.51,19429.51,724,721
FIN-31250,LNK-82959,17086.70,16910.31,749,747
FIN-66992,LNK-40117,11822.66,11287.71,593,577
FIN-40065,LNK-84748,4547.96,6114.83,821,840
FIN-26182,LNK-67540,10099.25,10394.79,622,619
FIN-90449,LNK-80818,15410.79,15952.80,791,777
FIN-82468,LNK-27071,16810.51,16823.94,648,659
FIN-84725,LNK-21032,21610.02,21234.65,784,765
FIN-11837,LNK-50009,3441.00,2054.01,690,601
FIN-1558,LNK-22174,16763.33,18995.35,799,836
FIN-54510,LNK-71697,8743.20,10744.60,776,801
FIN-48459,LNK-70514,14856.64,14783.02,671,685
FIN-59803,LNK-1074,20837.35,16592.24,783,607
FIN-32367,LNK-79504,14634.11,6424.70,604,520
FIN-43765,LNK-43487,20804.03,27351.94,743,768
FIN-12070,LNK-65042,8282.83,11395.88,763,770
FIN-63916,LNK-3552,21258.23,24488.98,706,746
FIN-41828,LNK-15662,21239.71,21037.44,720,698
FIN-45311,LNK-48576,17898.48,,708,
FIN-34255,LNK-41306,9169.70,9783.54,602,612
FIN-50464,LNK-32385,13212.55,17784.89,693,688
FIN-76223,LNK-8592,20509.37,19644.33,693,685
FIN-29530,LNK-32571,7869.24,5655.90,710,601
FIN-91474,LNK-75364,12464.59,12957.00,594,578
FIN-93539,LNK-11322,12620.88,12806.04,752,751
FIN-46240,LNK-12226,18202.53,20316.93,818,822
FIN-17006,LNK-96932,235169.04,19686.44,732,728
FIN-4407,LNK-64699,4952.28,6558.86,679,671
FIN-22354,LNK-10071,"$12,484.55",7297.23,591,454
FIN-97259,LNK-70822,8758.55,8592.85,580,574
FIN-11680,LNK-17483,3925.09,3774.09,650,654
FIN-40879,LNK-17828,20348.92,166964.04,600,519
FIN-7171,LNK-87474,6206.45,6626.70,773,778
FIN-12590,LNK-63296,18470.04,17917.45,669,679
FIN-20731,LNK-73063,16435.08,21871.21,743.0,769
FIN-72182,LNK-22643,3652.76,4277.67,660,683
FIN-33052,LNK-35741,6925.26,,686,
FIN-25824,LNK-70163,18446.51,17902.42,580,556
FIN-12374,LNK-80507,9303.73,10487.25,712,702
FIN-75888,LNK-56461,19618.65,8494.13,655,555
FIN-44308,LNK-28760,4617.80,4921.63,723,701
FIN-49187,LNK-71686,"$20,355.15",26239.72,735,761
FIN-68269,LNK-99994,5025.97,,765,
FIN-84202,LNK-96673,9639.84,3785.57,788,749
FIN-77402,LNK-91422,20631.08,20426.49,708,710
FIN-93606,LNK-27365,12255.14,12326.25,744,738
FIN-64201,LNK-94447,5633.98,7509.27,772,815
FIN-75221,LNK-41857,19112.52,,796,
FIN-76784,LNK-53296,20433.45,26360.48,601,600
FIN-2564,LNK-89039,7024.06,7583.81,629,663
FIN-29907,LNK-86180,5933.31,,821,
FIN-45416,LNK-49944,3801.51,4315.77,803,836
FIN-80023,LNK-58422,20635.19,20708.32,669,668
FIN-60479,LNK-68839,11420.14,11216.70,607,586
FIN-14102,LNK-60177,"$20,008.89",28253.48,781,818
FIN-65589,LNK-16860,3430.24,3188.50,679,691
FIN-65611,LNK-33493,9915.49,4889.33,752,585
FIN-11675,LNK-30451,5063.29,5331.82,596,605
FIN-64692,LNK-9392,5131.63,7160.63,761,792
FIN-92653,LNK-45313,19596.19,19937.01,636,623
FIN-4516,LNK-3757,9031.29,9386.10,776,782
FIN-26198,LNK-78110,20373.29,14355.30,636,475.0
FIN-5280,LNK-73603,18467.09,18261.66,748,755
FIN-46272,LNK-31161,21931.70,30448.38,805,832
FIN-54845,LNK-78128,14958.70,14730.28,720,698
FIN-66577,LNK-29864,9698.76,9061.05,616,594
FIN-60231,LNK-1942,18018.05,"$7,299.15",781,661
FIN-8468,LNK-10305,20875.36,28337.71,644,650
FIN-76121,LNK-93778,18299.64,25630.06,759,753
FIN-40775,LNK-83719,12391.61,4549.75,778,729
FIN-10661,LNK-8716,8044.96,,742,
FIN-17982,LNK-31007,10555.65,11081.84,769,765
FIN-34246,LNK-9834,20305.07,14669.66,757,683
FIN-92573,LNK-5117,10448.80,9981.43,738,753
FIN-51067,LNK-44309,18795.34,17413.87,646,630
FIN-1630,LNK-10287,8064.25,8277.35,748,724
FIN-44248,LNK-68391,9694.46,14044.61,693,710
FIN-13218,LNK-32195,19081.06,24821.41,653,672
FIN-52401,LNK-37500,10298.26,,668,
FIN-34209,LNK-88684,10302.33,11994.76,615,638
FIN-71892,LNK-64624,10496.40,10149.59,762,761
FIN-31390,LNK-29080,8947.24,9876.86,780,813
FIN-84177,LNK-71678,14488.01,14228.58,610,609
FIN-83732,LNK-18342,17559.58,17378.05,776,763
FIN-73781,LNK-95811,12824.19,13729.53,804,814
FIN-78410,LNK-75847,14921.47,18132.95,746,738
FIN-43042,LNK-76525,9895.89,,705,
FIN-28372,LNK-62953,4007.79,4286.58,823,806
FIN-32335,LNK-32850,198750.36,6899.65,625,486
FIN-59748,LNK-62993,9358.16,12937.25,580,603
FIN-51486,LNK-54354,18868.81,22143.68,679,673
FIN-74218,LNK-25957,4873.61,,777,
FIN-34930,LNK-13363,9711.63,11081.60,630,669
FIN-16113,LNK-13704,16604.65,16263.17,685,661
FIN-74053,LNK-87374,21245.05,20524.94,618,608
FIN-60447,LNK-57498,16731.55,17612.49,601,600
FIN-53915,LNK-47438,13910.12,19552.65,637,673
FIN-60966,LNK-56519,18436.20,24082.66,599,606
FIN-61920,LNK-54883,"$18,302.95",19152.26,711,700
FIN-88455,LNK-62213,20213.13,26729.15,742,761
FIN-58092,LNK-96561,12048.90,,803,
FIN-8948,LNK-8100,5652.88,6901.23,715,714
FIN-2230,LNK-89259,6966.61,7040.01,754,762
FIN-51826,LNK-86649,4893.75,1806.70,754,709
FIN-37675,LNK-85696,232093.20,10323.89,698,640
FIN-30417,LNK-13899,17292.55,16509.67,665,663
FIN-41653,LNK-8944,11471.84,12287.09,668,651
FIN-43545,LNK-53772,17531.10,17594.71,716,700
FIN-86990,LNK-96448,17338.15,17688.98,660,654
FIN-94638,LNK-45473,6365.04,72746.04,609,588
FIN-77955,LNK-15322,21423.95,28984.27,721,712
FIN-94844,LNK-33591,21710.17,21243.05,721,729
FIN-60643,LNK-26112,21273.92,16894.79,692,603
FIN-89646,LNK-25931,10090.07,9354.32,612,621
FIN-84233,LNK-71292,12306.76,12693.28,708,711.0
FIN-88594,LNK-59800,186845.16,105135.36,633,461
FIN-31563,LNK-19373,18573.78,22400.17,672,700
FIN-11489,LNK-56296,9931.22,10969.09,612,608
FIN-84761,LNK-25050,3461.76,4620.58,820,815
FIN-62920,LNK-37509,21130.15,21588.49,611,586
FIN-31976,LNK-61637,4367.10,5206.41,731,771
FIN-6846,LNK-33742,10133.46,10470.42,659,651
FIN-30838,LNK-10880,6899.84,7023.85,702,683
FIN-30595,LNK-59082,15923.68,15228.34,642,634
FIN-24205,LNK-73132,20710.47,,737,
FIN-35628,LNK-13833,3282.89,"$1,453.37",742,629
FIN-77040,LNK-7630,8589.34,8402.84,762,771
FIN-56076,LNK-86477,18423.48,23964.52,767,790
FIN-99096,LNK-71855,4572.55,5737.15,593,628
FIN-95707,LNK-2934,18332.76,9438.81,731,580
FIN-96065,LNK-13224,7698.44,8286.76,636,643
FIN-60138,LNK-99771,20138.03,18672.10,815,803
FIN-44690,LNK-31982,5875.42,"$6,224.13",662,653
FIN-99950,LNK-22798,20644.08,19949.90,632,614.0
FIN-66519,LNK-54269,16851.25,23611.23,714,717
FIN-35606,LNK-64653,13467.05,13405.85,799,805
FIN-45601,LNK-64092,11613.62,11399.92,800,797
FIN-16245,LNK-29016,2871.65,41388.00,763,761
FIN-1042,LNK-53565,21855.43,23998.54,626,666
FIN-40609,LNK-8685,13144.31,9503.96,634,572
FIN-72151,LNK-22579,21201.03,12721.01,664,568
FIN-37818,LNK-50672,7819.42,,630,
FIN-70904,LNK-1282,8547.80,11176.58,794,811
FIN-6660,LNK-52173,15515.34,,748,
FIN-77893,LNK-35760,8044.75,7699.29,626,613
FIN-40776,LNK-60638,20351.60,19830.77,787,779
FIN-92869,LNK-38388,21993.59,17264.18,748,637
FIN-58512,LNK-56444,18128.08,17124.57,646,632
FIN-96074,LNK-92303,19560.03,24197.19,754,749
FIN-29471,LNK-96748,16384.40,16935.76,820,809
FIN-16344,LNK-73845,7646.47,8318.89,756,772
FIN-71962,LNK-87752,13924.18,18731.44,789,814
FIN-13154,LNK-95163,16427.20,"$15,791.16",598,612
FIN-46146,LNK-64788,13817.12,12942.55,775,776
FIN-51727,LNK-21289,"$16,035.47",16026.60,705,705
FIN-3560,LNK-25890,12777.60,150046.44,633,631.0
FIN-45683,LNK-39890,10962.79,11446.13,602,608
FIN-38946,LNK-29534,14235.81,,788,
FIN-22259,LNK-8665,13316.34,12885.49,690,696
FIN-64392,LNK-76914,6486.18,5980.76,787,793
FIN-7745,LNK-97434,5007.64,5324.44,599,594
FIN-60639,LNK-72066,4840.24,5201.92,658,651
FIN-78902,LNK-8989,6617.15,8269.83,620,658.0
FIN-77503,LNK-99038,21862.20,20417.65,801,809
FIN-48170,LNK-42104,4667.18,6351.73,812,850
FIN-76985,LNK-8492,11637.17,11286.87,740,753
FIN-95125,LNK-7572,4519.60,5615.53,715,747
FIN-40176,LNK-77569,10123.27,10240.37,698,687
FIN-63563,LNK-63493,6284.94,4110.43,610,431
FIN-55205,LNK-66909,17424.17,206826.84,637,623
FIN-16383,LNK-70615,12571.21,12703.77,620,612
FIN-14786,LNK-21635,14712.64,15100.05,772,770
FIN-15090,LNK-8455,15894.86,15022.44,804,810
FIN-7714,LNK-67562,5076.06,5955.75,738,734
FIN-64454,LNK-11500,11757.66,,626,
FIN-76514,LNK-25356,21355.11,20809.55,710,720
FIN-62952,LNK-9981,19455.69,284373.84,596,588
FIN-52407,LNK-78992,12855.91,15937.64,821,833
FIN-41196,LNK-9907,21737.15,22884.71,815,827
FIN-59926,LNK-89501,6880.73,7760.22,798,814
FIN-48455,LNK-31828,19767.20,10322.54,618,553
FIN-39001,LNK-53923,12261.66,12853.99,803,800
FIN-89291,LNK-16713,18322.73,24628.33,712,730
FIN-98410,LNK-75668,10235.12,10757.95,742,733
FIN-47018,LNK-33271,17095.97,18031.35,787,777
FIN-55831,LNK-76880,11312.37,10986.06,589,604
FIN-45750,LNK-78924,3251.54,3221.72,623,636
FIN-61468,LNK-6209,13535.84,14254.32,714,728
FIN-20642,LNK-82183,19667.10,18907.79,804,780
FIN-68074,LNK-11745,18250.81,18408.40,821,798
FIN-75091,LNK-55948,12055.16,5464.69,635,495
FIN-60757,LNK-87163,9939.97,9444.54,764,777
FIN-20883,LNK-77503,10615.97,11424.51,714,691
FIN-22812,LNK-75085,8112.57,10058.67,697,700
FIN-51777,LNK-69522,18216.28,213410.16,764,763
FIN-90538,LNK-42467,18367.32,,660,
FIN-76578,LNK-35179,16971.42,8696.73,638,584
FIN-28536,LNK-27772,13963.38,14836.60,816,816
FIN-39802,LNK-88782,15236.20,16414.75,781,781
FIN-67441,LNK-94872,17114.89,18075.42,823,806
FIN-45283,LNK-42180,6574.07,8531.38,647,644
FIN-36174,LNK-32285,5615.42,4378.44,727,609
FIN-90168,LNK-35814,4140.46,4382.51,740,761
FIN-4241,LNK-52876,12072.42,12424.09,732.0,727
FIN-27636,LNK-18154,8541.37,8666.96,698.0,703
FIN-77017,LNK-85607,11811.19,12748.23,800,776
FIN-2365,LNK-40321,7860.85,7636.26,800,798
FIN-80803,LNK-60929,251669.04,240006.60,667,643
FIN-67515,LNK-42441,20296.67,27550.98,755,756
FIN-34793,LNK-99548,6366.01,6596.41,800,808
FIN-90821,LNK-10508,11108.09,11074.12,742,751
FIN-50836,LNK-2220,5099.20,2203.11,806,718
FIN-70261,LNK-61068,19363.75,18209.29,705,709
FIN-46727,LNK-82416,14285.86,15349.63,825,806
FIN-98208,LNK-74792,21347.81,24536.84,685,707
FIN-55638,LNK-14104,9221.75,12554.50,582,603
FIN-2495,LNK-10602,17363.10,18068.28,796,794
FIN-57868,LNK-71468,3375.28,3127.31,589,593
FIN-50670,LNK-28938,17417.96,20388.70,715,751
FIN-95839,LNK-67307,21404.52,24426.82,712,755
FIN-78349,LNK-18361,11678.85,12362.89,748,741
FIN-96540,LNK-46745,2938.99,2827.22,613,618
FIN-79310,LNK-10016,3908.91,1575.13,695,646
FIN-24854,LNK-33018,150193.92,17076.42,785,791
FIN-86190,LNK-49434,21005.88,21826.64,663,677
FIN-95087,LNK-38353,7926.02,7630.73,590,600
FIN-54441,LNK-21676,13792.69,14327.70,635,611
FIN-9870,LNK-58433,6374.85,6335.24,807,805
FIN-29637,LNK-72200,19019.04,21145.48,738,767
FIN-69079,LNK-93214,5184.60,4941.32,813,790
FIN-18329,LNK-40651,14455.39,14738.60,677,664
FIN-54708,LNK-81173,21220.38,23683.07,642,654
FIN-72809,LNK-86717,10471.37,9639.05,642,618
FIN-63437,LNK-70329,15139.21,7705.08,786,611
FIN-5426,LNK-2025,15906.25,15049.48,610,594
FIN-82893,LNK-88538,14856.75,,815,
FIN-59046,LNK-73692,8410.36,8631.45,716,699
FIN-58764,LNK-40240,17354.82,20891.80,712,710
FIN-60797,LNK-87951,3864.96,3632.72,757,734
FIN-58544,LNK-14577,20272.91,15860.13,656,601
FIN-79137,LNK-18601,11407.12,13615.15,773,815
FIN-50097,LNK-35664,11383.76,11950.85,820,804
FIN-62392,LNK-16129,16560.45,16103.16,714.0,695
FIN-6358,LNK-15029,4425.20,1838.24,753,611
FIN-86754,LNK-98310,19510.52,18806.54,613,625
FIN-27885,LNK-21374,21168.43,20100.41,672,670
FIN-75645,LNK-36697,15962.77,21763.27,749,785
FIN-75055,LNK-37930,20181.06,19353.41,819,826
FIN-54250,LNK-80276,10925.86,15102.03,664,708
FIN-19915,LNK-28607,17041.43,,784,
FIN-50315,LNK-95058,16405.26,16548.07,729,711
FIN-30205,LNK-45942,19029.89,23866.69,614,645
FIN-66143,LNK-27685,10618.66,10172.38,665,641
FIN-62398,LNK-91111,19132.94,18707.77,780,777
FIN-78235,LNK-84130,18158.53,21741.33,665,687
FIN-25082,LNK-35600,19289.02,19942.70,749,733
FIN-98704,LNK-67244,17698.51,18456.40,695,710.0
FIN-59201,LNK-65032,12268.68,13002.60,674,667
FIN-10143,LNK-33914,5055.46,5012.89,797,790
FIN-88828,LNK-7658,18394.89,,737,
FIN-12193,LNK-13097,3992.79,3884.78,673,686
FIN-8231,LNK-84136,13310.45,13710.80,686,690
FIN-58383,LNK-56518,20502.84,22393.39,689,687
FIN-32242,LNK-37265,13621.89,17893.67,705,702
FIN-47870,LNK-6778,9789.06,10418.13,818,803
FIN-17148,LNK-1464,11073.78,11488.80,585,584
FIN-18041,LNK-44719,17818.98,25735.81,705,704
FIN-73600,LNK-18146,10428.18,9698.63,652,650
FIN-79259,LNK-84507,16113.87,181090.56,812,827
FIN-55977,LNK-35335,3872.94,3789.00,722,712
FIN-23595,LNK-22178,9581.29,9330.20,792,790
FIN-25567,LNK-98154,18187.27,22180.92,722,754
FIN-87597,LNK-58912,9961.83,13081.98,759,804
FIN-5257,LNK-73309,10763.42,7740.70,736,637
FIN-54328,LNK-93493,8589.23,11013.21,587,609
FIN-71731,LNK-57057,16576.76,15461.36,602,600
FIN-86610,LNK-74519,15865.46,16540.59,603,618
FIN-23010,LNK-2267,11570.40,11368.55,678,655
FIN-38672,LNK-15663,14628.40,20452.50,751,784
FIN-27439,LNK-10862,12851.43,18034.94,709,733
FIN-22491,LNK-91573,15840.96,16844.72,675,715
FIN-31386,LNK-20536,6580.55,2623.09,795,657
FIN-26243,LNK-72511,5905.86,5464.55,761,748
FIN-90707,LNK-5722,16884.50,24080.21,690,695
FIN-32700,LNK-49393,3617.25,4761.30,807,812
FIN-7800,LNK-77350,15016.60,16082.51,823,802
FIN-19756,LNK-73420,14606.81,14100.42,820,823
FIN-29268,LNK-20410,17251.66,17121.39,683,673
FIN-81842,LNK-57333,8041.01,8877.64,582,606
FIN-78252,LNK-17704,12640.07,6096.00,770,683
FIN-31118,LNK-6482,12030.11,8628.93,658,538
FIN-34060,LNK-41404,7747.02,7367.88,755.0,740
FIN-37690,LNK-48795,14306.00,13710.00,732,727
FIN-50687,LNK-6229,15915.51,15771.96,798,792
FIN-3956,LNK-47898,13676.38,13734.31,749,729
FIN-53577,LNK-28535,21037.55,21407.34,783.0,794
FIN-93847,LNK-90399,9231.22,4589.45,786,707
FIN-4608,LNK-33706,"$15,349.01",14806.63,821,805
FIN-50525,LNK-88416,18010.98,16602.12,722,733
FIN-75186,LNK-14473,7950.76,9584.17,687,719
FIN-34893,LNK-47357,12771.73,14032.22,717,718
FIN-93762,LNK-74385,13869.54,15911.10,777,808
FIN-30696,LNK-54264,19715.66,10304.76,705,550
FIN-90135,LNK-82351,3807.09,3642.87,760,770
FIN-1302,LNK-99235,3822.09,3951.92,632,639
FIN-53275,LNK-21257,20462.42,29583.41,663,684
FIN-81212,LNK-32029,3787.99,3684.78,729,728
FIN-46061,LNK-22299,20336.58,21233.20,749,749
FIN-86769,LNK-24206,15588.82,"$18,686.88",785,804
FIN-18106,LNK-55040,13583.15,10173.94,666,493
FIN-25999,LNK-4248,5329.88,5541.89,746,748
FIN-45698,LNK-24509,7704.61,7353.08,686,675
FIN-58363,LNK-97542,3499.28,3362.31,691,688
FIN-71475,LNK-44540,7625.16,7066.77,654,638
FIN-52352,LNK-54964,15951.95,15314.03,763,744
FIN-43351,LNK-88806,5435.93,5073.09,727,770
FIN-19425,LNK-97345,12931.48,16978.50,785,796
FIN-79484,LNK-33527,14845.11,14409.49,798,808
FIN-41045,LNK-35970,13233.72,14268.90,813,799
FIN-12841,LNK-21866,16423.79,17551.46,810,812
FIN-18896,LNK-92917,21905.98,21870.82,731,709
FIN-67302,LNK-15168,5274.05,4932.96,682,659
FIN-46040,LNK-51140,17084.51,,768,
FIN-32777,LNK-6075,9781.70,3782.43,648,547.0
FIN-64228,LNK-62694,18900.98,26788.76,728,771
FIN-94769,LNK-30154,9747.51,,613,
FIN-7364,LNK-27158,6259.65,6188.76,825,807
FIN-5326,LNK-61332,6938.92,8684.20,629,621
FIN-51140,LNK-46830,19453.06,19388.12,809,807
FIN-35721,LNK-41001,3570.85,2206.44,619,464
FIN-34267,LNK-30831,13355.39,13011.68,819,806
FIN-70607,LNK-30219,4916.44,,793,
FIN-73834,LNK-4101,7519.92,7451.90,643,623
FIN-45083,LNK-87511,10959.71,11583.79,624,613
FIN-38652,LNK-26313,4459.80,4356.91,710,686
FIN-70692,LNK-53227,5594.48,5443.88,618,619
FIN-63767,LNK-44025,5465.84,2508.16,741,672
FIN-45648,LNK-37517,5564.29,6093.42,581,593
FIN-33166,LNK-10099,19032.81,,720,
FIN-14976,LNK-37585,13917.71,14935.22,777,756
FIN-16263,LNK-47025,4398.00,4643.86,696,709
FIN-76845,LNK-85080,6260.38,6560.32,628,639
FIN-83804,LNK-67768,17396.62,18382.65,801,814
FIN-99755,LNK-53386,8212.02,7975.08,600,601
FIN-69194,LNK-90065,18499.83,23729.23,628,627
FIN-2285,LNK-71282,16360.26,15438.60,625,625
FIN-34544,LNK-44404,10715.49,10431.45,817,813
FIN-22852,LNK-4617,13811.91,5048.73,597,423
FIN-48462,LNK-16118,8651.81,9038.11,605,583
FIN-46883,LNK-35237,6454.94,6315.54,643,632
FIN-41765,LNK-24405,6699.19,6501.65,761,759
FIN-19765,LNK-77099,6515.35,6979.07,727,769
FIN-70390,LNK-35795,8210.72,8855.56,639,642
FIN-1846,LNK-6014,3433.69,3211.68,698,673
FIN-43465,LNK-15208,17136.47,16070.77,627,623
FIN-33450,LNK-79193,19577.42,14767.94,793,660
FIN-59204,LNK-57959,20472.17,20686.38,700,680
FIN-54765,LNK-46309,18938.90,18577.34,607,611
FIN-40673,LNK-96491,11333.44,7048.70,706,576
FIN-18303,LNK-42114,17665.23,18409.92,597,575.0
FIN-48862,LNK-58199,16645.29,21403.59,778,792
FIN-44649,LNK-80457,13325.37,13646.16,704,716
FIN-4914,LNK-68033,19875.80,19874.43,712,725
FIN-63871,LNK-16157,7747.84,7606.16,760,775.0
FIN-74024,LNK-51488,21861.11,20634.24,769,765
FIN-56610,LNK-76574,20682.80,19099.17,707,706
FIN-73174,LNK-25914,2928.76,2778.77,583,588
FIN-70472,LNK-34386,15242.22,15614.26,764,750
FIN-84563,LNK-6817,13954.56,16944.58,774,772
FIN-59540,LNK-93901,18739.74,25580.76,789,783
FIN-72349,LNK-58154,11173.31,141854.64,610,601
FIN-53020,LNK-1221,19814.10,24260.43,580,607
FIN-4593,LNK-69146,14119.69,14845.38,722,716
FIN-89963,LNK-71575,3740.01,5415.03,707,741
FIN-24648,LNK-91027,6027.30,4629.45,785,729
FIN-6510,LNK-95297,18606.99,25379.15,601,608
FIN-30974,LNK-98248,11711.60,14670.05,805,801
FIN-95647,LNK-97605,9248.35,9652.18,733,733
FIN-78344,LNK-88900,3340.89,3181.75,661,674
FIN-18047,LNK-26825,16150.99,15148.51,731,716
FIN-23122,LNK-48739,9598.74,13320.37,632,645
FIN-17035,LNK-57531,19225.27,24561.70,769,801
FIN-33650,LNK-10171,8220.33,,624,
FIN-10851,LNK-88062,12322.99,6902.59,648,592
FIN-63984,LNK-44279,11879.37,11158.34,613,595
FIN-5480,LNK-82678,12335.44,13211.50,652,658
FIN-13193,LNK-42145,7384.15,9567.55,739,771
FIN-82452,LNK-17334,9195.37,8777.77,640,638
FIN-94989,LNK-95339,13910.83,13074.39,669,653
FIN-43733,LNK-40363,18973.19,17642.28,677,668.0
FIN-74424,LNK-67469,13896.25,9927.97,608,565
FIN-53597,LNK-41538,10868.39,10327.84,674,664
FIN-55356,LNK-88410,6887.44,4780.54,702.0,654
FIN-28374,LNK-54528,8961.99,8435.18,784,789
FIN-78577,LNK-43753,7320.10,8207.11,756,765
FIN-76587,LNK-53743,14285.88,14397.56,705,696
FIN-87747,LNK-92384,5178.69,4895.02,731,743
FIN-18264,LNK-39752,17123.36,7771.29,622,464
FIN-71771,LNK-73667,7043.74,6998.76,690,686
FIN-62862,LNK-17683,2955.04,3026.44,755,758
FIN-75168,LNK-26144,17354.28,"$16,844.11",703.0,709
FIN-69745,LNK-56108,17794.71,17677.07,632,611
FIN-64443,LNK-88153,15650.89,16003.32,632,629
FIN-21903,LNK-50695,20559.85,,706,
FIN-69078,LNK-89777,14082.12,17374.11,592,621
FIN-66151,LNK-99059,3465.08,4165.77,759,803.0
FIN-27605,LNK-23810,15158.12,17046.54,736,742
FIN-92706,LNK-81676,13871.06,13599.34,791,795
FIN-10999,LNK-75593,18286.46,17773.01,682,693
FIN-33977,LNK-40446,7174.32,9378.89,649,656
FIN-21644,LNK-54225,3960.51,4183.31,617,661
FIN-41594,LNK-72819,17174.53,17510.42,669,661
FIN-75368,LNK-1053,5684.87,71667.48,797,820
FIN-48486,LNK-40829,12494.66,16192.84,736,765
FIN-54568,LNK-38606,6911.26,5054.79,740,700
FIN-23764,LNK-28549,11407.32,12936.53,658,698
FIN-76533,LNK-57346,14975.89,7431.45,707,526
FIN-15824,LNK-77019,8551.71,7940.38,603,604
FIN-63113,LNK-80516,20714.01,24934.27,657,700
FIN-88363,LNK-86813,20244.96,21829.39,580,566
FIN-76685,LNK-43237,18746.16,17998.29,679,693
FIN-52419,LNK-61946,6056.65,7739.47,581,602
FIN-40376,LNK-58905,4400.51,4517.67,638,630
FIN-16054,LNK-58954,"$20,330.94",27865.08,817,828
FIN-56982,LNK-89555,7776.41,10407.15,592,608
FIN-2093,LNK-29010,215940.84,22677.31,599,592
FIN-31730,LNK-68000,21908.08,21526.64,666,649
FIN-26519,LNK-63021,14942.21,241361.88,580,580
FIN-24953,LNK-97463,14955.67,,678,
FIN-72028,LNK-23241,14461.56,14842.09,601,609
FIN-73968,LNK-87356,20221.09,19223.77,752,739
FIN-67395,LNK-12114,9705.40,10736.03,667,695
FIN-1868,LNK-38196,4092.87,5438.02,805,815
FIN-62735,LNK-68561,11233.50,11533.63,766,771
FIN-1588,LNK-88012,13663.74,"$15,318.03",785,794
FIN-3540,LNK-83960,6067.53,8464.90,744,777
FIN-43491,LNK-82167,8236.29,8777.23,649,656
FIN-11299,LNK-44933,4915.04,1906.25,788,729
FIN-92957,LNK-13240,16112.65,16311.79,628,640
FIN-6416,LNK-99453,19210.64,18146.64,811,793
FIN-24435,LNK-31784,222710.28,10255.83,807,627
FIN-70084,LNK-89184,14690.17,14226.49,658.0,660
FIN-64919,LNK-41687,12461.37,180401.04,673,702
FIN-41923,LNK-30444,50673.24,4198.01,820,833
FIN-45364,LNK-27100,15511.83,"$15,928.85",823,836
FIN-90754,LNK-20313,20332.30,19594.19,743,754
FIN-11392,LNK-4201,20250.08,21208.79,764,746
FIN-20669,LNK-7057,3288.38,1433.11,721,602
FIN-3779,LNK-33092,6980.38,7347.63,716,701
FIN-20285,LNK-63277,7327.79,7035.51,763,738
FIN-90273,LNK-81120,5632.99,7570.23,644,659
FIN-21868,LNK-10545,10346.86,,779,
FIN-96764,LNK-60692,5477.20,5770.81,773,764
FIN-93184,LNK-55321,13108.41,12142.28,694,699
FIN-86994,LNK-83544,8769.99,6695.20,630,591
FIN-99585,LNK-76454,12275.07,17306.72,761,776
FIN-1475,LNK-26485,8605.77,11448.43,809,850
FIN-11783,LNK-95155,19374.55,10694.16,666,521
FIN-95785,LNK-92272,18982.48,8703.39,635,454
FIN-65107,LNK-51328,9911.12,6537.03,788,751
FIN-48297,LNK-65799,"$12,266.49",14271.61,698,739
FIN-40001,LNK-53383,113010.84,9186.06,806,785
FIN-49047,LNK-32979,18367.80,23640.17,633,660
FIN-36597,LNK-20342,21963.31,22750.19,772,761
FIN-9758,LNK-86990,8926.00,9005.34,606,616
FIN-53212,LNK-91128,20615.79,21961.05,745,732
FIN-37100,LNK-1726,14829.92,18296.68,746,763
FIN-70445,LNK-99430,11979.60,16980.43,650,651
FIN-66311,LNK-14970,7259.18,8947.98,746,750
FIN-82200,LNK-56724,14592.56,13974.45,790,770
FIN-19020,LNK-29683,15888.49,16332.00,746,733
FIN-87317,LNK-24053,8799.26,8175.61,581,586
FIN-92249,LNK-92214,21935.87,12410.63,581,533
FIN-9932,LNK-68889,17667.07,17052.40,727,741
FIN-8281,LNK-61889,20328.51,19829.25,676,683
FIN-36266,LNK-7582,21197.28,8093.37,719,531
FIN-54187,LNK-74060,20309.49,20669.82,790,781
FIN-55401,LNK-33662,17005.08,16110.79,810,808
FIN-18250,LNK-16906,9263.62,9776.61,628,605
FIN-62140,LNK-60829,14556.81,13616.48,685,673
FIN-42882,LNK-18477,9604.24,,814,
FIN-86227,LNK-61901,10685.84,10014.35,638,640
FIN-97956,LNK-88500,17321.15,18255.22,798,809
FIN-3347,LNK-70616,7634.73,7630.61,815,799
FIN-13802,LNK-74259,7807.65,8060.07,795,802
FIN-47597,LNK-79047,11749.54,12522.84,761,763
FIN-23428,LNK-42588,18660.34,11849.04,719,557
FIN-54182,LNK-99992,4339.42,3066.25,714,683
FIN-90252,LNK-59008,13747.89,14725.71,658,661
FIN-90200,LNK-81301,19150.90,18044.83,790,772
FIN-75862,LNK-95276,5895.64,8426.03,688,693
FIN-59630,LNK-67162,12362.44,13328.34,658,686
FIN-34143,LNK-56933,6752.21,7373.83,584,608
FIN-37146,LNK-72810,5909.90,6209.09,767,763
FIN-23388,LNK-59446,13964.13,14702.61,586,576
FIN-7658,LNK-21861,13024.90,12021.90,760,761
FIN-31121,LNK-98472,21075.23,27840.47,814,806
FIN-95543,LNK-63216,12415.36,12825.41,586,595
FIN-53198,LNK-59991,3674.39,3952.18,596,598
FIN-8261,LNK-34972,11835.18,12389.14,629,615
FIN-64082,LNK-99536,8205.74,8177.18,814,789
FIN-71065,LNK-33406,5264.50,2287.26,659,595
FIN-45781,LNK-84579,16705.35,15715.62,591,592
FIN-39319,LNK-37347,19519.14,22792.33,681,671
FIN-97330,LNK-69327,14876.92,6023.39,666,569
FIN-72152,LNK-64517,17107.81,16103.67,764,769
FIN-25725,LNK-83149,21971.32,24193.97,639,667
FIN-27432,LNK-32358,10926.65,14499.44,613,645.0
FIN-2755,LNK-36992,10053.24,13414.13,784,822
FIN-76086,LNK-58654,17363.29,22081.35,763,788.0
FIN-49819,LNK-11155,18604.89,18533.81,692,690
FIN-67543,LNK-94525,6980.56,7155.11,612,600
FIN-65672,LNK-38450,4413.27,60335.52,696,727
FIN-19580,LNK-31735,5886.15,5864.07,589,581
FIN-32183,LNK-36614,14069.03,14607.62,684,691
FIN-91281,LNK-45020,4422.29,5450.46,765,769
FIN-73796,LNK-42904,13140.18,13958.14,728,760
FIN-29333,LNK-71798,8784.61,10095.19,742,782
FIN-53153,LNK-11561,19626.36,24611.45,738,740.0
FIN-71111,LNK-19136,4836.03,6311.14,641,673
FIN-93696,LNK-20769,5492.02,5297.76,658,671
FIN-85444,LNK-31311,7322.33,6831.62,724,719
FIN-56868,LNK-51205,20908.58,,687,
FIN-7419,LNK-91957,21560.73,30948.56,599,638
FIN-12524,LNK-21028,11605.82,13049.17,755,767
FIN-35028,LNK-93591,15258.51,20634.15,752,762
FIN-44984,LNK-29043,20789.82,25572.94,820,843
FIN-59383,LNK-9418,15808.59,16310.78,708,716
FIN-78911,LNK-55377,18207.88,20318.12,763,799.0
FIN-21123,LNK-54424,21489.91,16466.54,769.0,588
FIN-31031,LNK-44369,5484.89,7789.79,585,624
FIN-53603,LNK-72121,8758.83,9435.19,611,651
FIN-64625,LNK-62069,10528.62,12600.91,705,729
FIN-10892,LNK-55496,19936.09,"$21,347.92",585,579
FIN-36113,LNK-9161,10650.01,5732.87,823,702
FIN-98193,LNK-28110,133456.20,13014.73,822,843
FIN-87987,LNK-56069,7768.21,7730.95,609,585
FIN-70668,LNK-52049,149279.40,11472.18,642,627
FIN-45858,LNK-77556,17709.92,23268.10,637,677
FIN-66557,LNK-92163,11700.75,8518.71,748,666
FIN-93234,LNK-3560,13672.86,13635.42,808,799
FIN-14070,LNK-76456,18368.80,8196.26,778,602
FIN-82390,LNK-50857,21241.72,19885.99,698,701
FIN-84134,LNK-63518,19664.33,19947.15,616,607
FIN-61332,LNK-1772,13813.32,12757.61,798,806
FIN-1913,LNK-47105,20638.55,22159.10,710,727
FIN-13537,LNK-40139,8337.52,3232.31,647,548
FIN-48838,LNK-99759,18459.34,12999.32,622,550
FIN-6804,LNK-52116,"$4,348.94",4665.32,642,649
FIN-95682,LNK-55921,17371.44,216089.76,619,616
FIN-15006,LNK-71545,18276.45,16897.19,788,784
FIN-75120,LNK-98978,5450.99,3500.80,619.0,481
FIN-57660,LNK-97289,18575.09,18982.22,609,621
FIN-66057,LNK-72582,20098.81,18580.20,582,588
FIN-80862,LNK-80069,16950.50,16147.46,780,757
FIN-64358,LNK-29906,5269.02,3444.38,647,498
FIN-88727,LNK-64993,10937.57,14345.65,822,827
FIN-18332,LNK-29760,117819.84,9449.96,614,609
FIN-4631,LNK-36774,5102.45,5579.36,755,765
FIN-81927,LNK-58125,14726.54,17295.34,768,767
FIN-17924,LNK-64654,16274.11,17188.11,664,659
FIN-46927,LNK-4804,17453.22,20537.07,619,634
FIN-10648,LNK-51968,16620.86,15450.82,607,599
FIN-75902,LNK-45057,13946.17,16378.07,588,589
FIN-18130,LNK-88670,5364.48,5253.27,638,635.0
FIN-7058,LNK-90016,16118.36,21674.74,740,751
FIN-16618,LNK-53994,6090.78,5931.02,817,823
FIN-74708,LNK-95919,19558.88,24514.95,729,762
FIN-21281,LNK-22632,14904.68,14217.44,646,639
FIN-73051,LNK-62261,9676.07,9987.61,706,712
FIN-95872,LNK-17728,"$8,277.27",10563.43,647,687
FIN-95485,LNK-82560,3451.34,,592,
FIN-47246,LNK-71008,13711.36,19464.25,679,688
FIN-17558,LNK-4534,5217.39,6432.99,786,799
FIN-32231,LNK-52645,148071.72,12902.29,788,798
FIN-30732,LNK-78580,15310.47,16056.30,585,597
FIN-93409,LNK-74975,5128.64,70877.76,699,699
FIN-20581,LNK-87900,7663.00,,734,
FIN-75069,LNK-4552,17308.79,12552.99,737,603
FIN-59977,LNK-12003,14938.88,13818.06,724,708
FIN-1491,LNK-85246,5412.66,7616.17,606,641
FIN-36212,LNK-57179,6664.80,9061.07,635,633
FIN-76412,LNK-18786,15262.43,15702.96,757,769
FIN-85861,LNK-61515,"$15,740.54",16834.63,646,638
FIN-26913,LNK-24819,11630.64,10989.18,816,806
FIN-99821,LNK-7590,17898.08,19073.13,725,726
FIN-63471,LNK-35099,9253.57,11953.75,771,783
FIN-77741,LNK-50689,9597.55,9608.41,609,595
FIN-45625,LNK-43906,6506.48,4355.01,653,499
FIN-67259,LNK-28742,4844.23,5115.51,818,810
FIN-22171,LNK-60598,5898.91,5623.94,800,783
FIN-78776,LNK-43840,4765.35,5006.06,761,737
FIN-14518,LNK-45236,8114.04,65994.48,679,575
FIN-46045,LNK-50692,56478.48,2447.39,709,539
FIN-71192,LNK-37471,21324.62,22818.11,761,744
FIN-83789,LNK-99567,14379.54,10047.35,654,550
FIN-49752,LNK-56255,6058.40,7635.74,763,761.0
FIN-43298,LNK-34065,20680.05,20618.90,649,635
FIN-17369,LNK-11735,6835.76,"$7,770.95",772,776
FIN-11135,LNK-62644,21899.77,"$22,710.62",614,617
FIN-57276,LNK-3540,6946.21,7219.81,627,607
FIN-28657,LNK-99176,9418.48,3881.16,580,515
FIN-80214,LNK-71702,5970.57,6346.99,740,731
FIN-85662,LNK-7826,16180.64,17157.20,750,749
FIN-59147,LNK-46870,20587.74,21821.64,597,595
FIN-11915,LNK-30389,11946.93,51876.72,626,437
FIN-38017,LNK-86215,13541.10,7500.81,587,542
FIN-79845,LNK-9993,3793.40,4000.55,699,702
FIN-22610,LNK-86426,20167.53,8240.06,701,560
FIN-3542,LNK-6276,8083.02,3961.52,667,490
FIN-62164,LNK-99858,17530.11,21589.16,813,826
FIN-44810,LNK-5067,18725.56,23597.84,685,709
FIN-61226,LNK-33411,2804.97,1172.01,587,540
FIN-40676,LNK-27130,11969.71,17086.84,611,634
FIN-92224,LNK-3671,17249.62,16366.41,732,727
FIN-15509,LNK-82439,17630.57,7834.45,788,681
FIN-41602,LNK-20973,20213.11,25396.51,698,710
FIN-25054,LNK-32266,9726.95,,622,
FIN-40194,LNK-17544,20770.18,19296.95,691,666
FIN-74569,LNK-63070,8233.78,4127.59,623,504
FIN-62308,LNK-88747,7043.87,3871.77,740,689.0
FIN-32224,LNK-15993,15272.82,15960.39,663,659
FIN-77391,LNK-74920,9291.22,11939.96,727,765
FIN-55007,LNK-29569,9236.95,9722.95,692,678
FIN-21768,LNK-61952,123646.44,10595.93,612,615
FIN-51525,LNK-92680,11041.57,11112.55,611,604
FIN-18076,LNK-34586,5379.20,5781.69,637,647
FIN-46328,LNK-49351,15512.90,20520.33,756,762
FIN-79812,LNK-22992,5607.74,5505.51,749,736
FIN-11450,LNK-80415,14411.66,174987.36,653,634
FIN-68781,LNK-80593,19673.34,26575.98,676,694
FIN-72488,LNK-99032,3443.44,3541.94,752,753
FIN-32160,LNK-95156,16926.90,22488.90,793,806
FIN-91846,LNK-16012,11373.16,12206.10,602,580
FIN-10186,LNK-22465,18372.09,18786.88,689,682
FIN-24306,LNK-41768,149722.44,12782.54,695,704
FIN-40371,LNK-76849,8887.00,8250.53,620,612
FIN-86607,LNK-4365,19673.24,13441.56,671,633
FIN-76380,LNK-41888,5626.62,8118.48,819,837
FIN-62581,LNK-76470,7991.82,2938.39,740,700
FIN-96370,LNK-89781,9415.56,13042.44,675,690
FIN-59921,LNK-50192,6225.94,6422.42,730,713
FIN-31885,LNK-52990,18806.64,26821.83,636,668
FIN-85641,LNK-94718,16725.08,15944.60,667,673
FIN-57917,LNK-26995,9792.75,14161.20,598,597
FIN-93835,LNK-10961,2893.31,2819.90,748,755
FIN-61435,LNK-78607,9499.39,9297.87,616,610
FIN-23524,LNK-91520,17691.39,16295.63,718,693
FIN-99500,LNK-83213,9205.97,,684,
FIN-34801,LNK-32830,21111.64,15957.09,648,476
FIN-39937,LNK-14356,21530.32,26100.45,747,749
FIN-26070,LNK-92382,12699.19,13585.51,648,662
FIN-84277,LNK-40529,14359.62,20050.30,785,803
FIN-41070,LNK-90687,3330.17,3086.94,591,567
FIN-26893,LNK-79697,20821.91,9892.46,641,514
FIN-83531,LNK-16866,"$3,402.63",1616.25,731,561
FIN-45906,LNK-75177,15481.14,21777.24,652,654
FIN-40885,LNK-6383,11203.51,14618.02,796,810
FIN-82610,LNK-46508,20280.16,19262.77,600,597
FIN-61612,LNK-70827,16391.16,272023.68,769,779
FIN-69012,LNK-57148,9993.40,9880.01,714,698
FIN-65934,LNK-87706,13152.91,12241.82,623,629
FIN-22599,LNK-49571,19741.67,18954.19,765,778
FIN-80115,LNK-10038,11826.42,12221.52,755,766
FIN-50334,LNK-67317,14953.46,10036.62,727,686
FIN-48435,LNK-85874,12863.74,18232.07,611,621
FIN-63462,LNK-45725,3257.16,3425.07,634,617
FIN-15459,LNK-2658,2929.04,4186.27,646,685
FIN-45244,LNK-56057,11504.88,12407.19,792,834
FIN-54228,LNK-65251,4920.89,,677,
FIN-99655,LNK-14833,8860.49,9339.42,727,707
FIN-94192,LNK-57822,10515.89,12346.15,692,723
FIN-41289,LNK-48472,20476.00,29248.82,772,814
FIN-30202,LNK-84307,9950.90,"$9,844.26",682.0,673
FIN-68964,LNK-61258,10365.74,9744.99,708,704
FIN-89650,LNK-93708,5481.82,5332.30,662,648
FIN-85880,LNK-21052,9784.13,9977.00,712,718
FIN-6637,LNK-58080,"$14,191.07",15317.43,699,697
FIN-21537,LNK-24086,8096.78,4404.70,755,706
FIN-81397,LNK-97180,3579.37,4001.98,791,815
FIN-7144,LNK-69386,15845.22,,755,
FIN-30673,LNK-86256,10094.15,9779.68,800,802
FIN-36417,LNK-36400,3518.52,2603.79,645,518
FIN-70984,LNK-81728,4508.07,6536.39,790,795
FIN-85839,LNK-71539,3180.51,2432.46,785,725
FIN-3459,LNK-64372,3211.88,3212.79,662,658
FIN-84978,LNK-61931,8939.83,4293.78,619,574
FIN-39905,LNK-58091,9397.17,9264.96,697,688
FIN-17431,LNK-96817,16384.22,15905.49,819.0,822
FIN-39405,LNK-78656,19690.14,19695.40,762,742
FIN-62721,LNK-36179,"$9,101.03",13033.55,813,842
FIN-77176,LNK-43245,19633.95,22212.55,795.0,819
FIN-55887,LNK-33177,13843.22,18658.17,691,723
FIN-7627,LNK-12359,11708.33,11035.55,821,820
FIN-83114,LNK-37559,16096.01,16739.78,608,610
FIN-5007,LNK-60087,19325.66,22661.41,700,716
FIN-95502,LNK-32963,6027.92,"$6,318.91",755,764
FIN-7532,LNK-99366,11086.99,15351.09,704,731
FIN-75399,LNK-61910,11134.86,11737.85,806,784
FIN-38628,LNK-75691,19652.33,15616.18,789,725
FIN-2243,LNK-80997,14448.98,10171.82,738,628
FIN-79827,LNK-88580,17031.15,23582.59,628,652
FIN-9626,LNK-50674,11520.57,4698.93,778,681
FIN-55912,LNK-45092,13784.92,14665.03,767,766
FIN-92619,LNK-4761,8651.12,10020.29,756,757
FIN-47443,LNK-65789,55223.16,4534.21,741,731
FIN-64298,LNK-43600,21719.89,21796.08,653,640
FIN-30891,LNK-24834,10158.61,,603,
FIN-63636,LNK-64904,45961.92,3715.79,798,811
FIN-55421,LNK-28802,18893.14,8939.19,620,445
FIN-17704,LNK-47507,8235.18,8568.57,668,646
FIN-38746,LNK-34862,9886.19,13329.07,634,671
FIN-22992,LNK-45608,20879.89,22065.76,743,754
FIN-54151,LNK-37655,11740.11,5534.56,657,518
FIN-51062,LNK-79139,20220.13,11482.96,751,703
FIN-92032,LNK-92905,15811.42,18129.54,817,815
FIN-91947,LNK-37211,12188.09,11643.26,691,688
FIN-19143,LNK-73848,11264.05,4587.55,671,620
FIN-17500,LNK-2330,9281.02,9914.73,653,657
FIN-48968,LNK-68715,6250.71,6178.69,666,656
FIN-35301,LNK-26042,18133.83,19207.24,735.0,727
FIN-78843,LNK-12221,16389.81,23514.26,668,661
FIN-21157,LNK-32635,4685.86,6476.81,636,666
FIN-5332,LNK-95381,3770.35,2369.40,769,717
FIN-29943,LNK-54271,15165.45,14391.25,653,656
FIN-55079,LNK-65038,6932.19,8845.40,792,790
FIN-79590,LNK-73768,14390.52,7950.26,608,571
FIN-31268,LNK-32499,21738.82,20842.90,758,756
FIN-7953,LNK-91519,15624.78,7492.40,626,457
FIN-79044,LNK-63402,4519.79,5083.81,625,617
FIN-12079,LNK-85659,16359.00,262789.20,663,691
FIN-36183,LNK-94302,2874.02,2759.72,680,671
FIN-83513,LNK-65332,10332.08,9853.11,621,632
FIN-8687,LNK-59743,10833.34,4510.02,756,567
FIN-14140,LNK-3260,11697.06,8935.76,825,748
FIN-89967,LNK-13196,12404.34,12328.56,592,607
FIN-44527,LNK-39566,19744.03,19887.35,751,756
FIN-20439,LNK-30045,14350.43,,675,
FIN-62179,LNK-54005,3637.08,1371.17,688,552
FIN-32683,LNK-91673,5497.80,5814.88,745,750
FIN-15251,LNK-32890,19786.41,19373.83,685,667
FIN-94158,LNK-41135,13412.61,13332.18,587,577
FIN-15896,LNK-88026,18225.77,17409.90,762,755
FIN-99584,LNK-77225,9591.18,12989.21,685,729
FIN-61308,LNK-49368,8272.88,8901.81,655,692
FIN-25162,LNK-63031,6653.36,3264.63,632,522
FIN-24891,LNK-73544,17320.91,21752.80,607,647
FIN-52904,LNK-70588,"$21,853.96",22464.54,671,682
FIN-41729,LNK-46056,13934.38,13737.83,590,605
FIN-9628,LNK-56771,20432.85,234167.40,770,765
FIN-34898,LNK-98771,164782.56,13231.05,645,660
FIN-65401,LNK-73140,2967.13,2334.67,612,505
FIN-44025,LNK-44357,7898.85,8426.88,742,740
FIN-56194,LNK-47112,6600.83,,681,
FIN-75917,LNK-93124,4145.66,2252.50,634,458
FIN-2670,LNK-60473,19048.08,7330.94,782,716
FIN-2510,LNK-36509,14134.48,5049.73,779,640
FIN-84117,LNK-41189,17338.42,18667.07,628,641
FIN-9621,LNK-33951,14461.23,13505.51,752,746
FIN-69380,LNK-31217,20037.18,18516.20,786,788
FIN-35851,LNK-16814,15618.20,17636.92,593,617
FIN-17498,LNK-95540,20729.57,27207.73,772,793
FIN-81003,LNK-26242,15991.13,12439.47,692,631
FIN-30199,LNK-42359,8626.21,8477.33,735,729
FIN-29498,LNK-16670,7062.04,9730.31,754,780
FIN-81061,LNK-98370,6838.94,6465.55,754,751
FIN-70138,LNK-71236,3114.88,3154.39,665,680
FIN-97595,LNK-91461,13760.59,"$16,523.74",724,762
FIN-36769,LNK-25267,6845.73,7578.92,694,731
FIN-59769,LNK-26105,12166.56,11785.35,791,792
FIN-41130,LNK-29361,18544.72,"$17,552.64",594,586
FIN-22441,LNK-97810,6494.79,"$7,445.53",743,749
FIN-21698,LNK-64464,21580.31,20217.66,670,651
FIN-76393,LNK-37241,8526.63,10270.62,719,712
FIN-71609,LNK-95972,19505.71,19512.43,720,719
FIN-84541,LNK-78278,17127.23,24531.19,821,805
FIN-32766,LNK-69765,8019.31,8525.02,645,621
FIN-85853,LNK-79222,15859.47,20775.97,812,841
FIN-43341,LNK-38093,12786.72,13210.78,686,666
FIN-81800,LNK-14176,8554.16,5155.17,718,586
FIN-55690,LNK-26443,7318.44,3376.79,587,428
FIN-90704,LNK-39829,17031.07,16815.33,597,580
FIN-55452,LNK-30816,17967.72,19306.12,734,724.0
FIN-91903,LNK-48301,14510.49,15764.54,752,752
FIN-64084,LNK-24519,18156.13,8111.75,708,611
FIN-63477,LNK-40618,2913.35,1779.98,673,521
FIN-11802,LNK-2854,20621.07,21696.57,743,731
FIN-47256,LNK-93801,8388.90,5024.88,600,452
FIN-33662,LNK-17591,6324.95,3906.68,689,622
FIN-79004,LNK-36954,18807.88,18349.52,584,574
FIN-3605,LNK-6965,17647.04,"$17,139.37",811,822
FIN-23126,LNK-8146,3063.83,4062.96,747,774
FIN-22779,LNK-73529,17234.87,9622.42,802,699
FIN-57528,LNK-39290,19764.64,22129.79,655,699
FIN-22433,LNK-92411,7378.39,10061.64,710,749
FIN-98223,LNK-17551,9956.19,4760.11,706,593
FIN-40478,LNK-84606,5013.16,5114.51,809,819
FIN-61944,LNK-99669,5360.79,4209.90,811,629
FIN-96498,LNK-65340,"$3,821.99",,767,
FIN-31969,LNK-14446,19495.75,22046.62,740,775
FIN-53780,LNK-2607,4989.42,66883.68,677,709
FIN-43525,LNK-76243,3280.14,4586.21,634,635
FIN-2389,LNK-38268,4260.73,4385.65,737,770
FIN-6597,LNK-62524,11456.67,4770.56,802,622
FIN-95332,LNK-63746,4494.55,2456.24,724,622
FIN-27580,LNK-58733,5979.99,8061.30,622,636
FIN-19776,LNK-45657,3310.19,3586.18,694,716
FIN-80313,LNK-25164,18221.53,22545.73,792,829
FIN-74763,LNK-7734,16947.61,17842.85,661,657
FIN-3083,LNK-34092,12538.26,16946.77,690,708
FIN-76320,LNK-63616,3102.22,1944.03,656,487
FIN-5972,LNK-15953,18292.86,20734.71,799,790
FIN-93166,LNK-9564,15735.21,14973.34,735.0,743
FIN-84382,LNK-53521,4225.79,4483.51,662,702
FIN-8287,LNK-65454,12930.26,12234.75,654,655
FIN-57665,LNK-10710,11374.35,11368.11,644,646
FIN-40402,LNK-76631,12249.04,15601.03,765,769
FIN-60412,LNK-83502,15287.90,15678.98,792,769
FIN-54291,LNK-90974,12590.79,13029.73,581,561
FIN-9854,LNK-8026,5937.68,3791.56,693,565
FIN-85531,LNK-20887,"$5,440.87",5028.06,796,806
FIN-41863,LNK-20555,5304.37,4956.40,620,599
FIN-40466,LNK-74772,7707.88,,678,
FIN-20090,LNK-40824,19807.26,,625,
FIN-60193,LNK-12164,8844.12,4962.25,762,641
FIN-66960,LNK-33530,11912.68,4645.02,592,502
FIN-65079,LNK-16525,9551.56,11709.96,691,713
FIN-33691,LNK-74147,21080.87,19696.50,808,799
FIN-97671,LNK-55548,136780.32,12083.36,742,751
FIN-93492,LNK-80471,4340.80,4676.02,713,695
FIN-43583,LNK-79135,244165.80,14016.72,796,676
FIN-42693,LNK-82057,9237.15,9674.22,682,686
FIN-35053,LNK-30581,20120.69,19600.22,648,659
FIN-87331,LNK-69494,3356.56,3393.21,782,763
FIN-7880,LNK-50856,8683.33,6553.95,802,731
FIN-94637,LNK-60049,3570.34,4699.25,722,712
FIN-38242,LNK-59028,21715.38,25453.32,709,754
FIN-24073,LNK-39974,11640.62,8589.81,766,614
FIN-85056,LNK-78139,20414.20,20885.63,626,635
FIN-33582,LNK-57207,13629.35,13053.04,761,768
FIN-17376,LNK-41026,21586.63,28014.26,804,806
FIN-53501,LNK-75531,16715.27,23513.36,740.0,731
FIN-82165,LNK-82399,20101.92,14413.27,642,599
FIN-65580,LNK-8894,15586.78,15852.20,715,709
FIN-79471,LNK-80905,8294.69,7810.70,696,686
FIN-19823,LNK-98004,7264.36,105230.88,753,765
FIN-95911,LNK-14006,7403.13,5033.16,686,612
FIN-93448,LNK-28235,17949.45,8292.96,801,668
FIN-99294,LNK-82987,19252.24,27446.58,741,741
FIN-9017,LNK-28659,4803.72,55300.56,779,757
FIN-97299,LNK-35687,16070.21,8332.08,756,616
FIN-57736,LNK-87563,16029.48,17240.78,686,674
FIN-59048,LNK-11641,18154.45,17920.88,807,795.0
FIN-48668,LNK-21585,11619.91,11185.50,672,654
FIN-36080,LNK-32439,19773.35,22370.66,803,811
FIN-75829,LNK-23782,4413.81,2219.22,870,764
FIN-30443,LNK-73350,21839.23,22333.83,622.0,602
FIN-82523,LNK-10838,13004.39,13745.73,776,770
FIN-26749,LNK-21517,12508.81,13507.49,739,736
FIN-41078,LNK-1350,20269.12,20240.32,736,722
FIN-31303,LNK-54545,15484.05,15698.69,804,811
FIN-90641,LNK-60048,6131.77,5841.66,634,648
FIN-76309,LNK-91357,19737.33,20195.70,787,769
FIN-53460,LNK-78832,19198.09,9450.03,610,486
FIN-78002,LNK-62592,20922.30,147643.92,799,680
FIN-3519,LNK-39175,13721.65,19334.82,592,603
FIN-37330,LNK-5278,18405.13,17698.60,769,756
FIN-42872,LNK-31340,3293.65,3104.10,683,677
FIN-28788,LNK-38762,7381.35,7546.64,791,790
FIN-97906,LNK-93662,8723.94,12607.09,742,736
FIN-89063,LNK-38056,14932.56,8053.48,770,731
FIN-78327,LNK-93141,16727.56,17704.23,740,741
FIN-25015,LNK-60510,11360.78,10638.13,787,771
FIN-91294,LNK-10329,18079.38,,824,
FIN-46450,LNK-91096,9292.78,"$9,812.44",648,651
FIN-23874,LNK-31595,"$13,961.12",10543.11,661,471
FIN-68290,LNK-35675,21826.00,8072.24,812,687
FIN-62447,LNK-82927,6395.13,7137.11,817,850
FIN-74129,LNK-78304,10779.98,15027.51,638,668
FIN-91952,LNK-87662,20569.66,10819.64,600,477.0
FIN-30154,LNK-26928,14648.31,14348.14,797,801.0
FIN-44827,LNK-56723,17446.91,18324.60,772,775
FIN-60857,LNK-16043,7816.36,2952.59,597,480
FIN-26969,LNK-72376,18892.43,9947.16,744,675
FIN-33521,LNK-30466,12176.08,12846.14,814,816
FIN-67970,LNK-85886,21611.31,20469.05,760,755
FIN-13924,LNK-20528,16406.80,16293.81,662,667
FIN-30008,LNK-35816,6896.13,103103.52,775,803
FIN-33279,LNK-19643,"$14,186.24",6972.20,702,659
FIN-3581,LNK-10359,18559.26,19594.47,633,632
FIN-64098,LNK-8816,3104.69,3167.15,590,588
FIN-31466,LNK-22747,14420.69,18230.55,661,651
FIN-37337,LNK-41319,18492.31,17177.65,640,636
FIN-45615,LNK-78993,11126.09,4561.87,671,622.0
FIN-33578,LNK-99167,14684.27,17917.95,583,627
FIN-83453,LNK-75607,6860.40,,814,
FIN-90025,LNK-38828,12134.46,16610.61,602,595
FIN-28288,LNK-58560,100638.00,8605.60,677,671
FIN-7615,LNK-17299,8285.68,2987.01,780,623
FIN-24696,LNK-62433,9428.46,9431.04,781,794
FIN-31146,LNK-91266,8975.69,8740.69,785,777
FIN-56456,LNK-40857,11836.09,,731,
FIN-41661,LNK-92715,11387.44,16152.62,871,830
FIN-14299,LNK-53757,8996.68,11194.90,800,806
FIN-24424,LNK-36683,17190.10,23051.38,771,770
FIN-20992,LNK-66597,6072.90,8655.61,770,795
FIN-39419,LNK-71776,10850.73,15063.86,593,588
FIN-63344,LNK-65722,18264.35,25402.79,798,818
FIN-34226,LNK-58377,14983.09,7089.82,755,674
FIN-3836,LNK-11543,5912.48,7147.97,645,678
FIN-84039,LNK-79385,21044.01,19538.05,595,584
FIN-75718,LNK-6224,9316.85,39177.12,723,600
FIN-71612,LNK-57626,9375.78,13374.91,652,651
FIN-50061,LNK-97276,17004.08,16514.81,749,803
FIN-26018,LNK-43247,16377.59,17534.73,802,807
FIN-94661,LNK-80129,7555.03,3610.88,598,487
FIN-61114,LNK-33816,133682.52,5258.22,710,610
FIN-21615,LNK-4390,10439.15,10044.07,684,663
FIN-8204,LNK-12970,14297.31,13585.55,616,624
FIN-31166,LNK-31005,10142.03,10309.55,792,779
FIN-46461,LNK-89381,16077.64,6368.10,824,790
FIN-6874,LNK-76392,4432.55,5336.07,642,644
FIN-43493,LNK-77955,16969.31,18232.88,788,801
FIN-10518,LNK-3719,4467.27,5137.00,747,788
FIN-53397,LNK-89117,3841.05,3543.53,734,721
FIN-7317,LNK-36325,11847.54,,620,
FIN-17451,LNK-76529,7413.67,7680.40,765,766
FIN-33576,LNK-6273,11587.56,11105.83,686,682
FIN-18310,LNK-23962,11557.89,11277.90,664,678
FIN-43815,LNK-62669,6794.12,8504.24,737,748
FIN-13561,LNK-69021,16159.55,16861.57,764,746
FIN-4714,LNK-86394,3770.02,3591.66,660,658
FIN-64894,LNK-58963,223123.68,19282.60,614,601
FIN-93890,LNK-37458,6420.97,6953.26,673,706
FIN-12766,LNK-24788,4140.79,5209.15,666,703
FIN-48924,LNK-77720,11718.59,5421.95,690,535
FIN-47726,LNK-58132,10913.65,10532.01,607,602
FIN-43502,LNK-84202,5167.28,6057.52,709,729
FIN-71034,LNK-65451,4861.36,7007.32,825,833
FIN-66359,LNK-12959,7497.92,9854.97,696,730
FIN-8096,LNK-62605,19916.37,18496.83,729,722
FIN-78038,LNK-46607,13682.28,19391.77,668,668
FIN-35966,LNK-54523,5827.52,7925.39,672.0,694
FIN-84106,LNK-44687,11515.85,12832.38,719,720
FIN-92522,LNK-43081,12989.86,16770.36,601,628
FIN-7858,LNK-88835,18683.18,20060.84,792,805
FIN-36832,LNK-14710,4384.96,5189.71,729,723
FIN-20907,LNK-22079,16247.51,17121.52,680,673
FIN-20963,LNK-44228,11105.13,,791,
FIN-85886,LNK-54955,7750.29,8664.44,803,802
FIN-91056,LNK-91921,19674.06,283370.76,717,730
FIN-89487,LNK-65942,12279.24,4679.70,730,660
FIN-40210,LNK-38777,14303.03,13261.89,808,802
FIN-45680,LNK-87846,20826.61,27000.16,772,776
FIN-52546,LNK-53488,5550.45,5411.66,591,574
FIN-41048,LNK-73102,16195.43,10705.77,750,579
FIN-10333,LNK-5809,20085.93,12771.85,641,520
FIN-11314,LNK-60614,10928.47,11937.59,605,609
FIN-78821,LNK-12542,3041.48,3098.94,785,765
FIN-82349,LNK-42224,7949.34,8385.64,704,701
FIN-21482,LNK-34082,74883.60,6661.24,803,790
FIN-49671,LNK-43372,17397.39,21676.35,810,832
FIN-49793,LNK-16194,4533.95,4209.12,812,812
FIN-12482,LNK-53976,12555.33,13042.91,608,603
FIN-18248,LNK-68449,10784.89,11405.42,686,696
FIN-43040,LNK-1150,19916.54,25418.87,687,724
FIN-31483,LNK-87200,7616.98,7423.98,805,803
FIN-67937,LNK-72118,16155.57,12244.80,636,499
FIN-5665,LNK-61552,10774.26,10139.35,812,810
FIN-64742,LNK-55165,12606.59,12822.40,597,609
FIN-68747,LNK-8104,21016.87,20780.33,725,728
FIN-10878,LNK-25586,19926.04,20754.36,804,803
FIN-77858,LNK-68952,13426.16,13578.83,791,798
FIN-12944,LNK-48419,21815.72,23650.64,688,692
FIN-33698,LNK-82609,5911.10,5683.99,632,631
FIN-97044,LNK-66338,18750.94,19536.73,788,799
FIN-46253,LNK-82973,10901.56,3836.76,610,454
FIN-3794,LNK-58939,10583.04,14355.47,608,629
FIN-46782,LNK-7764,21482.11,23333.67,791,813.0
FIN-94781,LNK-27680,7479.37,9802.72,794,817
FIN-98376,LNK-36003,9441.25,9930.05,781,780
FIN-30257,LNK-72987,3031.76,35898.96,632,629
FIN-96581,LNK-18172,9975.30,9639.06,776,789
FIN-91254,LNK-38752,18167.44,8794.60,582,401
FIN-41640,LNK-58424,17094.26,15777.23,772,755
FIN-81116,LNK-92521,12856.21,15065.45,757,771
FIN-34282,LNK-64532,18041.02,12197.22,781.0,678
FIN-9962,LNK-16915,4352.58,4485.25,618,593
FIN-81802,LNK-4783,18828.25,19390.78,689,701
FIN-94447,LNK-83578,15590.97,176277.48,597,607
FIN-62662,LNK-80806,20434.79,28605.61,761,757
FIN-15427,LNK-32365,20658.26,,704,
FIN-44670,LNK-94032,20833.73,20580.05,680.0,669
FIN-91702,LNK-21758,16624.81,16572.04,709,688
FIN-66170,LNK-41730,5840.62,82741.56,711,718
FIN-42164,LNK-73199,6495.90,8097.36,592,627
FIN-47916,LNK-2792,15549.20,16776.15,793,782
FIN-66034,LNK-73384,6999.19,6660.92,770,751
FIN-16895,LNK-54476,5781.77,5636.49,796,799
FIN-52423,LNK-13217,9136.43,,741,
FIN-57654,LNK-15871,18279.77,21018.26,674,689
FIN-31227,LNK-61482,13464.62,12531.92,759,759
FIN-68493,LNK-16396,"$8,253.54",9630.59,718,746
FIN-83811,LNK-85896,9626.37,12415.68,709,714
FIN-86143,LNK-21181,20069.65,28353.88,598,608
FIN-18230,LNK-66323,14072.35,13877.94,727,707
FIN-37394,LNK-94926,16736.94,16340.74,685,682
FIN-54684,LNK-39254,20122.74,8255.25,822,731
FIN-33247,LNK-67698,13695.94,13189.50,817,828
FIN-3287,LNK-93459,3255.00,3588.36,658,683
FIN-57437,LNK-36838,"$13,943.70",14324.98,770,761
FIN-16771,LNK-55459,8940.93,9382.67,684,684.0
FIN-98646,LNK-64242,19723.08,24938.30,691,702
FIN-54807,LNK-62894,3115.95,4370.55,588,623
FIN-18580,LNK-32946,19135.65,24641.65,764,779
FIN-10756,LNK-60871,12698.91,5634.88,758,661
FIN-88995,LNK-73255,17330.42,20856.28,583,580
FIN-88767,LNK-19958,8267.72,4603.91,686,594
FIN-71313,LNK-51277,17680.02,21461.87,760,783
FIN-87131,LNK-25983,3598.49,,751,
FIN-48799,LNK-79561,19271.99,19684.83,634,644
FIN-94863,LNK-67616,4723.80,1677.58,813,770
FIN-57698,LNK-98818,10403.55,134400.60,693,678
FIN-32122,LNK-18892,6627.35,6410.23,644,651
FIN-42411,LNK-10150,19999.69,19945.33,697,712
FIN-18225,LNK-37208,14875.39,7921.66,799,692
FIN-2213,LNK-55387,8310.45,9370.15,684,705
FIN-1101,LNK-45548,8898.82,8828.47,733,723
FIN-61057,LNK-67550,7624.15,7734.36,770,766
FIN-58123,LNK-36018,10973.58,"$11,030.96",771,761
FIN-10588,LNK-1336,3761.50,4043.23,689,698
FIN-41981,LNK-38072,19116.83,20588.12,614,626
FIN-6444,LNK-96164,10910.50,12013.68,649,670
FIN-38901,LNK-40132,19976.05,25477.86,712,705
FIN-21164,LNK-77931,19108.79,23015.43,792,802
FIN-8174,LNK-77011,11763.44,12543.99,598,625.0
FIN-42208,LNK-87499,21350.58,"$26,267.57",712.0,734
FIN-80575,LNK-65178,7746.56,8066.68,639,654
FIN-74711,LNK-20476,12326.02,12132.52,726,715
FIN-87445,LNK-59529,15015.56,9339.26,606,469
FIN-51516,LNK-71592,12997.68,15612.62,597,620
FIN-66663,LNK-64483,4896.84,5827.54,612,644
FIN-47989,LNK-46236,7659.89,102954.24,741,735
FIN-88509,LNK-44573,21356.32,19790.81,773,770
FIN-86476,LNK-73340,19308.52,9310.82,749,706
FIN-56053,LNK-72228,18653.28,,739,
FIN-79072,LNK-50441,15918.24,17602.53,722,746
FIN-59378,LNK-60682,15844.12,19102.87,690,682
FIN-61369,LNK-43176,10235.06,6934.88,727,618
FIN-11137,LNK-25727,18880.58,,792,
FIN-41117,LNK-92422,6879.09,7400.55,720,708
FIN-25883,LNK-32300,8305.99,10889.07,585,608
FIN-90894,LNK-75946,6573.82,6774.28,725,713
FIN-29281,LNK-51196,"$19,553.87",312609.48,626,640
FIN-91797,LNK-31613,7453.23,2623.44,611,510
FIN-56372,LNK-54841,13537.42,12708.32,637,618
FIN-4142,LNK-6720,"$11,822.16",11521.63,792,795
FIN-67215,LNK-42704,11484.54,4725.52,760,713
FIN-6509,LNK-98609,5387.66,2437.65,815,664
FIN-98669,LNK-93435,21665.27,22718.47,649,626
FIN-78707,LNK-50968,14785.52,16933.72,794,784
FIN-5973,LNK-51604,3048.82,3063.39,608,621
FIN-15326,LNK-87991,6059.16,7506.45,817,818
FIN-6784,LNK-86461,9358.79,10066.85,816,831
FIN-11308,LNK-20936,18957.33,18225.62,673,654
FIN-38293,LNK-65923,8736.16,8535.44,625,622
FIN-99868,LNK-5852,8568.61,11320.58,822,850
FIN-55735,LNK-17547,5607.36,6200.61,687,718
FIN-97040,LNK-66836,14388.04,19177.51,788,811
FIN-13589,LNK-78356,57614.28,6613.99,660,697
FIN-7560,LNK-44515,19948.57,25282.39,668,662
FIN-97033,LNK-14154,11014.24,13743.33,589,620
FIN-29383,LNK-58711,15491.56,21511.09,716,706
FIN-79629,LNK-14069,13256.25,12640.14,597,609
FIN-20503,LNK-69937,11131.22,12478.00,704,714
FIN-64647,LNK-60890,11023.86,11245.40,771,768
FIN-68298,LNK-3011,16012.49,21792.52,727.0,726
FIN-69740,LNK-95692,14774.43,16331.10,776,786
FIN-66645,LNK-19894,9308.83,9875.75,666,671
FIN-74042,LNK-54736,20820.49,,717,
FIN-13866,LNK-86823,15084.86,21640.83,753,790
FIN-71509,LNK-21232,5590.60,2233.70,714,623
FIN-28148,LNK-10807,16532.93,23372.77,676,703
FIN-6015,LNK-62537,21204.80,20926.48,786,772
FIN-37837,LNK-35737,21955.01,20284.97,755,765
FIN-52214,LNK-45375,21876.67,22777.72,772,758
FIN-87041,LNK-82691,4642.87,62716.80,611,651
FIN-16018,LNK-91794,6233.98,6015.06,777,763
FIN-51577,LNK-53098,16272.60,11214.27,580,490
FIN-32860,LNK-86175,7420.54,7856.92,604,611
FIN-73726,LNK-11527,9361.14,9875.35,736,721
FIN-69551,LNK-44065,20032.79,340525.80,601,607
FIN-15926,LNK-89389,3782.39,3723.29,578,574
FIN-54429,LNK-70942,5843.46,3293.84,636,550
FIN-67618,LNK-50808,2974.17,3812.38,773,797
FIN-63014,LNK-42505,9717.56,7023.30,708,667
FIN-71209,LNK-83155,15361.49,6397.93,769,672
FIN-97188,LNK-95203,10822.26,13128.63,717,727
FIN-47178,LNK-64956,21239.98,21030.14,592,600
FIN-12612,LNK-71912,20908.59,7508.86,623,525
FIN-70132,LNK-5705,"$6,200.19",6350.05,654,654
FIN-90791,LNK-81931,19602.33,18690.70,681,668
FIN-47297,LNK-9968,19157.06,17752.86,700,685
FIN-56111,LNK-31771,21374.99,14882.75,640,503
FIN-79103,LNK-83727,10580.33,10606.68,787,780
FIN-6996,LNK-90705,15615.81,14568.27,603,605
FIN-46943,LNK-38667,7399.21,,799,
FIN-83275,LNK-30817,20901.47,16257.94,605,514
FIN-5611,LNK-98880,17557.19,18918.88,616,624
FIN-87617,LNK-12846,18872.05,18238.26,580,589
FIN-78491,LNK-57881,11511.32,16017.02,676,675
FIN-51044,LNK-13903,13838.79,10059.29,742,552
FIN-44787,LNK-84066,12919.34,6746.38,778,694
FIN-53462,LNK-93260,17003.64,19096.15,679,669
FIN-73981,LNK-14173,14149.85,14018.99,736,732
FIN-71294,LNK-59153,18722.78,19948.04,764,763
FIN-22012,LNK-22805,5374.67,5007.12,586,587
FIN-50832,LNK-91964,12238.84,11885.28,700,689
FIN-63735,LNK-40251,5632.03,2856.09,803,658
FIN-24081,LNK-4794,8057.07,10954.99,726,728.0
FIN-69682,LNK-7028,17056.69,18004.95,599,640
FIN-5492,LNK-43516,246721.08,27805.05,737,760
FIN-2576,LNK-8355,6043.47,6407.37,668,698
FIN-63805,LNK-39452,3384.28,3354.23,644,653
FIN-21458,LNK-47984,20657.76,28104.50,707,745
FIN-94655,LNK-50131,11537.57,13761.24,768,809
FIN-64999,LNK-57450,13607.81,17295.00,622,630
FIN-21524,LNK-20080,13916.60,10010.35,626,565
FIN-1232,LNK-33007,20088.96,14137.85,626,448
FIN-95896,LNK-70621,19302.90,21338.91,796,814
FIN-84665,LNK-55008,13312.83,"$9,544.05",686,651
FIN-73610,LNK-90364,9215.96,4584.24,594,526
FIN-15714,LNK-24600,21747.56,14949.84,733.0,559
FIN-89241,LNK-23280,14335.06,13754.93,756,741
FIN-88656,LNK-23946,204526.68,7887.42,681,529
FIN-39061,LNK-11350,7402.40,7947.55,655,633
FIN-59645,LNK-80887,20687.06,27341.43,639,659
FIN-21229,LNK-82226,9611.78,9741.01,648,632
FIN-83873,LNK-90539,13593.13,13646.51,628.0,617
FIN-26317,LNK-32566,12836.55,"$13,496.10",653,663
FIN-61044,LNK-66230,7519.21,4827.20,711,602
FIN-28627,LNK-77435,9187.84,6646.88,819,759
FIN-47098,LNK-19758,15487.19,14316.93,660,642
FIN-56046,LNK-31433,20297.06,19226.66,595,609
FIN-38056,LNK-61443,7660.19,7748.91,639,650
FIN-3325,LNK-84611,4177.07,,798,
FIN-62093,LNK-34289,16432.48,16505.76,807,814
FIN-68602,LNK-61236,20374.85,19819.20,818,824
FIN-30265,LNK-34466,11994.17,15467.08,683,697
FIN-96309,LNK-88404,11295.68,11075.99,594,587
FIN-95952,LNK-2231,18062.62,17045.27,722,703
FIN-94312,LNK-61981,6504.84,6203.75,743,727.0
FIN-4772,LNK-38700,19265.69,25456.76,729,759
FIN-70922,LNK-89815,8677.81,,609,
FIN-30090,LNK-72643,10401.74,12289.07,692,705
FIN-7516,LNK-21706,20426.20,19738.80,723.0,701
FIN-53473,LNK-10681,17018.85,16747.59,713,692
FIN-80122,LNK-58898,5669.82,7208.55,643,654
FIN-59123,LNK-46293,"$10,201.09",10380.33,805,812
FIN-69213,LNK-78014,14574.91,11373.43,775,676
FIN-79435,LNK-40210,9840.54,13806.17,681,673
FIN-77544,LNK-84746,13116.14,12446.36,786,796
FIN-83419,LNK-56615,19689.55,20839.66,603,583
FIN-75670,LNK-91480,18345.86,18991.07,696,692
FIN-49657,LNK-33780,12197.33,,799,
FIN-14531,LNK-60878,17408.34,18556.25,686,705
FIN-85088,LNK-40599,14380.57,15052.10,800,796
FIN-34463,LNK-27111,20959.51,20573.67,779,756
FIN-46439,LNK-51422,17647.65,17204.69,632,632
FIN-38231,LNK-64335,19099.23,20390.38,712,688.0
FIN-80634,LNK-14979,4902.50,7042.69,660,677
FIN-72909,LNK-32091,8135.94,8101.84,762.0,774
FIN-27793,LNK-50986,20038.58,20977.96,696,700
FIN-54956,LNK-75963,15806.66,16876.95,730,711
FIN-61483,LNK-48049,12520.97,12341.03,658,637
FIN-11411,LNK-76341,7862.85,115665.12,722,757
FIN-35106,LNK-39780,248573.52,8605.29,663,595
FIN-51794,LNK-92655,13344.96,10488.60,795,755
FIN-64020,LNK-39696,5991.93,6051.57,744,753
FIN-35529,LNK-3875,20306.49,12383.98,752,711
FIN-74963,LNK-87275,19680.37,11580.38,605,504
FIN-5629,LNK-52879,13556.98,13270.46,699,688
FIN-57987,LNK-36976,18060.18,"$19,213.72",632,614
FIN-50665,LNK-2061,9873.47,9864.02,706,688
FIN-70055,LNK-90889,14747.27,14859.20,816,797
FIN-68515,LNK-98605,8664.17,5942.37,649,468
FIN-95793,LNK-7428,"$9,896.16",4525.50,800,641
FIN-55769,LNK-80482,10917.93,11640.04,776,804
FIN-59909,LNK-98671,14018.80,13259.16,767,777
FIN-49834,LNK-66107,20048.81,23501.25,696,699
FIN-74555,LNK-38512,7765.56,7747.45,790,803
FIN-45253,LNK-31162,19384.86,14222.93,815,777
FIN-65411,LNK-80569,6542.20,6679.40,804,799
FIN-14235,LNK-47179,11350.82,14228.16,793,812
FIN-12010,LNK-29705,16283.13,23399.05,642,674
FIN-56703,LNK-84442,4084.99,2718.08,628,588
FIN-40888,LNK-25920,5543.20,5623.10,783,785
FIN-47441,LNK-82381,12314.85,,762,
FIN-57506,LNK-33850,14995.44,16023.26,759,735
FIN-6955,LNK-89835,21289.84,,783,
FIN-88665,LNK-95493,5121.62,6215.62,681,725
FIN-80641,LNK-87400,9560.75,10325.09,692,674
FIN-48899,LNK-90241,19721.85,20373.85,756,760
FIN-53713,LNK-18927,11055.51,13049.02,685,730
FIN-28161,LNK-83345,8476.08,125453.52,725,761
FIN-40802,LNK-13735,3251.48,3257.58,741,722
FIN-33629,LNK-83242,16610.36,15641.63,801,786
FIN-99368,LNK-85717,11217.34,5681.40,643,471
FIN-12718,LNK-6167,21693.17,20189.38,710,704
FIN-67031,LNK-41492,8036.02,7824.46,593,586
FIN-7398,LNK-58779,11773.95,13104.76,747,739
FIN-83027,LNK-5373,11168.07,7395.13,607,498
FIN-86959,LNK-76965,16296.38,11666.80,680,506
FIN-58526,LNK-48823,40399.44,3630.94,637,617
FIN-28460,LNK-96991,5770.80,6187.27,788,823
FIN-78145,LNK-18224,11229.81,10911.73,747,722
FIN-20208,LNK-12813,16928.96,7119.43,746,585
FIN-3130,LNK-39680,10707.97,10230.40,637,622
FIN-95340,LNK-43823,12411.12,11563.75,720,695
FIN-5243,LNK-98973,19877.77,21363.09,588,584
FIN-18655,LNK-55460,6386.39,6668.17,693,703
FIN-46808,LNK-24021,20322.28,19660.95,665,663
FIN-70370,LNK-27318,4916.10,2695.06,768,667
FIN-46364,LNK-18322,21650.13,16969.56,620,589
FIN-57167,LNK-71701,3493.46,3489.39,784,776
FIN-44421,LNK-48953,5232.78,5591.44,730,742
FIN-29039,LNK-70579,21372.46,21146.83,624,619
FIN-32486,LNK-66771,14256.67,,690,
FIN-62567,LNK-36720,15244.62,14868.60,673,653
FIN-93209,LNK-22567,17418.20,18129.67,757,755
FIN-63497,LNK-34681,14032.58,14079.69,730,726
FIN-64191,LNK-64156,18834.13,13394.40,648,522
FIN-32713,LNK-39684,110606.76,9466.52,739,745
FIN-3415,LNK-98853,5862.47,5645.65,775,755
FIN-89736,LNK-45396,15918.27,6636.54,759,679
FIN-27222,LNK-16095,7566.61,8330.86,752,792
FIN-14031,LNK-62385,19671.93,20431.93,710,691
FIN-50614,LNK-10869,2846.29,2933.27,622,634
FIN-65897,LNK-19449,4188.19,4035.72,778,788
FIN-91113,LNK-99848,21374.80,21195.04,728,776
FIN-74034,LNK-30571,17474.73,23432.96,767,764
FIN-64049,LNK-89647,19969.44,19929.61,817,830
FIN-15190,LNK-95924,16774.30,15480.98,711,720
FIN-78581,LNK-89395,14474.09,,812,
FIN-22087,LNK-53089,5118.17,2290.30,762,578
FIN-55484,LNK-74048,3439.96,3766.49,764,757
FIN-15120,LNK-48942,21633.83,25668.75,744,767
FIN-49650,LNK-12836,15419.99,19838.18,589,619
FIN-38115,LNK-52717,4828.70,4495.32,685,686
FIN-72762,LNK-2824,10825.98,15527.93,599,599
FIN-63978,LNK-35663,19697.88,28268.76,792,809
FIN-89250,LNK-71329,5568.38,3717.14,765,663
FIN-21145,LNK-17199,19387.84,18329.09,697,689
FIN-2653,LNK-60609,18612.82,21504.95,810,844
FIN-14565,LNK-49311,14297.31,17235.65,800,827
FIN-19818,LNK-89188,7498.08,5470.17,770,690
FIN-35422,LNK-99174,21397.47,22135.03,803,785
FIN-88134,LNK-89125,10302.27,10896.70,711,726
FIN-8546,LNK-35362,38829.96,4204.80,797,790
FIN-19152,LNK-77619,20600.66,21437.22,654.0,635
FIN-50145,LNK-50941,9552.82,9008.95,765,776
FIN-39020,LNK-84695,6448.58,,796,
FIN-45173,LNK-49689,21926.57,30858.10,721,742
FIN-43106,LNK-15201,"$4,605.28",4309.61,635,646
FIN-4116,LNK-89452,18923.82,23579.14,662,686
FIN-87269,LNK-31647,12476.52,6179.75,709,570
FIN-8576,LNK-62797,8796.01,11058.62,674,681
FIN-45839,LNK-4280,20569.77,27154.80,701,723
FIN-39769,LNK-82205,13640.29,15004.23,624,614
FIN-78313,LNK-74584,10155.02,9661.31,674,687
FIN-5109,LNK-43992,5527.78,5694.36,615,605
FIN-67490,LNK-80964,7330.36,9075.02,639,645
FIN-98566,LNK-30015,6752.52,8990.89,668,679
FIN-95361,LNK-85889,11829.75,12299.91,823,800
FIN-5781,LNK-9285,21268.48,,614,
FIN-88268,LNK-84283,19329.16,19879.48,586,587
FIN-74870,LNK-61852,8487.05,8971.59,771,785
FIN-77827,LNK-92891,13770.72,13160.86,673,661
FIN-73163,LNK-40608,21884.43,25446.12,643,672
FIN-28365,LNK-86097,17065.30,16350.83,759,741
FIN-75452,LNK-54516,11078.73,13524.70,699,743
FIN-66008,LNK-16292,3758.79,3842.83,825,816
FIN-53620,LNK-19320,15201.27,5674.38,817,651
FIN-83719,LNK-6943,19551.67,19712.16,710,701
FIN-61063,LNK-5877,11790.88,11591.44,782.0,762
FIN-32051,LNK-40893,136580.88,15528.55,772,784
FIN-67846,LNK-65569,6417.07,9131.29,616,614
FIN-63693,LNK-16220,14156.28,15598.36,647,645
FIN-18708,LNK-13739,17472.18,18226.87,696,700
FIN-41613,LNK-31775,11361.30,"$10,752.07",607,615
FIN-50480,LNK-71457,9410.08,7255.72,652,596
FIN-13765,LNK-18781,21909.39,21483.34,715,704
FIN-52344,LNK-51940,10407.73,12964.64,793,815
FIN-29122,LNK-60459,6185.84,8370.98,783,815
FIN-2728,LNK-49629,9159.53,12152.66,730,769
FIN-27502,LNK-88881,9875.32,10023.94,694,699.0
FIN-37975,LNK-98404,10159.72,13602.92,642.0,675
FIN-33601,LNK-92289,12903.51,13203.31,593,577
FIN-69963,LNK-71804,20727.24,19338.39,687,692
FIN-29804,LNK-55935,8364.37,10271.80,695,718
FIN-88982,LNK-77983,4110.37,5252.24,781,798
FIN-8790,LNK-98290,10753.89,15047.31,802,828
FIN-4604,LNK-96236,16598.02,19605.78,781,808
FIN-4920,LNK-21253,21469.34,12927.20,771,693
FIN-77056,LNK-55379,21094.80,258417.60,602,616
FIN-11416,LNK-86841,6904.27,6818.68,682,669
FIN-39148,LNK-13978,17813.20,18755.54,654,665
FIN-30281,LNK-65139,19654.89,25120.46,761,781
FIN-42008,LNK-81694,14927.93,20417.21,585,577
FIN-21629,LNK-54492,15180.25,5519.10,770,645
FIN-81620,LNK-37666,18486.35,23818.93,681,682
FIN-41267,LNK-5288,8978.78,8749.20,644,656
FIN-82062,LNK-91476,17414.14,17128.66,605,620
FIN-30625,LNK-49566,15677.27,20623.76,582,572
FIN-3327,LNK-29477,14918.32,15382.90,810,796
FIN-65450,LNK-59115,15451.99,"$15,880.66",744,737
FIN-91654,LNK-59287,16637.37,196264.92,669,652
FIN-94568,LNK-31947,18469.36,17124.42,668,650
FIN-37435,LNK-48537,14057.42,7019.56,626,491
FIN-14940,LNK-14022,7715.57,8826.66,639,656
FIN-58367,LNK-90873,15769.85,19697.84,634,640
FIN-75467,LNK-49147,17910.71,12709.88,776,671
FIN-75238,LNK-72364,12056.44,7830.98,582,468
FIN-85386,LNK-85518,14133.55,13583.50,700,705
FIN-55103,LNK-48012,239909.16,21167.83,587,588
FIN-42168,LNK-8936,15478.95,14327.89,795,786
FIN-36582,LNK-53184,10346.30,12569.94,775,796
FIN-55173,LNK-37160,8040.63,5870.53,814,647
FIN-99906,LNK-25878,17213.41,11974.01,674,583
FIN-51788,LNK-17011,15403.52,16610.09,592,580
FIN-21002,LNK-60600,17337.63,18693.91,814,825
FIN-68106,LNK-13015,5572.63,5601.18,766,765
FIN-82159,LNK-87870,8947.38,7035.44,774,607
FIN-66081,LNK-28801,15494.78,10224.35,747,709
FIN-91857,LNK-85109,11656.03,12490.21,686,665
FIN-26513,LNK-84819,10074.45,10393.08,781,794
FIN-48084,LNK-79269,10573.77,11556.36,726,741
FIN-14077,LNK-3799,21271.76,20912.57,665,647
FIN-69402,LNK-7629,19455.78,9596.83,741,705
FIN-80381,LNK-44713,10350.38,11769.26,584,577
FIN-50491,LNK-32925,6656.35,5102.17,782,605
FIN-21547,LNK-17505,4282.63,4245.17,698,676
FIN-20041,LNK-75000,18914.10,17674.56,769,767
FIN-45148,LNK-27896,19926.31,21304.22,766,771
FIN-21342,LNK-9992,21877.16,22242.43,673,658
FIN-60289,LNK-73641,14869.29,10569.33,661,619
FIN-43900,LNK-28152,10337.29,10663.08,665,663
FIN-83816,LNK-77858,14180.31,15098.81,602,603
FIN-53981,LNK-29305,20462.72,21332.23,818,799.0
FIN-8298,LNK-31539,16313.02,,702,
FIN-1547,LNK-44064,5244.02,5475.54,791,772
FIN-22749,LNK-20340,63250.32,5013.67,788,779
FIN-17697,LNK-79116,5806.80,6046.36,796,805
FIN-33743,LNK-1371,9706.36,10006.39,769,782
FIN-5896,LNK-37342,12904.97,8148.61,675,501
FIN-17992,LNK-19964,9581.32,8945.08,691,689
FIN-30419,LNK-18038,14320.66,9476.33,672,515
FIN-38613,LNK-71807,9004.74,8321.58,809,811
FIN-6105,LNK-33853,17849.63,7434.89,779,634
FIN-49795,LNK-23871,7077.70,91054.68,791,722
FIN-51101,LNK-15408,12358.78,13137.43,669,682
FIN-98459,LNK-87646,8566.16,10401.16,750,759
FIN-62354,LNK-4379,12377.67,12726.00,662,639
FIN-14380,LNK-18275,5697.10,5334.95,582,564
FIN-25176,LNK-2947,21024.44,22490.10,719,712
FIN-48110,LNK-47955,12019.52,11655.09,819,816
FIN-11330,LNK-32186,17145.74,16078.90,583,578
FIN-87415,LNK-78182,4890.35,5001.26,807,808
FIN-49360,LNK-43437,12242.99,14097.26,691,686
FIN-68981,LNK-3068,11373.51,15262.67,824,841
FIN-74906,LNK-23838,18737.46,21890.43,775,786
FIN-97544,LNK-35782,7009.75,6947.18,650,661
FIN-6698,LNK-7868,7194.32,9214.94,800,799
FIN-35392,LNK-17614,19413.93,27528.00,623.0,645
FIN-14407,LNK-98218,20557.50,19509.29,704,697
FIN-68709,LNK-56176,19812.51,19141.42,660,638
FIN-83448,LNK-69955,5960.12,,812,
FIN-22758,LNK-15896,11886.17,12606.09,702,747
FIN-67432,LNK-98735,13622.51,62807.76,670.0,630
FIN-2569,LNK-9330,7335.86,8810.81,726,750
FIN-45146,LNK-63422,20767.43,21121.30,603,606
FIN-10102,LNK-59756,12106.04,14594.40,673,676
FIN-55108,LNK-48453,15194.45,15252.73,786,780
FIN-53762,LNK-68271,14235.46,20089.98,803,861
FIN-57538,LNK-78812,7499.01,9709.94,644,650
FIN-6694,LNK-15293,18018.80,17702.54,815,871
FIN-94013,LNK-60245,13638.15,13592.09,702,707
FIN-72075,LNK-67039,7350.46,6855.76,636,643
FIN-16041,LNK-30038,11537.96,12280.94,598,612
FIN-24552,LNK-81623,13327.06,13367.89,665,663
FIN-29509,LNK-6683,19513.08,20991.11,612,598
FIN-76905,LNK-96321,3577.42,,662,
FIN-17657,LNK-87363,8303.73,10174.23,677,687
FIN-64936,LNK-69347,8260.14,8349.05,726,715
FIN-70101,LNK-40535,20570.72,19338.73,748,753
FIN-73525,LNK-61036,5386.84,5168.75,806,784
FIN-39523,LNK-85323,17449.65,16618.15,804,791
FIN-37098,LNK-5082,9873.81,11606.74,812,850
FIN-64689,LNK-8972,13200.68,14251.52,620,627
FIN-84215,LNK-63781,195784.56,17401.92,714,720
FIN-81505,LNK-53640,17467.02,17385.11,746,756
FIN-5409,LNK-56872,16269.95,15463.86,798,800
FIN-77507,LNK-90928,14089.40,13457.05,744,751
FIN-73990,LNK-15150,19458.68,23637.74,725,746
FIN-51019,LNK-65260,21918.75,21308.19,665,640
FIN-26388,LNK-94375,17278.34,,673,
FIN-55563,LNK-59138,16321.72,15426.19,736,712
FIN-11865,LNK-10632,3130.58,2996.00,626,601
FIN-43779,LNK-11589,5636.15,,678,
FIN-19420,LNK-43219,14726.12,19808.61,688,709
FIN-63080,LNK-80730,11609.21,11765.34,795,798
FIN-52237,LNK-20442,18189.70,16998.09,805,817
FIN-81150,LNK-9609,19070.92,17649.90,709,716.0
FIN-43330,LNK-17540,12301.01,16679.26,756,781
FIN-73306,LNK-37046,9799.67,11617.44,740,760
FIN-37942,LNK-82830,12814.22,18301.56,588,627
FIN-40681,LNK-83978,16205.72,6270.51,628,449
FIN-40705,LNK-77724,10775.83,11257.69,716,697
FIN-21354,LNK-72874,13312.18,13911.52,791,777
FIN-2941,LNK-94343,20931.33,23856.65,725,767
FIN-19972,LNK-43622,5787.37,6213.69,726,711
FIN-21980,LNK-50925,7075.74,3244.94,802,721
FIN-35016,LNK-79301,13674.08,,715,
FIN-91974,LNK-70541,13537.93,16932.48,800,817
FIN-73787,LNK-39652,17448.81,21276.27,621,623
FIN-20552,LNK-60469,10970.88,11720.97,682,702
FIN-33907,LNK-67263,21917.10,21411.17,780,770
FIN-71345,LNK-80354,17265.36,16161.71,580,575
FIN-72331,LNK-57387,17338.52,21270.33,810,842
FIN-52496,LNK-13999,21562.64,20454.62,756,765
FIN-26086,LNK-92983,16957.86,15671.21,718,713
FIN-95920,LNK-15996,12949.09,6528.61,708,592
FIN-10240,LNK-86814,17856.39,16560.63,585,569
FIN-33023,LNK-86316,4991.52,5412.10,595,635
FIN-61488,LNK-73264,21039.64,26971.59,609,642
FIN-31763,LNK-95481,"$12,841.54",8924.06,790,629
FIN-61558,LNK-29183,14996.07,16121.87,602,591
FIN-11067,LNK-57370,3119.60,,671,
FIN-40348,LNK-60186,19536.28,19698.81,588,598
FIN-49102,LNK-30949,5298.36,5218.79,808,819.0
FIN-6446,LNK-55239,3513.04,4124.55,782,791
FIN-30669,LNK-45424,9175.04,9526.04,798,805
FIN-10656,LNK-60441,20470.04,251748.72,634,644
FIN-15401,LNK-53262,8423.32,3572.62,672,565
FIN-70863,LNK-55524,20393.05,7489.79,766,632
FIN-5137,LNK-96631,48488.76,4722.46,744,776
FIN-92154,LNK-13463,8025.22,8389.15,741,742
FIN-20988,LNK-41966,7557.47,7884.45,766,743
FIN-50841,LNK-56936,6865.00,9158.06,584,591
FIN-90003,LNK-41963,19561.28,27329.30,719,760
FIN-50892,LNK-88177,12319.65,6064.72,657,469
FIN-83745,LNK-34408,10028.41,10734.13,728,750
FIN-77960,LNK-50060,6846.53,6314.05,731.0,738
FIN-16962,LNK-21006,19840.77,28445.69,813,838
FIN-35546,LNK-91023,19951.70,20356.18,655,654
FIN-16928,LNK-63163,15843.78,15501.13,605,604
FIN-80204,LNK-9799,7813.29,8432.51,674,677
FIN-88757,LNK-12957,5771.92,5699.61,612,615
FIN-76202,LNK-12188,12411.11,12947.82,621,633
FIN-54577,LNK-13219,12364.89,15873.36,659,680
FIN-1839,LNK-57606,3512.80,2121.14,709,676
FIN-51231,LNK-13656,5098.87,6683.66,602,640
FIN-12176,LNK-98594,12323.89,13121.60,651,652
FIN-4212,LNK-97835,20919.79,15175.73,777,651
FIN-35562,LNK-49843,20015.76,21130.76,647,628
FIN-60532,LNK-18054,11058.69,10784.44,748,755
FIN-13126,LNK-73924,5553.94,6751.56,732,740
FIN-66714,LNK-8861,9886.92,6455.42,726,565
FIN-75430,LNK-77869,20694.91,26346.32,645,673
FIN-98564,LNK-74608,18707.03,11623.11,787,737
FIN-17271,LNK-74620,11329.48,12110.59,768,753
FIN-14360,LNK-44207,73601.88,6051.94,760,766
FIN-77042,LNK-88819,15776.77,,775,
FIN-81692,LNK-17021,"$6,070.85",6836.59,628,636
FIN-17409,LNK-54845,9581.86,9669.23,616.0,618
FIN-97159,LNK-47346,225090.48,18024.74,611,609
FIN-42330,LNK-88207,18975.34,18524.71,818,801
FIN-50593,LNK-99341,14865.85,20760.29,666,656
FIN-87216,LNK-56435,20130.22,18718.72,811,803
FIN-89675,LNK-95510,12891.36,4588.81,620,550
FIN-79544,LNK-7743,10312.80,9541.60,749,735
FIN-19745,LNK-79696,6868.31,6434.58,780,770
FIN-40816,LNK-41953,11821.36,11336.86,804,850
FIN-96195,LNK-47090,11385.41,13953.80,691,720
FIN-64727,LNK-14579,12526.89,"$11,772.51",742,735
FIN-54635,LNK-76748,13118.62,13551.81,772,765
FIN-74426,LNK-67507,5700.13,5488.98,736,723
FIN-73379,LNK-28884,6664.08,6810.38,706,691
FIN-88697,LNK-21280,18721.67,22677.83,709,715
FIN-28711,LNK-87079,14387.94,20343.54,664,668
FIN-38940,LNK-64201,10915.69,,775,
FIN-9308,LNK-30392,4252.33,2852.99,778,640
FIN-6933,LNK-15184,12086.34,11779.91,657,634
FIN-29894,LNK-46890,13447.90,12779.62,606,601
FIN-35319,LNK-73910,15563.14,16937.90,584,580.0
FIN-11288,LNK-49176,8167.31,9090.28,688,686
FIN-13220,LNK-16058,19479.33,22183.70,715,758
FIN-26952,LNK-37512,20357.43,19918.90,629,608
FIN-68589,LNK-76248,8099.80,11401.58,742,744
FIN-14584,LNK-30643,4609.55,4432.61,602,597
FIN-15531,LNK-57244,4421.63,6013.24,583,605
FIN-74710,LNK-74526,75843.84,,654,
FIN-84032,LNK-82490,5510.05,7224.82,787,786
FIN-14574,LNK-81422,21076.62,21431.13,617,613
FIN-41901,LNK-89470,17810.95,19744.63,825,842
FIN-2272,LNK-85239,4706.55,5402.58,591,607
FIN-45801,LNK-73972,3958.63,3690.95,801,806
FIN-12262,LNK-4441,19888.16,20370.60,681,664
FIN-92410,LNK-80822,19778.08,11944.95,736,668
FIN-93257,LNK-87223,6331.56,,687,
FIN-31337,LNK-91894,13041.26,12191.89,680,690
FIN-21522,LNK-36054,"$15,733.45",7566.37,693,560
FIN-42269,LNK-24647,6562.52,7059.87,601,593
FIN-84385,LNK-36818,13908.43,,808.0,
FIN-16183,LNK-93104,3799.34,5112.29,680,681
FIN-59318,LNK-41499,42715.32,1529.82,746,628
FIN-77971,LNK-45541,12662.39,12972.93,739,747
FIN-88623,LNK-47009,18987.84,17660.55,623,627
FIN-1291,LNK-1800,5050.32,4786.99,732,720
FIN-41595,LNK-24777,13838.02,15496.67,777,787
FIN-41870,LNK-19776,4952.97,5233.10,643,653
FIN-60039,LNK-75228,19038.54,19863.61,674,667
FIN-6053,LNK-87159,4438.10,4642.19,672,685
FIN-66841,LNK-53531,13284.70,9515.78,792,748
FIN-48337,LNK-10120,21660.81,24621.28,685,713
FIN-55273,LNK-19595,7449.89,8893.61,743,774
FIN-1178,LNK-98120,3127.71,3704.69,642,666
FIN-76041,LNK-83991,3542.90,4428.34,698,690
FIN-98627,LNK-5018,3840.86,3806.32,617,598
FIN-37030,LNK-13026,4293.82,,730,
FIN-7260,LNK-98794,6504.56,6823.22,675,676
FIN-51645,LNK-70531,7881.13,36649.92,683,500
FIN-60406,LNK-29197,14667.26,15655.92,633,628
FIN-14118,LNK-50308,19104.78,20591.03,787,786
FIN-39785,LNK-56028,13687.30,7178.75,650,493
FIN-87583,LNK-60460,10453.27,11942.25,677,673
FIN-66972,LNK-45681,20159.47,22701.99,581,575.0
FIN-61132,LNK-21631,16069.08,11365.30,655,546
FIN-70018,LNK-49503,16978.65,11767.64,734,690
FIN-28876,LNK-41846,13438.33,13889.32,581,577
FIN-10071,LNK-95581,11266.74,14703.94,620,661
FIN-3854,LNK-43517,7135.96,6664.45,784,786
FIN-26943,LNK-75395,6296.68,4051.74,587,435
FIN-14705,LNK-79148,18280.69,24923.04,676,696
FIN-35429,LNK-12135,3842.99,3992.09,585,570
FIN-47358,LNK-7895,6018.10,6387.49,692,659
FIN-52082,LNK-21392,15554.42,15223.94,601,607
FIN-36620,LNK-21632,5702.25,7957.47,739,768
FIN-42248,LNK-99885,12269.47,16654.25,621,636
FIN-63102,LNK-81981,8865.44,9450.82,739,747
FIN-17402,LNK-7522,16512.69,17116.91,800,790
FIN-20984,LNK-89338,21439.45,23007.45,603,582
FIN-60994,LNK-11693,16687.72,8039.20,786,724
FIN-44007,LNK-36665,9793.81,9662.92,635,614
FIN-87690,LNK-59079,20756.47,22161.56,700,691
FIN-62917,LNK-87761,19914.02,10642.85,732,624
FIN-79596,LNK-56576,20923.48,26512.13,701,738
FIN-36231,LNK-64656,6487.48,2627.50,783,616
FIN-8163,LNK-80570,10543.69,13017.27,679,675
FIN-60636,LNK-55287,19635.29,12810.97,695,559
FIN-96111,LNK-36804,19256.04,24242.18,792,823
FIN-36091,LNK-29255,5916.79,8496.06,700,772
FIN-4581,LNK-99951,21136.36,19486.76,596,607
FIN-30161,LNK-68154,17672.20,18339.03,661,654
FIN-29153,LNK-15918,"$17,798.01",23739.75,803,821
FIN-59947,LNK-46242,21217.93,22916.39,687,732
FIN-35802,LNK-57349,8007.70,9378.48,749,784
FIN-34852,LNK-15534,4138.56,3084.64,701,592
FIN-82033,LNK-38125,15450.46,17115.98,812,850.0
FIN-83232,LNK-89895,5237.05,5629.72,688,696
FIN-77103,LNK-89930,4207.11,3215.30,646,558
FIN-81404,LNK-78743,12755.57,16442.43,669,665
FIN-69847,LNK-64783,9288.45,4417.45,756,674.0
FIN-59953,LNK-70066,5619.76,7014.01,688,694
FIN-1486,LNK-88442,17416.00,18660.37,772,764
FIN-80202,LNK-41425,"$8,837.89",9232.59,745,738
FIN-31103,LNK-6952,16067.78,17302.81,817,798
FIN-33365,LNK-29903,15123.73,14942.95,806,796
FIN-80751,LNK-52807,17332.75,9937.99,733,554
FIN-14964,LNK-79554,13082.15,13468.34,662,665
FIN-93801,LNK-8180,3827.45,3990.32,638,613
FIN-30983,LNK-2007,16153.59,17080.59,651,666
FIN-52535,LNK-27794,8683.68,8319.82,759,748
FIN-99014,LNK-40507,15364.32,19873.48,643,660
FIN-81592,LNK-28686,11974.06,77873.16,777,679.0
FIN-38870,LNK-18987,21062.38,22760.03,787,830
FIN-12660,LNK-34491,"$18,102.76",17390.56,581,592
FIN-25356,LNK-38938,3155.99,3459.69,663,692
FIN-83585,LNK-44007,13788.13,14106.39,768,782
FIN-54021,LNK-16726,13641.46,,820,
FIN-40381,LNK-2013,9521.93,10581.38,597,620
FIN-10280,LNK-66193,16814.49,16828.82,681,669
FIN-1564,LNK-57446,14441.79,13683.68,599,601
FIN-51503,LNK-24028,4621.11,4888.64,589,604
FIN-3217,LNK-17932,17953.44,,745,
FIN-30379,LNK-50834,21559.83,29063.75,593,608
FIN-22997,LNK-70806,6666.58,7400.15,750,792
FIN-56918,LNK-93231,20781.78,19583.23,721,705
FIN-60103,LNK-66570,236525.64,21147.19,627,623
FIN-46952,LNK-74233,12368.69,13011.00,761,749
FIN-31637,LNK-88562,9405.45,11489.39,688,689
FIN-9567,LNK-47421,"$16,226.64","$18,733.37",628,635
FIN-93120,LNK-10447,12338.66,13886.56,631,641
FIN-85659,LNK-53044,7264.44,6978.95,812,793
FIN-73944,LNK-98260,8742.76,5456.71,627,445
FIN-6960,LNK-6544,7378.43,6920.30,746,753
FIN-46571,LNK-58176,14658.18,13822.02,592,588
FIN-65082,LNK-3456,5410.08,7397.93,637,682
FIN-52980,LNK-61260,18289.31,12706.29,673,574
FIN-32645,LNK-11205,16992.47,16977.16,784,797
FIN-12480,LNK-42033,8471.36,10550.45,697,724
FIN-90842,LNK-76465,5660.07,5774.94,688,667
FIN-5745,LNK-57267,5652.89,5294.42,748,763
FIN-11644,LNK-76156,15387.57,5589.10,664,522
FIN-4507,LNK-54008,17486.91,"$12,954.39",683,640
FIN-70968,LNK-93995,12885.20,15015.62,767,763
FIN-79978,LNK-84904,5477.13,6148.32,799,799
FIN-54221,LNK-55747,162097.80,17013.37,662,697
FIN-85411,LNK-38947,11910.63,16112.19,764,790
FIN-44553,LNK-16096,14027.52,16123.52,583,606
FIN-39708,LNK-54088,13587.65,13629.35,702,716
FIN-54346,LNK-3733,7123.67,8688.74,822,850
FIN-13402,LNK-43568,5498.73,5512.69,738,751
FIN-22724,LNK-23527,4098.04,1861.94,816,740
FIN-43220,LNK-82018,8590.65,10891.10,781,820
FIN-30603,LNK-61305,13174.00,13464.78,746,749
FIN-52926,LNK-91388,18235.83,17056.24,783,717
FIN-5908,LNK-48428,15685.95,15424.15,658,656
FIN-51921,LNK-12551,3398.53,4767.91,583,573
FIN-38830,LNK-58240,7266.65,7441.06,709,717
FIN-9052,LNK-14875,6725.71,"$6,966.27",750,732
FIN-37817,LNK-32891,3326.72,3155.97,746,735
FIN-58778,LNK-58104,8982.62,9921.42,813,837
FIN-39088,LNK-78184,12039.90,16320.16,667,689
FIN-69295,LNK-53487,9598.85,10354.63,689,682
FIN-53429,LNK-69676,19777.64,22624.50,770,762
FIN-61801,LNK-11308,3109.83,3199.92,706,684
FIN-79570,LNK-52873,15520.02,16179.44,639,619
FIN-40362,LNK-41668,17944.33,9758.79,603,439
FIN-74587,LNK-98754,14133.43,13500.75,732,722
FIN-50620,LNK-45500,16746.83,19296.59,594,598
FIN-84306,LNK-30041,14757.16,15544.73,822,825
FIN-84381,LNK-44655,14915.67,14710.83,787,769
FIN-77530,LNK-23037,19679.08,22920.58,815,828
FIN-69003,LNK-11011,3665.61,1442.14,626,505
FIN-78455,LNK-67910,193214.76,8762.60,649,581
FIN-36602,LNK-83998,9715.57,11449.87,776,793
FIN-67684,LNK-15945,18821.98,19140.91,665,654
FIN-34072,LNK-70547,20371.72,20814.15,613.0,589
FIN-68733,LNK-67840,21742.94,29335.90,588,617
FIN-10088,LNK-26415,13335.68,17231.51,796,800
FIN-62249,LNK-46793,21525.83,22973.72,717,698
FIN-2588,LNK-47019,17267.76,24001.04,718,763
FIN-86148,LNK-96339,20734.54,20143.47,663,666
FIN-33303,LNK-85599,17087.05,23271.13,791,827
FIN-54121,LNK-20358,8452.94,9088.24,646,624
FIN-14962,LNK-31968,15008.17,21604.23,815,828
FIN-4323,LNK-14474,15586.84,16328.93,651,626
FIN-8019,LNK-20194,6146.36,3239.75,707,597
FIN-60768,LNK-34550,14257.65,15226.61,586,565
FIN-62411,LNK-26856,7743.90,7500.09,588,585
FIN-1514,LNK-23740,13145.81,13101.12,726,705
FIN-99761,LNK-79957,17841.82,17651.68,659,667
FIN-10413,LNK-21036,21544.44,16163.87,589,404
FIN-59263,LNK-86918,10717.00,12332.78,698,712
FIN-64738,LNK-10876,6852.28,8662.62,692,704
FIN-30087,LNK-24218,10600.73,11271.00,728,741
FIN-86700,LNK-83306,8214.81,7973.30,688,666
FIN-63976,LNK-65764,77932.68,3648.10,664,494
FIN-42051,LNK-61811,12537.14,9422.95,782,690
FIN-76251,LNK-99886,15880.27,16024.77,610,608
FIN-41624,LNK-74889,14351.92,13453.72,820,796.0
FIN-79055,LNK-76952,18893.08,"$25,701.26",645,639
FIN-26856,LNK-59838,15928.24,16702.87,799,798
FIN-27475,LNK-90277,18516.32,20194.07,590,624
FIN-5846,LNK-74989,7191.03,9565.76,611,638.0
FIN-59215,LNK-85278,11858.75,5790.39,676,511
FIN-70180,LNK-84269,7676.41,7528.68,687,680
FIN-14534,LNK-82857,21008.40,268338.60,626,617
FIN-15502,LNK-43363,4412.75,5035.71,710,749
FIN-10684,LNK-83210,4489.95,5149.22,693,723
FIN-58979,LNK-42436,20881.14,24255.91,706,741
FIN-14974,LNK-20786,16436.63,20266.75,763,773
FIN-76200,LNK-58640,4572.48,6475.45,656,679
FIN-93207,LNK-9950,13844.88,14706.74,727,721
FIN-56459,LNK-62462,19134.12,22043.03,683,688
FIN-7825,LNK-58961,18074.71,12416.41,723,661
FIN-5785,LNK-83756,3151.06,4256.38,720,717
FIN-37442,LNK-40691,15732.61,16494.84,798,809
FIN-81751,LNK-37002,6750.93,6558.26,650,634
FIN-4096,LNK-78518,13607.73,201149.16,688,686
FIN-23311,LNK-8362,13775.68,13632.89,697,699
FIN-13166,LNK-47129,21047.63,27926.60,600,627
FIN-36133,LNK-67497,"$6,442.75",6319.61,644,627
FIN-38567,LNK-10724,15430.16,14475.28,691,703
FIN-39499,LNK-41685,20624.31,14583.40,687,611
FIN-12289,LNK-61521,5042.10,5321.00,691,697
FIN-47749,LNK-60233,16886.76,,686,
FIN-44802,LNK-5929,8617.81,8542.43,703,685
FIN-78583,LNK-8456,9624.40,10159.44,821,799
FIN-56426,LNK-49331,9811.64,10373.93,610,614
FIN-59686,LNK-38627,8216.30,7606.03,792,806
FIN-37610,LNK-11057,19658.72,20640.85,613,611
FIN-30812,LNK-85497,14894.66,15966.55,648,658
FIN-31456,LNK-12835,9263.34,9513.97,701,700
FIN-31578,LNK-81610,20838.91,23635.67,791,802
FIN-88239,LNK-78867,21453.94,16242.93,665.0,481
FIN-87766,LNK-67462,"$20,051.14",27312.44,755,773
FIN-69024,LNK-51394,20627.89,20720.21,760,744
FIN-40719,LNK-61648,13778.26,19321.16,707,700
FIN-87978,LNK-77064,13462.19,18666.65,801,801
FIN-75009,LNK-73655,15186.19,14950.70,640,641
FIN-96736,LNK-97851,220444.32,19216.75,627,631
FIN-54366,LNK-6376,"$19,602.69",18575.44,811,824
FIN-92924,LNK-59947,18236.34,18796.45,591,569
FIN-45884,LNK-75928,14380.62,13466.27,670,659
FIN-50024,LNK-86437,234202.32,235158.00,615,607
FIN-22202,LNK-25672,10865.44,11725.94,730,712
FIN-30990,LNK-43143,20941.01,244604.64,798,803
FIN-75389,LNK-80299,9387.66,3438.08,679,644
FIN-15273,LNK-63341,11000.16,10229.23,739,746
FIN-63920,LNK-66715,3826.64,4050.32,596,598
FIN-90090,LNK-20773,19119.38,19844.26,584,568
FIN-4475,LNK-9109,17599.12,16691.99,690,701
FIN-28671,LNK-60050,6171.33,,605,
FIN-96275,LNK-14566,16176.72,21118.44,812,841
FIN-31688,LNK-46015,5065.29,6478.23,656,672
FIN-48211,LNK-94626,"$3,556.99",1416.18,619,570.0
FIN-32955,LNK-12053,14311.42,7808.18,671,632
FIN-1165,LNK-67132,21563.87,22879.22,628,670
FIN-41778,LNK-85689,18421.15,19781.07,674,702
FIN-81896,LNK-23617,21690.18,28382.06,644,643
FIN-92059,LNK-6130,20990.96,239352.72,752,740
FIN-77764,LNK-33472,9659.14,156285.72,653,653
FIN-77494,LNK-93749,8558.26,8858.83,641,635
FIN-24607,LNK-58595,14894.41,15454.71,582,568
FIN-51426,LNK-69690,11918.04,8423.68,696,653
FIN-83117,LNK-69517,4232.70,1570.17,759,689
FIN-46610,LNK-80928,5832.46,5931.68,651,666
FIN-29107,LNK-21807,17661.29,18200.94,616,616
FIN-95285,LNK-48696,16598.97,20665.16,806,811
FIN-51582,LNK-49870,19689.99,20736.28,800,813
FIN-95061,LNK-38079,6092.16,6029.97,622,629
FIN-15636,LNK-51779,7736.53,9310.29,737,732
FIN-97953,LNK-54578,3145.83,3333.06,780,765
FIN-81402,LNK-45350,19431.04,23363.09,626,669
FIN-63602,LNK-89984,4726.37,4514.93,750,757
FIN-85881,LNK-79366,3150.39,1212.50,809,621
FIN-60816,LNK-7863,4763.86,2943.18,785,666
FIN-31848,LNK-83691,192225.00,17270.46,626,628
FIN-14600,LNK-85843,155506.68,8153.03,636,537
FIN-60563,LNK-44863,4315.80,,596,
FIN-29371,LNK-9639,4985.01,4827.20,681,684
FIN-75439,LNK-44213,21124.32,9474.35,594,415
FIN-40772,LNK-13387,16543.89,21957.41,650,676
FIN-57042,LNK-74133,20179.65,19904.73,587,593
FIN-92025,LNK-89916,2930.79,3904.57,759,803
FIN-21286,LNK-51667,6891.71,7259.80,703,718
FIN-36788,LNK-38243,4401.81,4631.92,749,757
FIN-67396,LNK-34029,10743.64,"$7,622.66",721,688
FIN-65921,LNK-95861,20451.31,,809,
FIN-95064,LNK-87057,2801.66,1641.49,665,544
FIN-95735,LNK-79997,14196.38,15207.18,814,845
FIN-20953,LNK-20709,4432.16,,718,
FIN-26700,LNK-44694,8113.54,7547.73,722,698
FIN-98812,LNK-11682,3424.83,3179.66,808,803
FIN-74420,LNK-77380,20516.30,26237.68,663,692
FIN-46743,LNK-87980,19969.74,"$25,977.74",594,637
FIN-69950,LNK-19537,144634.20,11456.07,807,799
FIN-50298,LNK-46851,21638.43,,691,
FIN-44197,LNK-41662,9084.82,12601.30,665,679
FIN-87671,LNK-92551,11866.15,5612.86,625,514
FIN-32929,LNK-87787,7810.03,4809.40,647,585
FIN-82491,LNK-52374,4904.88,6115.46,798,804
FIN-21110,LNK-17901,16983.62,142607.16,607,446
FIN-63804,LNK-93908,13515.04,,674,
FIN-87357,LNK-12104,4252.26,4446.62,664,661
FIN-51858,LNK-41577,3607.14,2060.96,702,627
FIN-73536,LNK-50372,9061.10,4275.70,654,487
FIN-88003,LNK-85343,20197.83,19026.03,816,807
FIN-13122,LNK-44054,17175.42,210364.20,715,724
FIN-35180,LNK-17750,9453.73,4705.90,611,479
FIN-92920,LNK-88833,12626.52,13173.82,625,626
FIN-11255,LNK-93121,19653.11,24128.09,655,654
FIN-32644,LNK-97832,10690.83,128390.76,655,639
FIN-36845,LNK-90838,20596.64,20208.28,717,697
FIN-76563,LNK-69995,3003.71,2800.81,647,636
FIN-27313,LNK-13249,13874.20,10674.10,732,661
FIN-17301,LNK-85675,16954.21,19923.83,611,656
FIN-64124,LNK-88878,4403.98,3119.96,690,503
FIN-80817,LNK-56496,18768.89,19542.99,608,617
FIN-52185,LNK-67648,2904.53,2892.10,644,630
FIN-58713,LNK-48425,21499.24,21281.84,715,730
FIN-5374,LNK-3389,12077.30,14775.22,704,702
FIN-57416,LNK-48526,14398.95,10402.00,721,590
FIN-1768,LNK-41483,19391.39,17873.19,742,754
FIN-48879,LNK-24627,4926.30,3834.75,770,673
FIN-48688,LNK-29074,13066.94,14015.57,698,690
FIN-74297,LNK-45791,3844.19,3891.08,623,600
FIN-85028,LNK-64736,14012.75,162410.88,699,714
FIN-14273,LNK-26166,10308.74,,800,
FIN-63611,LNK-30693,6186.23,7342.42,683,724
FIN-31014,LNK-19030,13016.65,13522.71,800,810
FIN-42868,LNK-21308,5655.46,69583.08,782,761
FIN-61621,LNK-11114,19599.90,7276.84,747,658
FIN-80629,LNK-39770,11587.44,11349.50,666,680
FIN-17422,LNK-14256,19751.25,8008.39,692,598
FIN-16524,LNK-67543,11163.39,12025.32,683,680
FIN-94991,LNK-71748,10414.10,11738.20,799,792
FIN-16916,LNK-97815,9707.11,11651.31,704,706
FIN-51932,LNK-70013,18340.19,17394.68,803,795
FIN-18858,LNK-5947,18257.39,25843.03,679,708
FIN-45433,LNK-87760,14560.61,15565.75,789,777
FIN-4210,LNK-45140,20195.41,25228.25,604,646
FIN-52537,LNK-82006,20363.54,19671.21,610,588
FIN-92420,LNK-18176,15082.66,14654.59,654,661
FIN-77997,LNK-79282,21234.80,29530.39,773,814
FIN-74045,LNK-50377,7243.62,2554.22,690,515
FIN-81262,LNK-21218,18389.03,294774.84,580,615
FIN-25638,LNK-22266,16169.21,20188.87,589,603
FIN-49626,LNK-24703,19354.30,,739,
FIN-99319,LNK-91812,8226.94,11855.11,742,785
FIN-35468,LNK-82885,"$17,153.47",18406.94,700,690
FIN-52530,LNK-22697,15373.19,14536.41,696,698
FIN-40617,LNK-95526,4980.78,5128.71,776,754
FIN-53513,LNK-58366,14907.08,10948.00,809,778
FIN-28345,LNK-6726,21057.25,24876.22,703,706
FIN-78664,LNK-54852,12552.50,,704,
FIN-71138,LNK-48749,5870.34,2914.48,580,503
FIN-91958,LNK-89652,8842.89,"$8,659.60",615,624
FIN-79114,LNK-95317,8936.38,8301.66,628,624
FIN-59701,LNK-32133,11787.81,6447.59,710,641
FIN-3041,LNK-59222,21621.68,22381.22,611,599
FIN-14320,LNK-81031,14749.35,20662.31,742,749
FIN-39793,LNK-38346,3270.65,,606,
FIN-87851,LNK-99617,16493.15,20567.71,741,733
FIN-83364,LNK-99112,16911.55,16454.86,728,741
FIN-85657,LNK-59841,6886.55,7655.16,684,718
FIN-43946,LNK-31671,17864.20,18069.27,814,826
FIN-48267,LNK-70993,7141.62,7269.31,590,601
FIN-64700,LNK-32348,15748.20,6955.11,592,498
FIN-1642,LNK-41562,9845.78,10336.02,692,672
FIN-31248,LNK-62474,18725.21,21186.34,632,661
FIN-79551,LNK-26430,14620.48,7176.05,788,615
FIN-95024,LNK-49213,19956.86,19277.26,628,630
FIN-32108,LNK-89907,21384.08,22045.59,601,595
FIN-33838,LNK-75766,21399.59,27572.78,782,789
FIN-87692,LNK-58749,10877.69,13023.47,773,797
FIN-18343,LNK-61513,21850.87,26277.63,639,679
FIN-63316,LNK-37932,21592.71,21998.20,728,733
FIN-92175,LNK-51052,17796.27,18291.12,591,574
FIN-13983,LNK-66916,8198.87,9298.15,788,792
FIN-95935,LNK-70135,12882.95,,725,
FIN-71910,LNK-55874,67048.44,3781.68,748,597
FIN-52789,LNK-22241,7763.31,3801.31,778,727
FIN-53105,LNK-27174,20634.44,19984.74,590.0,596
FIN-98958,LNK-80254,10263.01,12681.42,702,738
FIN-77440,LNK-19140,10834.53,128211.36,587,584
FIN-20780,LNK-33768,21914.85,20364.62,722,730
FIN-48463,LNK-7839,5626.89,,724.0,
FIN-43225,LNK-85040,173845.80,18352.36,655,674
FIN-17533,LNK-63991,14913.37,"$13,957.19",757,757
FIN-80211,LNK-49655,2861.07,2918.44,783,784
FIN-85993,LNK-73684,10552.29,11371.48,624,631
FIN-8177,LNK-94244,4106.01,,679,
FIN-44157,LNK-68621,17680.66,24601.01,709,742
FIN-4126,LNK-17341,4015.28,4997.17,592,601
FIN-82413,LNK-38363,5937.87,3873.83,676,568
FIN-23758,LNK-11993,3246.16,3025.46,695,708
FIN-52043,LNK-22012,14920.88,9325.79,781,707
FIN-8024,LNK-36755,11303.02,10473.45,595,603
FIN-1929,LNK-59893,13528.28,8059.21,797,695
FIN-7279,LNK-68286,7762.79,,721,
FIN-88400,LNK-58340,18542.57,26125.60,716,721
FIN-11512,LNK-13021,10796.36,13664.68,814,848
FIN-15560,LNK-30102,203227.32,6383.81,605,470
FIN-88454,LNK-60130,21919.84,26719.03,688,725
FIN-99283,LNK-46820,8514.77,8705.46,806,817.0
FIN-8259,LNK-4495,15928.03,,707,
FIN-11900,LNK-55381,16292.00,15439.55,744,740
FIN-43821,LNK-7980,18946.32,17814.76,768,776
FIN-56591,LNK-52964,3243.99,3510.38,781,791
FIN-10673,LNK-66799,21048.77,13350.88,692,553
FIN-55431,LNK-50015,8247.14,6488.09,795,727
FIN-10229,LNK-31903,10243.79,5800.17,734,614
FIN-77732,LNK-51615,7639.00,7163.81,719,704
FIN-61250,LNK-11696,16670.31,10705.27,737,669
FIN-26234,LNK-50140,5389.36,5669.53,815,818
FIN-74642,LNK-30430,198332.04,"$17,577.19",775,757
FIN-34806,LNK-4694,137054.40,11213.23,609,622
FIN-34079,LNK-42770,12126.96,16820.09,667,697
FIN-98908,LNK-13987,20136.81,23565.69,647,658
FIN-82721,LNK-94677,10900.69,11092.77,726,739
FIN-83155,LNK-86191,11693.90,7874.41,700,667
FIN-68406,LNK-44947,11122.33,5466.57,778,654
FIN-11734,LNK-20142,12721.87,13585.24,639,649
FIN-19260,LNK-19035,13120.90,150815.04,614,601
FIN-12497,LNK-6020,15595.05,15321.27,619,616
FIN-31276,LNK-38601,7655.38,7948.91,627,638
FIN-1158,LNK-62925,11070.01,5003.59,682,587
FIN-89157,LNK-92235,15115.36,11506.75,631,566
FIN-97975,LNK-19191,4320.68,4508.73,621,622
FIN-73881,LNK-93476,7250.84,7421.99,588,566
FIN-68108,LNK-62487,5654.00,5981.28,798,797
FIN-19341,LNK-59799,3498.41,,734,
FIN-86871,LNK-81654,20215.83,7502.71,607,527
FIN-26325,LNK-1688,18823.00,18290.16,666,660
FIN-70580,LNK-11384,7573.47,51216.96,712,590
FIN-40708,LNK-3490,5301.63,6607.77,656,701
FIN-88295,LNK-34544,16064.91,16895.46,745,755
FIN-50213,LNK-29266,16510.40,16972.12,726,733
FIN-76099,LNK-20597,11588.78,13083.76,707,746
FIN-82853,LNK-72932,5830.64,5734.40,790,790
FIN-7715,LNK-96320,4834.96,5191.04,716.0,749
FIN-90181,LNK-80807,17219.34,6940.69,706,539
FIN-90993,LNK-70176,"$20,326.84",8457.40,588,403
FIN-93915,LNK-56476,6181.96,8948.88,812,850
FIN-74489,LNK-15573,8754.14,8483.26,751,752
FIN-54068,LNK-32147,20418.18,28908.39,595,639
FIN-63661,LNK-40472,6495.30,6485.27,797,788
FIN-17758,LNK-16970,21922.59,12687.82,759,715
FIN-26774,LNK-7258,6491.12,9160.84,720,744
FIN-89323,LNK-32252,9392.55,9994.07,706,701
FIN-29580,LNK-56027,16984.49,11475.35,752,650
FIN-10643,LNK-82633,5942.09,7497.53,780,823
FIN-9042,LNK-60914,"$17,443.84",12873.62,682,562
FIN-35563,LNK-9232,3193.03,4153.72,614,642
FIN-88203,LNK-15530,11593.30,142310.88,653,642
FIN-35393,LNK-66513,16577.17,11040.40,668,594
FIN-70366,LNK-79215,21015.04,27893.08,767,775
FIN-17366,LNK-71261,3832.82,5401.28,821,840
FIN-65722,LNK-3154,15016.78,20088.68,813,842
FIN-89639,LNK-83831,17912.26,24578.99,634,666
FIN-62106,LNK-68551,4773.27,5794.89,740,780
FIN-83325,LNK-76372,4229.95,2569.85,723,607
FIN-33114,LNK-32711,6135.84,6213.34,643,622
FIN-83330,LNK-95181,7785.73,4486.48,688,589
FIN-55092,LNK-19818,21239.81,22173.74,815,801
FIN-48553,LNK-39177,14169.08,9060.62,700,654
FIN-42551,LNK-57261,4501.00,6218.66,770,776
FIN-95979,LNK-1205,15828.10,15521.43,609,593.0
FIN-55917,LNK-81584,7080.72,6814.75,594,598
FIN-10202,LNK-47244,12670.96,9300.40,635,463
FIN-80417,LNK-32531,7395.33,7571.00,641,636
FIN-19153,LNK-75798,13165.63,18649.80,799,809
FIN-17573,LNK-55600,17054.59,17575.70,793,775
FIN-70508,LNK-25551,5939.93,6219.49,626,626
FIN-72689,LNK-88080,5722.02,86128.68,616,667
FIN-18853,LNK-88584,12319.09,12483.92,776,780
FIN-19311,LNK-69614,11550.01,,587,
FIN-3751,LNK-48265,9923.72,9161.52,682,665
FIN-54826,LNK-9870,6972.41,6614.65,645,632
FIN-28960,LNK-69951,9226.44,7205.87,706,671
FIN-99389,LNK-72313,7702.42,7679.33,739,729
FIN-11696,LNK-67496,20552.51,21090.36,621,608
FIN-69979,LNK-67535,14736.94,16624.24,724,765
FIN-96320,LNK-73633,12768.23,12293.67,801,813
FIN-53118,LNK-3665,7110.99,6954.35,763,774
FIN-38673,LNK-52177,5979.11,8053.54,584,580
FIN-16933,LNK-62621,20424.43,152319.24,727,617
FIN-64005,LNK-6706,20627.55,21620.83,792,798
FIN-51384,LNK-84318,116801.40,9303.44,632,611
FIN-9274,LNK-51709,11362.64,12965.77,783,815
FIN-84633,LNK-49929,8536.18,108936.60,805,784
FIN-83535,LNK-34246,10922.01,6107.11,672,494
FIN-83231,LNK-98952,18210.46,24845.59,623,644
FIN-95081,LNK-3128,8707.69,8795.53,807,815
FIN-30274,LNK-47805,17302.49,18557.97,581,593
FIN-4808,LNK-9855,5204.54,5215.15,746,724
FIN-21387,LNK-46193,17883.04,18209.42,580,576
FIN-25849,LNK-32604,19832.76,23863.38,733,736
FIN-55193,LNK-97068,"$13,480.74",14358.31,755,740
FIN-35314,LNK-87127,20570.05,21147.73,783,782
FIN-16252,LNK-83346,6236.53,8235.52,701,711
FIN-91476,LNK-14587,4272.85,4765.97,646,684
FIN-83285,LNK-77271,13149.94,8486.29,693,586
FIN-58194,LNK-97362,6502.05,4795.27,656,530
FIN-80632,LNK-44583,7938.99,8701.27,760,786
FIN-32291,LNK-18486,7987.19,10222.61,774,812
FIN-56516,LNK-6811,6175.57,70579.44,651.0,626
FIN-67419,LNK-47176,20998.81,23233.98,706,724
FIN-25808,LNK-72567,4229.68,4469.06,638,653
FIN-42532,LNK-45374,9163.13,8516.27,752,734
FIN-83008,LNK-85252,5796.25,4396.73,782,599
FIN-80886,LNK-23949,4521.22,4487.17,584,589
FIN-78470,LNK-90742,4823.95,5010.59,686,688
FIN-9666,LNK-61899,4281.70,4214.85,697.0,696
FIN-55241,LNK-92146,21397.69,"$22,934.83",649,654
FIN-61613,LNK-63722,2828.22,2246.34,680,585
FIN-57956,LNK-83802,10067.01,9857.84,796,796
FIN-36902,LNK-24891,11593.25,10924.12,744,749
FIN-2959,LNK-18675,8576.52,10163.39,690,713
FIN-32957,LNK-9270,38441.16,4294.57,641,646
FIN-20312,LNK-94853,17841.69,21775.61,759,760
FIN-30534,LNK-60988,16297.10,17245.76,794,775
FIN-76681,LNK-5847,21054.84,22233.12,809,813.0
FIN-88349,LNK-39462,18838.54,8321.51,804,689
FIN-9876,LNK-27422,14251.09,19007.20,597,627
FIN-94456,LNK-6741,10822.93,10065.17,727,726
FIN-75916,LNK-27144,19458.99,20575.52,592,594
FIN-97229,LNK-6492,10428.31,5684.05,802,729
FIN-30899,LNK-42365,13862.66,13018.98,748,759
FIN-87322,LNK-41642,15876.18,15700.25,631,612
FIN-24551,LNK-68552,21592.08,19976.23,818,832
FIN-45995,LNK-53196,3734.86,3804.11,791,770
FIN-19338,LNK-72176,5671.83,7115.36,584,606
FIN-70947,LNK-63049,12209.69,12624.13,695,706
FIN-20553,LNK-34202,20201.40,"$14,140.13",696,595
FIN-84239,LNK-5799,21735.22,27498.46,690,691
FIN-53732,LNK-99735,7669.80,8208.30,639,614
FIN-60534,LNK-85790,"$20,944.70",20744.55,810,805
FIN-14329,LNK-26048,18435.97,"$18,008.06",609,596
FIN-23912,LNK-38501,18195.75,18056.96,618,598
FIN-50877,LNK-47789,9088.57,,596,
FIN-79971,LNK-7265,5860.11,6279.65,772,772
FIN-32509,LNK-86948,14495.22,19834.19,788,785
FIN-61436,LNK-44506,11428.10,133320.48,725,717
FIN-77437,LNK-36811,6019.28,6841.79,607,620
FIN-35083,LNK-17315,10639.61,11462.51,601,590
FIN-80300,LNK-49237,15350.30,15017.70,711,690
FIN-82869,LNK-58272,10119.18,9347.59,650,653
FIN-75405,LNK-53431,8634.19,10037.84,647,640
FIN-43058,LNK-98426,15901.20,15465.15,734,723
FIN-22681,LNK-58637,20229.47,20438.67,603,618
FIN-25444,LNK-51678,14747.20,18044.76,795,819
FIN-42028,LNK-45438,3205.29,3458.36,825,803
FIN-25249,LNK-25486,18675.81,19848.77,793,786
FIN-81596,LNK-66038,4349.83,5309.65,764,778
FIN-55325,LNK-91710,11956.62,11291.09,735,727
FIN-34719,LNK-66211,2837.61,3511.59,722,713
FIN-34834,LNK-49148,12762.47,,651,
FIN-40489,LNK-69062,14763.06,15263.09,730,725
FIN-90626,LNK-35959,6191.48,6583.97,595,597
FIN-69188,LNK-11828,4038.40,5637.36,603,621
FIN-37493,LNK-96300,13521.01,14111.99,755,749
FIN-33546,LNK-56640,14966.42,14401.21,825,806
FIN-98909,LNK-11345,14124.08,19710.69,818,821
FIN-83548,LNK-57440,9767.62,9045.44,582,565
FIN-57256,LNK-79964,18348.34,17650.68,739,722
FIN-93205,LNK-24652,11306.88,15026.20,701,694
FIN-96636,LNK-72496,13883.30,15496.12,709,710
FIN-72057,LNK-39504,15447.44,15127.94,630,622
FIN-58017,LNK-43101,17926.52,10489.96,581,421
FIN-67492,LNK-14447,15240.71,15010.03,650,631
FIN-15806,LNK-11494,9916.63,11248.32,719,757
FIN-16223,LNK-43981,21667.28,24903.66,811,814
FIN-10749,LNK-87628,3067.35,3968.90,642,639
FIN-41515,LNK-39750,20026.78,22226.95,763,767
FIN-30171,LNK-41173,7306.77,"$7,952.70",632,658
FIN-29938,LNK-59447,17049.56,23943.37,663,680
FIN-7072,LNK-79986,2924.56,2794.80,584,559
FIN-56847,LNK-95065,7773.35,,764,
FIN-34751,LNK-56851,19950.46,,808,
FIN-4186,LNK-22842,231264.60,19331.85,627,625
FIN-80298,LNK-91408,12814.09,16409.93,802,883
FIN-93737,LNK-59183,3247.32,3378.60,741,756
FIN-69123,LNK-47077,12527.49,11961.42,584,592
FIN-4214,LNK-59606,9559.56,6255.75,687,533
FIN-43005,LNK-6551,20791.94,29915.11,697,710
FIN-74653,LNK-96265,4019.51,4244.68,742,745
FIN-66494,LNK-47210,21773.54,"$21,079.37",604,597
FIN-63770,LNK-81589,11321.50,15316.27,797,831
FIN-12163,LNK-58008,16174.61,16785.65,602,592
FIN-44770,LNK-36986,21761.92,21666.30,714,690
FIN-42584,LNK-84816,16053.66,18449.98,627,651
FIN-93075,LNK-8518,13374.53,18312.91,760,759
FIN-46576,LNK-10835,17710.88,"$24,751.90",679,720
FIN-78834,LNK-88973,11495.70,15956.21,774,805
FIN-89449,LNK-84560,17385.59,16796.28,609,594
FIN-87497,LNK-54242,20593.82,8774.30,583,531
FIN-91996,LNK-48619,15410.61,20937.54,792,798
FIN-8312,LNK-68251,18159.66,10979.33,776,675
FIN-84926,LNK-99290,12741.89,,805,
FIN-51941,LNK-90051,16794.73,17594.01,631,644
FIN-92566,LNK-5081,9325.49,4876.77,797,742
FIN-22875,LNK-19714,16632.48,15489.77,617,692
FIN-64108,LNK-80635,16828.17,11145.42,704.0,643
FIN-70552,LNK-89878,12311.01,16620.85,642,658
FIN-63771,LNK-58432,14972.36,15208.32,764,747
FIN-80921,LNK-5561,8866.79,5422.68,737,623
FIN-7832,LNK-17545,6913.74,4064.69,737,696
FIN-23509,LNK-9812,18600.53,26548.49,807,829
FIN-47704,LNK-31932,12764.64,11806.89,597,577
FIN-76645,LNK-85562,2869.61,1773.79,624,486
FIN-13840,LNK-49015,"$3,292.81",4002.73,587,609
FIN-91190,LNK-48467,21645.94,25206.30,780,819
FIN-20915,LNK-51181,18202.59,19016.82,795,782
FIN-3072,LNK-75349,19290.56,24069.61,706,750
FIN-94485,LNK-5244,19388.62,22092.58,821,815
FIN-96647,LNK-80310,4257.72,4563.97,657,661
FIN-35923,LNK-21111,102037.80,8872.04,700,711
FIN-52140,LNK-90006,9125.44,11452.84,781,787
FIN-31851,LNK-59972,13462.22,14454.68,596,604
FIN-62336,LNK-49623,11872.46,12059.35,762,751
FIN-23059,LNK-49760,5862.19,5973.92,692,686
FIN-16234,LNK-59188,6970.31,3106.18,614,442
FIN-55061,LNK-11077,4975.87,5258.42,625,660
FIN-24406,LNK-76225,5498.68,6930.28,721,716
FIN-95958,LNK-19047,13034.80,,686,
FIN-53014,LNK-70397,7824.88,7362.01,696,681
FIN-52808,LNK-49096,4517.07,4928.89,727,739
FIN-96007,LNK-53171,20736.37,15645.41,597,524
FIN-3947,LNK-42207,18907.10,20339.77,681,726
FIN-29359,LNK-86139,5797.14,5350.07,635,638
FIN-20104,LNK-37528,74294.88,8117.15,723,767
FIN-25937,LNK-33717,"$14,257.68",10543.70,773,653
FIN-43467,LNK-15869,10240.30,11719.90,683,657
FIN-67678,LNK-4396,12310.36,13697.59,741,778
FIN-39922,LNK-97426,3732.46,5346.26,581,598
FIN-10497,LNK-25385,20004.09,28105.10,669,673
FIN-71148,LNK-66410,6770.74,5278.63,761,618
FIN-1879,LNK-68861,9048.81,4438.80,793,750
FIN-23965,LNK-51723,20816.54,19269.44,808,806
FIN-82590,LNK-74619,18354.61,20010.16,636,668
FIN-42874,LNK-16435,14160.30,13152.34,801,813
FIN-46180,LNK-35311,18678.95,14736.92,702,591
FIN-87231,LNK-35116,227706.84,19375.62,687,688
FIN-82163,LNK-93279,7340.83,5196.65,637,579
FIN-78258,LNK-59493,9748.55,9313.82,605,617.0
FIN-75419,LNK-29124,12483.91,13246.25,721,730
FIN-65186,LNK-81199,5518.97,5395.86,603,597
FIN-62395,LNK-38431,7430.43,3909.13,581,395
FIN-30802,LNK-91961,7708.95,8307.65,802,800
FIN-95566,LNK-65382,15769.97,18390.65,800,837
FIN-60686,LNK-27237,5897.66,,745,
FIN-75874,LNK-17074,6901.29,3580.98,669,505
FIN-26633,LNK-18790,13312.91,13112.62,584,597
FIN-79858,LNK-10706,12142.80,12058.16,667,649
FIN-48055,LNK-60250,204782.04,20579.80,811,830
FIN-65076,LNK-23630,9602.93,5094.92,806,716
FIN-76873,LNK-94502,15508.03,21912.70,740,748
FIN-42398,LNK-59341,16880.68,20059.49,717,754
FIN-46384,LNK-12506,13515.49,,824,
FIN-9840,LNK-90381,19854.65,21347.20,722,728
FIN-74967,LNK-42889,"$3,373.63",3526.39,666,655
FIN-85344,LNK-88535,10030.62,9633.44,781,765
FIN-20142,LNK-46537,16445.34,18024.08,812,839
FIN-34404,LNK-94000,20803.11,19353.30,655,653
FIN-95347,LNK-9511,9618.50,13796.55,592,591
FIN-60171,LNK-73089,20036.48,26799.99,669,678
FIN-36315,LNK-72063,21498.54,22934.26,614,617
FIN-90415,LNK-39058,14195.26,,589,
FIN-12185,LNK-40315,12797.59,6341.60,745,688
FIN-10632,LNK-21644,16427.50,241835.40,618,661
FIN-9439,LNK-94298,2915.79,,780,
FIN-63846,LNK-94003,6130.44,3036.71,814,675
FIN-89527,LNK-92779,4341.02,4058.55,687,673
FIN-29386,LNK-84584,13283.00,15787.79,817,811
FIN-52316,LNK-23818,7905.35,,694,
FIN-60775,LNK-48381,17610.10,16665.42,609,612
FIN-2553,LNK-67683,6719.99,8698.30,683,712
FIN-29628,LNK-30391,4783.80,6859.14,807,831
FIN-94124,LNK-16907,14032.82,20210.63,691,687
FIN-70167,LNK-27342,3969.41,4775.63,678,685
FIN-56796,LNK-19202,18864.99,22645.71,698,723
FIN-20453,LNK-65752,10142.36,9408.44,646,643
FIN-47549,LNK-4445,15865.60,17131.64,821,815
FIN-52504,LNK-48303,21696.64,27818.12,619,613
FIN-86581,LNK-73616,3099.78,3290.30,711,713
FIN-61688,LNK-76009,5569.68,5422.59,793,774
FIN-57503,LNK-49353,12951.28,,665,
FIN-14641,LNK-62263,6364.63,8895.27,718,756
FIN-14554,LNK-73305,18791.31,13025.18,611,565
FIN-48810,LNK-18009,12958.65,14569.03,799,802
FIN-73825,LNK-81209,17610.32,,666,
FIN-39228,LNK-12300,11114.83,10252.27,751,760
FIN-96719,LNK-9617,45830.04,3835.85,584,565
FIN-22019,LNK-41539,15037.06,14800.91,616,595
FIN-27907,LNK-53187,15216.46,"$17,976.01",796,817
FIN-28262,LNK-94969,13909.88,7084.27,704,589
FIN-5014,LNK-95223,17382.69,17957.47,586,588
FIN-2889,LNK-63739,21776.02,10653.53,710,636
FIN-72177,LNK-69903,11839.83,11470.78,609,624
FIN-6631,LNK-54843,18178.92,17959.64,660,673
FIN-48381,LNK-54665,14798.69,14041.13,684,673
FIN-53156,LNK-76353,11936.66,5598.44,638,573
FIN-33669,LNK-10666,6460.58,8374.98,726,758
FIN-5203,LNK-17426,9068.12,8808.62,786,767
FIN-98401,LNK-42553,7898.74,9267.41,585,603
FIN-67606,LNK-85192,15316.04,16417.14,779,786
FIN-92675,LNK-10720,18364.67,,771,
FIN-20156,LNK-59979,9601.07,10414.28,606,626
FIN-76764,LNK-62057,5874.74,6218.48,689,679
FIN-22774,LNK-90143,16794.62,16121.18,591,570
FIN-83349,LNK-68811,4244.71,4784.26,599,601
FIN-34127,LNK-46156,15740.13,21594.15,771,796
FIN-84557,LNK-17821,5187.24,4147.01,698,605
FIN-74219,LNK-73260,6075.05,5837.24,717,722
FIN-68014,LNK-84859,17202.15,242511.96,651,693
FIN-62123,LNK-78042,20689.41,25179.50,658,676
FIN-30251,LNK-24850,21804.55,8590.36,681,622
FIN-23450,LNK-17912,14175.11,,743,
FIN-15500,LNK-57704,19469.00,19794.27,637,647
FIN-6153,LNK-66911,5191.85,5080.46,709,690
FIN-62827,LNK-8263,20117.89,11834.99,592,469
FIN-90515,LNK-17274,12558.50,13062.96,751,734
FIN-94862,LNK-68908,21001.68,23602.39,714,754
FIN-69781,LNK-21056,4059.56,4184.58,588,597
FIN-27571,LNK-40862,17470.74,16636.66,647,658
FIN-11908,LNK-22581,4598.82,2543.79,614,462
FIN-23513,LNK-22229,6667.31,7019.11,666,656
FIN-84450,LNK-43291,2863.08,3607.09,769,773
FIN-58852,LNK-93973,4949.34,2369.76,685,560
FIN-31084,LNK-30552,16726.81,17236.48,684,694
FIN-94882,LNK-46353,6706.53,6951.25,746,729
FIN-56936,LNK-69012,5898.21,6082.79,722,703
FIN-47287,LNK-38230,"$9,784.55",12853.62,627,640
FIN-39090,LNK-11336,13070.63,5603.48,631,542
FIN-72403,LNK-33847,10635.31,12206.58,659,653
FIN-46735,LNK-26729,11892.37,11709.06,619,626
FIN-20575,LNK-84238,14278.68,6024.73,813,687
FIN-25103,LNK-36972,4162.34,3849.52,730,710
FIN-1349,LNK-17406,157330.92,7602.07,642,565
FIN-62857,LNK-82922,7050.76,6857.78,742,753
FIN-18528,LNK-81534,17331.19,10403.41,619,476
FIN-1862,LNK-70924,15207.96,14657.78,726,723
FIN-9395,LNK-13245,8880.67,10822.85,712,748
FIN-81895,LNK-66873,20971.30,22378.37,622,652
FIN-59876,LNK-85015,12624.25,8276.50,667,587
FIN-3949,LNK-23103,15702.95,254572.20,639,632
FIN-73143,LNK-78569,10265.01,9549.77,727,719
FIN-39656,LNK-77106,3518.21,2345.55,599,447
FIN-19052,LNK-21210,21910.31,,807,
FIN-72404,LNK-23439,13587.35,14963.26,720,738
FIN-62598,LNK-87341,9130.75,9592.81,719,729
FIN-34211,LNK-82851,4148.30,5688.12,613,654
FIN-89266,LNK-95454,21402.15,11497.38,774,632
FIN-10090,LNK-80316,15283.07,14222.47,641,642
FIN-58259,LNK-45252,19308.40,9883.59,701,585
FIN-90375,LNK-74874,10727.39,10975.26,825,826
FIN-94909,LNK-6399,16400.61,20340.87,793,836
FIN-21993,LNK-4718,17796.28,22296.61,670,674
FIN-65232,LNK-11646,11495.42,16158.86,672,698
FIN-81356,LNK-6958,14500.18,18154.81,685,679
FIN-92512,LNK-85076,15877.90,22463.99,629,647
FIN-57345,LNK-76598,13193.47,12488.83,774,788
FIN-28438,LNK-35688,10044.73,9672.95,663,638
FIN-83474,LNK-86344,18786.00,19208.10,619,601
FIN-52846,LNK-28631,18390.63,9191.45,825,785
FIN-43761,LNK-75991,20329.33,27517.98,765,755
FIN-9679,LNK-55602,11212.64,,730,
FIN-21579,LNK-82016,18813.48,19775.04,824,800
FIN-82881,LNK-84753,12224.26,5140.84,736,686
FIN-96861,LNK-4969,12640.14,12274.13,610,585
FIN-96769,LNK-66278,17712.62,12779.40,698,508
FIN-43891,LNK-83203,19080.88,21614.65,782,785
FIN-47331,LNK-72509,7310.29,6763.22,753,758
FIN-44518,LNK-38967,14090.62,14996.43,596,596
FIN-12976,LNK-85136,9797.27,113829.12,676,664.0
FIN-90709,LNK-40596,13460.69,17824.57,750,771
FIN-93979,LNK-64300,17285.95,20876.55,803,814
FIN-3553,LNK-33096,11993.82,12234.76,824,817
FIN-3401,LNK-90783,13787.09,5003.43,690,597
FIN-48635,LNK-54227,10633.99,14032.81,597,629
FIN-11585,LNK-39985,21681.75,21355.22,785,770
FIN-5241,LNK-60446,16117.49,16022.13,731,711
FIN-68275,LNK-10564,8432.35,8689.33,804,803
FIN-16050,LNK-91257,21522.21,20945.07,782,780
FIN-82060,LNK-8852,17877.95,16992.74,778,764
FIN-40790,LNK-21719,9956.26,9995.91,620,635
FIN-91260,LNK-58619,195900.60,20983.47,676,712
FIN-71486,LNK-55476,195848.64,21875.58,755,752
FIN-34545,LNK-64471,17349.73,16062.23,607,600
FIN-94061,LNK-61875,6504.89,111239.16,714,732
FIN-17894,LNK-27741,4821.72,5815.65,812,838
FIN-17884,LNK-45589,19438.31,20576.44,620,633
FIN-57265,LNK-19830,3222.78,3115.12,635,614
FIN-23664,LNK-41970,4427.52,4777.21,762,757
FIN-28261,LNK-95157,11238.90,10394.73,590,595
FIN-91450,LNK-42853,10500.65,14606.82,722,743
FIN-7246,LNK-97233,91094.28,"$7,238.64",678,684
FIN-2686,LNK-46268,12916.11,13324.86,745,743
FIN-28499,LNK-53260,17920.03,17163.50,704,708
FIN-55832,LNK-18139,10089.19,9865.24,728,715
FIN-2407,LNK-49567,16614.65,12321.83,678,610
FIN-60217,LNK-68499,4327.65,4198.59,779,782
FIN-18647,LNK-74616,5070.78,3685.79,658,553
FIN-17908,LNK-14917,3259.11,2174.44,806,687
FIN-32539,LNK-42827,6704.85,8457.02,676,719
FIN-43236,LNK-32685,10550.70,9911.04,752,751
FIN-6018,LNK-62141,7975.09,7881.22,709,722
FIN-21124,LNK-17059,10304.28,12960.16,702,725
FIN-98756,LNK-36058,13645.03,10634.30,611,559
FIN-86746,LNK-59929,9012.20,6093.83,739,622
FIN-70330,LNK-33495,15990.38,18455.53,651,652
FIN-31266,LNK-19465,11492.44,11074.47,765,749
FIN-1369,LNK-13689,10709.72,5358.29,697,548
FIN-93456,LNK-7632,8123.50,4004.26,603,570
FIN-25956,LNK-39038,5179.01,5425.82,641,644
FIN-88774,LNK-51351,21646.37,22997.02,660,676
FIN-36614,LNK-81658,14287.94,18865.59,584,609
FIN-90496,LNK-55805,9943.90,9878.75,808,813
FIN-19657,LNK-33541,4841.19,4974.69,635,648
FIN-84852,LNK-21932,21714.46,23272.97,794,808
FIN-36999,LNK-43917,21996.49,22952.25,777,777
FIN-26885,LNK-76718,4566.22,6215.00,597,620
FIN-60886,LNK-95519,10601.56,14247.74,797,820
FIN-44370,LNK-41988,10552.08,10090.26,723,723
FIN-27831,LNK-25881,13055.49,13971.37,616,617
FIN-76276,LNK-21885,15948.92,15748.29,586,600
FIN-16037,LNK-66308,10412.93,,704,
FIN-57982,LNK-68466,8805.80,8480.37,824,814
FIN-76120,LNK-62186,21343.52,20617.04,613,594
FIN-19552,LNK-66373,10101.58,5994.21,588,417
FIN-74433,LNK-41441,19389.51,20620.30,814,821
FIN-4949,LNK-66191,2975.71,1944.18,621,435
FIN-80448,LNK-4037,19283.05,18631.55,670,670
FIN-15661,LNK-12802,14684.63,13599.96,600,613
FIN-55466,LNK-52543,6994.79,,614,
FIN-93990,LNK-67249,96357.24,11411.43,743,762
FIN-52956,LNK-60930,16038.61,17773.29,688,711
FIN-29981,LNK-32552,19035.64,21316.52,694,736
FIN-17248,LNK-29199,21133.11,22316.63,785,775
FIN-56315,LNK-77460,18716.13,,659,
FIN-56872,LNK-47254,13387.09,13002.57,680,679
FIN-81244,LNK-7377,19481.10,27816.25,806,832
FIN-51529,LNK-7624,20347.52,21796.67,686,694
FIN-74158,LNK-37877,6905.07,6422.26,746,752
FIN-62767,LNK-65866,15632.63,15303.97,615,603
FIN-96274,LNK-79317,21983.95,23367.04,672,665.0
FIN-89612,LNK-86755,4020.11,5507.89,636,674
FIN-2212,LNK-89148,8184.57,10083.26,624,641
FIN-28045,LNK-62680,15757.43,9783.74,790,731
FIN-1188,LNK-38453,16342.93,16608.64,808,802
FIN-34323,LNK-71345,18685.21,22158.05,788,818
FIN-49996,LNK-2071,6259.22,6723.91,690,673
FIN-37496,LNK-15089,13032.63,17886.52,745,735
FIN-34124,LNK-57482,21803.02,15074.07,780,719
FIN-9424,LNK-18555,16462.82,22862.33,642,679
FIN-3472,LNK-96355,17672.68,"$17,031.40",602,609
FIN-52057,LNK-48943,8892.00,9428.28,806,789
FIN-14053,LNK-53855,3794.38,4057.72,776,768
FIN-58133,LNK-48964,9545.37,5065.56,585,555
FIN-52244,LNK-6930,4886.07,61280.76,669,681
FIN-35590,LNK-53505,15072.20,6892.22,580,449
FIN-77059,LNK-7705,13074.78,12505.56,775,788
FIN-61857,LNK-75747,8012.13,8822.04,584,618
FIN-1561,LNK-74638,15717.02,12501.64,779,642
FIN-90885,LNK-26513,9614.48,13771.16,723,744
FIN-72643,LNK-48516,19705.90,18725.17,586,563
FIN-38669,LNK-38827,8014.08,10442.19,822,823
FIN-39030,LNK-10637,5853.92,5409.12,664,662
FIN-97256,LNK-51639,9859.66,10535.58,677,661
FIN-44422,LNK-67093,8589.44,8430.79,668,671
FIN-73393,LNK-60028,7017.09,8011.94,642,670
FIN-4600,LNK-73070,8354.28,5098.27,669,499
FIN-14087,LNK-37663,12488.01,12377.96,692,700
FIN-44148,LNK-82689,17876.08,18892.51,753,764
FIN-96534,LNK-90181,6258.11,7847.02,734,752
FIN-86968,LNK-81090,3032.65,3864.63,723,740
FIN-13449,LNK-16572,14918.32,15555.33,713,706
FIN-65199,LNK-17864,18034.62,19064.22,695,733
FIN-54374,LNK-13672,19486.85,9621.08,771,677
FIN-40232,LNK-52629,2868.05,2710.44,605,614
FIN-19704,LNK-49915,12545.43,12449.08,664,642
FIN-77035,LNK-45444,13401.60,5487.57,704,601
FIN-55116,LNK-74116,15529.81,7197.10,738,724
FIN-91871,LNK-48920,19824.04,22465.85,585,615
FIN-23276,LNK-99954,7786.28,7761.38,706,693
FIN-68597,LNK-19909,3595.52,,791,
FIN-1470,LNK-27090,11971.17,12113.21,600,609
FIN-77853,LNK-79966,17180.80,6535.67,594,454
FIN-17986,LNK-67731,12175.31,7993.19,746,574
FIN-39760,LNK-53610,14672.99,15677.35,808,810
FIN-13568,LNK-66546,15061.53,18315.48,687,694
FIN-16599,LNK-6938,"$21,827.41",22082.84,668.0,654
FIN-48010,LNK-6100,10869.76,7233.31,586,535
FIN-1795,LNK-18961,21111.03,28600.18,629,619
FIN-42661,LNK-94531,4244.52,4336.57,714,703
FIN-3380,LNK-44652,9146.17,13023.77,595,638
FIN-80932,LNK-63094,8467.96,10189.28,676,711
FIN-54470,LNK-69069,6847.27,3560.61,785,670
FIN-81645,LNK-60898,19260.67,18945.79,615,603
FIN-76123,LNK-20521,21832.23,22668.79,651,656
FIN-93416,LNK-80463,10110.97,10864.47,696,727
FIN-55486,LNK-68568,20231.43,21479.45,622,601
FIN-13938,LNK-19321,13232.97,,786,
FIN-96788,LNK-43987,15485.50,16253.46,792,801
FIN-95219,LNK-81356,200966.04,20639.88,768,780
FIN-26577,LNK-42750,8011.34,8239.51,769,765
FIN-17012,LNK-52505,9911.00,12189.98,585,589
FIN-44240,LNK-81805,7118.44,7540.63,661,676
FIN-22289,LNK-97904,16775.96,16746.98,734,714
FIN-93844,LNK-40221,3198.00,3258.37,738,750
FIN-44439,LNK-78820,6974.93,8671.46,652,676
FIN-49821,LNK-45089,10522.53,7333.26,717,528
FIN-21944,LNK-67494,18916.65,20057.63,586,577
FIN-92505,LNK-67809,13255.74,,588,
FIN-92267,LNK-70774,10338.87,12301.24,647,665
FIN-22318,LNK-65205,18398.83,22514.03,654,649
FIN-18453,LNK-93895,21010.78,19798.88,600,581
FIN-87593,LNK-74783,18517.07,24143.71,593,595
FIN-73440,LNK-40294,9499.99,5354.34,825,679
FIN-7290,LNK-63245,21167.81,29555.13,719,758
FIN-43516,LNK-3180,17829.18,20562.29,818,850
FIN-66957,LNK-49281,21789.57,16343.53,711,630
FIN-72859,LNK-44416,4318.23,2225.19,585,472
FIN-26310,LNK-89317,19691.05,15589.56,754,682
FIN-60772,LNK-15366,5235.91,2881.58,759,672
FIN-85924,LNK-55596,2815.19,2632.65,797,801
FIN-59334,LNK-77507,20085.78,28424.27,612,607
FIN-84356,LNK-41327,20696.53,21783.09,695,677
FIN-40866,LNK-96069,11478.40,6057.40,685,629
FIN-31803,LNK-91183,8062.58,11147.22,605,613
FIN-46854,LNK-83478,87796.80,10140.27,689,714
FIN-36522,LNK-4492,77705.64,"$6,969.68",667,653
FIN-98015,LNK-79238,11329.75,"$11,480.10",725,740
FIN-8505,LNK-63205,16575.03,18869.68,792,818
FIN-92676,LNK-35803,10250.16,10902.10,765,765
FIN-94468,LNK-86929,15295.62,20585.45,587,583
FIN-41116,LNK-76821,16710.35,19904.95,754,738
FIN-66135,LNK-76711,18083.62,21527.80,776,772
FIN-54030,LNK-30824,20962.84,27303.43,636,635
FIN-23853,LNK-95555,15289.60,15268.34,666,678
FIN-45546,LNK-7731,16278.75,17488.59,735,732
FIN-98799,LNK-77483,14875.70,15600.09,709,702
FIN-89652,LNK-63973,5213.53,6899.33,728,761
FIN-27014,LNK-23349,20109.10,8713.93,768,708
FIN-79094,LNK-69712,16617.08,20090.75,749,792
FIN-48727,LNK-83447,6505.85,8329.28,594,606
FIN-7124,LNK-82230,15066.97,16106.13,650,661
FIN-14960,LNK-50832,7593.83,7060.73,818,862
FIN-12395,LNK-20369,14618.39,251971.08,643,651
FIN-16179,LNK-90224,8460.03,9201.45,688,707
FIN-44202,LNK-32745,4611.30,4792.20,641,617
FIN-21861,LNK-5138,8292.15,8428.41,631,614
FIN-43549,LNK-76047,7336.13,7316.20,734,749
FIN-42856,LNK-92818,19091.88,,723,
FIN-67393,LNK-15404,8793.65,9201.14,676,659
FIN-90892,LNK-26006,20190.96,21358.97,627,623
FIN-58069,LNK-3482,5308.18,7360.07,813,832
FIN-24799,LNK-58807,10526.60,10115.82,606,620
FIN-61687,LNK-42116,19449.01,20756.07,699,701
FIN-59369,LNK-55890,6296.41,7375.24,796,825
FIN-93290,LNK-20848,18126.92,19865.83,731,732
FIN-72211,LNK-55127,9917.57,9516.96,756,740
FIN-73373,LNK-91505,8503.78,8441.57,762,777
FIN-71556,LNK-27724,2936.42,2092.23,692,568
FIN-24221,LNK-54788,16417.14,20420.93,687,696
FIN-53673,LNK-66774,12739.02,7586.48,643,483.0
FIN-6292,LNK-81147,11165.59,11653.35,630,627
FIN-29973,LNK-62814,13180.64,13968.72,612,603
FIN-11807,LNK-97447,8309.20,11240.53,717,714
FIN-59345,LNK-96342,3096.94,3029.84,643,637
FIN-37223,LNK-9163,10939.22,12848.78,607,648
FIN-70667,LNK-93507,4781.47,6274.79,588,619
FIN-78012,LNK-19098,15732.79,15033.97,744,724
FIN-3448,LNK-68984,18703.63,19159.32,820,815
FIN-32189,LNK-28176,8209.23,10951.21,752,748
FIN-3604,LNK-74516,11916.66,6543.42,705,541
FIN-34387,LNK-43604,10195.38,,791,
FIN-48021,LNK-87799,14140.36,16441.19,704,730
FIN-70946,LNK-63701,7646.23,8034.63,629,620
FIN-67518,LNK-69875,21439.64,27615.12,620,620
FIN-1916,LNK-50391,3658.70,3850.78,734,748
FIN-93628,LNK-42124,9055.22,9627.28,757,783
FIN-78726,LNK-23699,10879.01,11438.50,743,738
FIN-62720,LNK-61249,21350.51,22815.32,640,650
FIN-16431,LNK-70878,8948.74,,583,
FIN-72246,LNK-45869,13928.60,10320.71,800,744
FIN-57592,LNK-72601,12619.99,5822.14,580,475
FIN-9835,LNK-47437,11556.44,9099.93,801,745
FIN-41566,LNK-89587,14888.87,19538.05,740,739
FIN-18202,LNK-90226,17310.58,17184.01,595,604
FIN-24342,LNK-85319,17460.99,16539.20,622,610
FIN-80842,LNK-91873,14134.10,14467.75,622,604
FIN-29860,LNK-35650,4126.61,5483.14,728,753
FIN-49231,LNK-80963,34200.96,4012.65,696,732
FIN-93080,LNK-64462,15532.54,20624.33,658,702
FIN-44054,LNK-26200,5769.93,5508.35,717,707
FIN-91719,LNK-33311,6015.88,6798.51,729,768
FIN-39668,LNK-37569,18544.67,19004.60,737,732
FIN-87605,LNK-74149,4498.17,4693.39,771,760
FIN-96792,LNK-40124,9701.57,12143.08,696,740
FIN-48771,LNK-30473,19930.78,19173.55,747,735
FIN-79152,LNK-40008,18467.99,,749,
FIN-24730,LNK-38880,8966.65,11166.17,633,624
FIN-6923,LNK-93392,5672.06,5465.03,729,742
FIN-43727,LNK-28168,3896.30,5145.47,790,819
FIN-97528,LNK-91471,11029.04,11253.53,620,597
FIN-47219,LNK-93404,14239.33,18454.96,767,801
FIN-74863,LNK-65094,9103.33,9163.64,787,766
FIN-54315,LNK-42555,14626.74,9241.91,711,592
FIN-59058,LNK-63888,12708.83,,730,
FIN-43097,LNK-46718,3646.94,4443.27,721,760
FIN-59316,LNK-74464,10438.38,14468.81,806,827
FIN-66001,LNK-95589,21755.97,27694.89,749,740
FIN-79588,LNK-36842,18201.59,13770.40,653,516
FIN-80595,LNK-38721,15425.84,18951.34,755,754
FIN-12568,LNK-16974,14644.63,15803.21,811,809
FIN-15021,LNK-76166,10896.03,7184.92,648,566
FIN-90210,LNK-89686,16795.25,8443.93,747,700
FIN-25689,LNK-72197,17783.63,16794.42,760,746
FIN-59879,LNK-50767,15194.02,,753,
FIN-78648,LNK-52712,21483.39,21731.40,590,590
FIN-72860,LNK-46237,11410.67,7559.40,779,697
FIN-30294,LNK-20198,20824.04,25805.47,704,704
FIN-93883,LNK-39070,13027.04,12939.66,642,620
FIN-41035,LNK-6513,13003.37,,717,
FIN-44431,LNK-94603,14665.07,19353.91,589,624
FIN-62307,LNK-11358,10817.33,128981.40,740,720
FIN-54959,LNK-46398,18543.46,20469.12,753,752
FIN-19716,LNK-58983,3095.87,3948.68,804,816
FIN-58953,LNK-86979,6924.13,8468.82,722,761
FIN-33782,LNK-34612,6394.90,6374.62,668,671
FIN-43616,LNK-98955,9658.81,67111.20,722,614
FIN-90499,LNK-63793,19634.59,20340.55,689,688
FIN-12503,LNK-29047,21380.64,20244.23,682,676
FIN-51994,LNK-27485,12594.88,55956.48,593,447
FIN-1073,LNK-36537,7814.92,7615.57,643,633
FIN-73023,LNK-74664,14736.72,14937.06,742,757
FIN-75709,LNK-92248,8294.20,8011.06,610.0,604
FIN-47746,LNK-36601,9115.66,,630,
FIN-70547,LNK-18992,14384.47,13477.45,596,604
FIN-75768,LNK-15316,10362.91,6121.04,692,595
FIN-61916,LNK-81698,9486.51,8975.80,727,735
FIN-6108,LNK-98110,15571.29,16645.21,618,611
FIN-15290,LNK-77917,15620.48,16774.62,698,678
FIN-46695,LNK-32363,2911.53,1927.71,693,620
FIN-23005,LNK-32779,18504.13,19480.62,719,733.0
FIN-24794,LNK-7653,19428.51,19750.60,692,673
FIN-16241,LNK-88796,7088.35,7394.18,700.0,691
FIN-27883,LNK-70604,6745.48,7042.87,679,687
FIN-27400,LNK-30579,6874.90,6414.55,741,721
FIN-93971,LNK-84616,12907.73,12823.89,658,653
FIN-69378,LNK-31518,3870.66,3611.35,738,739
FIN-79002,LNK-7880,5921.23,3922.30,794,748
FIN-50277,LNK-14133,15091.72,7464.04,749,575
FIN-8967,LNK-55172,10862.48,11204.71,705,699
FIN-2017,LNK-44292,20208.28,25515.17,817.0,826
FIN-68373,LNK-95025,14726.49,15830.45,693,659
FIN-26658,LNK-62918,9987.13,10862.29,623,639
FIN-36690,LNK-14178,7161.25,6865.37,801,789
FIN-61097,LNK-90285,12788.16,15210.51,815,824
FIN-57704,LNK-19018,16942.28,24492.11,663,690
FIN-90228,LNK-1679,6674.96,8859.10,594,631
FIN-99085,LNK-73135,9472.55,10240.06,606,645
FIN-10220,LNK-21701,6239.47,7225.28,633,644
FIN-18026,LNK-54334,17839.46,17880.35,685,672
FIN-89030,LNK-86575,16256.01,6418.45,645,463
FIN-67530,LNK-63350,17077.32,8899.89,779,713
FIN-84311,LNK-63580,18743.98,,754,
FIN-76729,LNK-86267,15271.41,20599.97,825,828
FIN-68661,LNK-27143,9839.49,10170.65,743,729
FIN-77901,LNK-38649,13307.83,14174.06,623,634
FIN-95570,LNK-43096,9711.74,10539.73,753,783
FIN-30790,LNK-38409,7173.05,7600.55,701,684
FIN-1921,LNK-8754,15636.15,18706.19,647,683
FIN-91027,LNK-12725,15454.87,14637.55,593,608
FIN-65991,LNK-86498,5520.86,6339.75,653,684.0
FIN-37800,LNK-76252,19643.13,20873.83,817,815
FIN-52172,LNK-31437,20014.44,10658.15,599,438
FIN-14871,LNK-71143,14565.91,7494.26,715,679
FIN-98055,LNK-97821,9784.78,9309.35,593,600
FIN-16313,LNK-95780,17238.58,18051.44,750,739
FIN-99002,LNK-5888,9826.88,9417.86,674,686
FIN-33298,LNK-55773,12895.66,6025.96,633,599
FIN-96751,LNK-24040,11224.19,,723,
FIN-76005,LNK-5763,9428.53,9747.50,633,620
FIN-80206,LNK-53034,2863.32,2970.70,612,612
FIN-99972,LNK-65930,2818.61,2970.86,644,663
FIN-76669,LNK-25420,9909.20,7068.11,583,478
FIN-78908,LNK-99173,226853.52,18369.82,732,746
FIN-17599,LNK-38941,17153.94,16668.35,818,818
FIN-62150,LNK-5910,12339.27,16469.23,614,614
FIN-14779,LNK-2214,8357.89,3828.78,595,507.0
FIN-84021,LNK-40110,4030.22,1478.00,689,643.0
FIN-44038,LNK-75443,19039.43,21866.78,774,779
FIN-92217,LNK-80007,4307.85,70881.36,796,850
FIN-52635,LNK-15064,5622.11,4083.63,720,631
FIN-7375,LNK-44914,18461.97,18620.81,753,735
FIN-29878,LNK-38298,16542.83,7930.70,664,550
FIN-28688,LNK-60552,7815.96,7404.29,641,617
FIN-69271,LNK-85058,16073.85,17235.83,586,582.0
FIN-89704,LNK-72211,11393.73,12744.11,748,781
FIN-64668,LNK-69723,186192.24,190383.60,794,800
FIN-99063,LNK-65738,16511.61,15798.98,621,634
FIN-69032,LNK-18589,10108.14,10083.39,685,671
FIN-89686,LNK-67088,19970.01,23163.59,768,789
FIN-47237,LNK-62344,8288.83,125818.68,809,850
FIN-20075,LNK-36761,11522.69,11269.93,676,655
FIN-68287,LNK-26272,2866.74,2931.84,590,603
FIN-48906,LNK-15764,7522.89,9032.64,612,633
FIN-97191,LNK-44343,20270.02,23994.51,700.0,743
FIN-85241,LNK-22298,10890.82,11644.50,779,766
FIN-74507,LNK-96829,14083.84,14786.12,751,760
FIN-81579,LNK-61150,196652.64,18488.51,765,802
FIN-68122,LNK-85972,8573.92,9538.31,651,668
FIN-52978,LNK-34720,5871.60,5552.76,715,704
FIN-68178,LNK-95188,16637.83,9567.52,817,710
FIN-86453,LNK-25405,5936.11,6405.67,678,662
FIN-14751,LNK-2846,3326.20,3435.50,815,792
FIN-72578,LNK-97549,15998.83,18714.12,623,632
FIN-34843,LNK-45185,5879.73,5555.02,787,785
FIN-31782,LNK-39669,15766.74,16584.45,725,714
FIN-76416,LNK-75420,7152.53,9352.97,588,559
FIN-62264,LNK-26318,5800.35,7694.90,630,661
FIN-52894,LNK-24002,8144.03,7748.88,667,677
FIN-92314,LNK-81079,16766.23,19175.80,763,786
FIN-32812,LNK-84719,15163.51,,600,
FIN-7704,LNK-54148,7452.34,4751.27,648,545
FIN-94292,LNK-57059,9739.04,9752.70,627,624
FIN-75510,LNK-68538,11958.40,,754,
FIN-2121,LNK-43982,12055.43,12776.78,597,607
FIN-85547,LNK-12368,18417.04,213860.76,754,758
FIN-1533,LNK-53538,16606.63,"$18,554.17",738,734
FIN-62638,LNK-88720,7592.56,,820,
FIN-32091,LNK-13502,15050.08,"$14,174.48",794,777
FIN-66069,LNK-25219,20823.32,262441.32,624,635
FIN-77989,LNK-19430,15807.76,16570.99,751,742
FIN-38298,LNK-43415,4783.43,3111.98,808,712
FIN-81671,LNK-33512,10681.21,15395.71,616,633
FIN-77335,LNK-1895,136288.68,14230.36,781,812.0
FIN-81179,LNK-35181,18686.16,25143.86,725,740
FIN-96420,LNK-51275,3479.73,3658.72,623,616
FIN-86652,LNK-31870,9038.26,9349.39,586,588
FIN-39953,LNK-59554,229519.68,21155.84,684,714
FIN-37266,LNK-99796,21780.06,20242.07,750,738
FIN-41977,LNK-35995,9428.42,12582.27,628,668
FIN-61627,LNK-44204,14486.98,15282.75,685,694
FIN-90652,LNK-40576,20278.73,21554.68,673,663
FIN-85222,LNK-77344,21005.33,23621.21,673,673
FIN-87435,LNK-95749,17609.59,17452.42,692,702
FIN-34115,LNK-76088,11149.42,14685.95,654,662
FIN-41593,LNK-2498,10740.68,12277.70,699,731
FIN-37320,LNK-35282,11635.90,4280.93,597,416
FIN-6664,LNK-86679,8451.05,9853.90,777,767
FIN-53820,LNK-48127,14435.22,13577.99,608,615
FIN-77222,LNK-91802,16555.99,17552.78,645,672
FIN-23328,LNK-31972,3849.18,5154.97,692,692
FIN-98493,LNK-9142,16004.10,21961.48,814,840
FIN-56842,LNK-88528,3390.73,3232.32,762,763
FIN-18752,LNK-16495,19852.98,7604.15,697,517
FIN-51541,LNK-62000,8070.35,8716.11,784,796
FIN-84918,LNK-41213,2979.19,2018.62,711,637
FIN-46004,LNK-21934,3546.82,3700.48,693,690
FIN-38330,LNK-54138,7931.65,7586.39,819,798
FIN-31442,LNK-90925,3203.58,3083.55,613.0,617
FIN-40022,LNK-66866,15957.75,11175.16,718,627
FIN-60234,LNK-93216,21320.61,8222.78,761,682
FIN-47485,LNK-41760,16718.23,19266.45,772,785
FIN-75454,LNK-91477,7854.30,3120.26,799,716
FIN-15303,LNK-16389,"$3,000.02",3094.83,707,693
FIN-91357,LNK-84717,9477.05,6296.97,707,568
FIN-52249,LNK-39671,4228.13,2314.56,662,480
FIN-5062,LNK-49174,21778.30,22560.95,625,619
FIN-97157,LNK-81560,13336.84,13958.16,769,783
FIN-34962,LNK-29947,14185.23,15195.80,788,778
FIN-33700,LNK-29721,4703.38,3615.98,768,734
FIN-76987,LNK-18507,17817.08,22918.33,605,644
FIN-86492,LNK-63676,7962.69,5694.13,736,675
FIN-68553,LNK-21078,18825.04,23167.38,761,758
FIN-28433,LNK-60634,14074.84,19537.60,744,745
FIN-81114,LNK-99007,11391.32,15300.74,665,700
FIN-44173,LNK-80395,20154.00,21123.08,647,662
FIN-83139,LNK-49971,16387.71,18181.50,689,695
FIN-84470,LNK-55505,12000.71,12403.61,740,753
FIN-94144,LNK-93004,18925.06,,804,
FIN-75408,LNK-72989,4145.34,5290.33,766,764
FIN-98094,LNK-62712,11791.88,13273.06,768,785
FIN-8102,LNK-71453,12355.58,12678.25,696,700
FIN-61563,LNK-88044,3022.19,1997.74,614,488
FIN-80425,LNK-29627,12463.69,16242.95,601,636
FIN-93280,LNK-33435,19819.08,20649.81,670,674
FIN-76012,LNK-90173,3851.44,3696.73,690,689
FIN-57255,LNK-99925,16441.16,15168.36,694,678
FIN-48693,LNK-79094,21369.50,28243.72,677,708
FIN-67359,LNK-11730,10502.49,13389.64,801,817
FIN-42186,LNK-69879,10926.78,4254.30,585,536.0
FIN-60040,LNK-59556,15729.44,16339.20,626,631
FIN-67503,LNK-70228,12081.42,12785.23,715,731
FIN-30224,LNK-93244,18242.54,,745,
FIN-89071,LNK-11237,10308.04,11128.35,689,664
FIN-66126,LNK-74946,9335.08,5979.27,746,565
FIN-44236,LNK-15707,20491.99,21953.80,635,627
FIN-55609,LNK-9094,14740.44,15192.89,731,738
FIN-88293,LNK-72781,9548.51,11442.06,690,698
FIN-10442,LNK-67255,4294.38,4148.66,579,580
FIN-50599,LNK-27497,10821.38,10599.42,758,744
FIN-63514,LNK-76065,17230.56,18522.64,692,692
FIN-69976,LNK-71341,60706.68,4742.86,809,803
FIN-41557,LNK-20641,13102.72,13148.58,736,711
FIN-29584,LNK-22566,18881.64,10367.94,724,557
FIN-41184,LNK-69202,17523.03,17054.37,585,562
FIN-89760,LNK-16235,18653.98,19760.68,768,749
FIN-6104,LNK-90167,11358.88,139901.16,631,599
FIN-65068,LNK-27922,3806.79,4003.67,680,657
FIN-91888,LNK-94967,20979.10,11350.22,654,606
FIN-28592,LNK-77434,19126.23,23693.43,674,718
FIN-8443,LNK-65071,18058.40,25380.04,643,649
FIN-86479,LNK-12919,21634.80,20603.04,819,802
FIN-88808,LNK-67895,12747.91,7090.22,591,407
FIN-13826,LNK-59390,13163.65,14430.92,643,673
FIN-91008,LNK-8292,19416.39,20494.62,645,626
FIN-62075,LNK-60432,10576.28,10770.07,727,731
FIN-62039,LNK-18294,16322.44,17097.63,609,609
FIN-51846,LNK-68272,13600.13,13374.35,659,651
FIN-13310,LNK-55450,3721.14,3774.71,770,770
FIN-90926,LNK-60873,11136.07,10468.15,623,627
FIN-84469,LNK-74912,19725.68,7832.96,667,545
FIN-26336,LNK-8567,17998.89,20118.25,677,668
FIN-42458,LNK-74242,6257.54,6609.39,685,682
FIN-87191,LNK-61604,14026.72,18696.44,730,740
FIN-4347,LNK-89181,150445.68,12036.01,739,750
FIN-85137,LNK-41392,19116.37,23511.52,650,662
FIN-83105,LNK-95801,14444.60,5332.84,639,587
FIN-1342,LNK-3853,11265.18,7182.11,657,532
FIN-65478,LNK-52897,16549.13,204177.12,692,681
FIN-67566,LNK-34352,15166.82,11922.97,595,536
FIN-71071,LNK-1395,9317.45,11526.97,658,676
FIN-29562,LNK-29560,83383.44,6634.89,645,631
FIN-51843,LNK-76800,3107.92,2391.91,622,556
FIN-77528,LNK-10572,18086.50,7979.73,682,512
FIN-21541,LNK-6936,17958.26,20002.98,773,815
FIN-20478,LNK-56534,10542.25,,735,
FIN-26001,LNK-46158,3178.85,"$3,880.99",661,683
FIN-26869,LNK-92800,11358.96,15133.23,613,650
FIN-94270,LNK-9357,10893.65,136066.92,635,645
FIN-66673,LNK-71931,7610.43,7052.14,748,742
FIN-43145,LNK-8897,14819.33,6737.65,727,677
FIN-38030,LNK-10046,12918.50,17421.91,676,690
FIN-2789,LNK-62875,3235.14,"$1,507.16",735,680
FIN-31971,LNK-5159,3636.14,3580.54,664,653
FIN-25784,LNK-38629,13473.15,18812.76,668,700
FIN-54582,LNK-54591,3225.46,2423.65,784,620
FIN-77237,LNK-24590,18081.83,24020.07,712,729
FIN-78053,LNK-18750,4253.49,2849.22,743,610
FIN-80169,LNK-85085,7383.96,10143.70,598,599
FIN-45573,LNK-96589,67922.16,7627.36,668,675
FIN-18025,LNK-85656,12552.68,12545.00,713,694.0
FIN-73656,LNK-56097,12235.90,,806,
FIN-44650,LNK-50081,18213.22,18290.04,614,591
FIN-90406,LNK-51132,14220.79,15270.68,762,803
FIN-96426,LNK-59790,12560.55,,665,
FIN-25548,LNK-50479,8960.32,10550.54,783,827
FIN-30387,LNK-50236,19940.38,18535.46,636,636
FIN-12403,LNK-11518,6812.39,7338.20,626,632
FIN-19119,LNK-90486,4423.07,4655.35,792,794
FIN-90571,LNK-87742,5676.76,5600.23,596,588
FIN-52457,LNK-71687,17571.39,19548.27,759,765
FIN-42295,LNK-18431,129579.00,10064.30,715,700
FIN-21790,LNK-86660,15878.84,19683.87,595,633
FIN-61109,LNK-46582,7800.30,8282.30,706,738
FIN-32181,LNK-16549,4450.66,4112.87,765,743
FIN-42099,LNK-24392,16785.47,8989.35,710,571
FIN-92010,LNK-71419,15795.69,20722.53,689,732
FIN-88945,LNK-52518,12789.49,13739.44,701,706.0
FIN-94183,LNK-70316,9106.90,4107.08,820,750
FIN-44386,LNK-17691,8235.90,3598.83,649,460
FIN-16581,LNK-96401,13008.69,190019.52,671,712
FIN-38321,LNK-30188,17612.98,19767.68,637,669
FIN-82666,LNK-1455,9749.34,5034.81,644,541
FIN-60046,LNK-3979,7762.39,7520.14,742,749
FIN-21430,LNK-40107,21431.27,21256.19,738,735
FIN-35404,LNK-61686,10466.76,11202.12,626,604
FIN-78887,LNK-89276,7830.47,3646.40,646,582
FIN-91436,LNK-95253,9674.58,154327.44,736,768
FIN-8029,LNK-72361,16392.05,17657.92,723,759
FIN-25690,LNK-56591,10193.73,13177.15,793,811
FIN-19304,LNK-70721,19266.41,18745.94,765,749
FIN-17771,LNK-50712,12773.76,9506.32,776,718
FIN-33200,LNK-31102,15307.61,14735.75,586,569
FIN-36106,LNK-33441,14701.60,20720.96,641,666
FIN-64186,LNK-61375,7990.08,10956.40,595,594
FIN-64871,LNK-46371,21912.77,23271.81,775,750
FIN-10808,LNK-21332,10946.78,11301.64,807,822
FIN-39275,LNK-37129,21188.36,19651.82,762,765
FIN-56558,LNK-25704,19856.86,28300.75,624,645
FIN-81265,LNK-96030,11232.57,10534.23,694,704
FIN-44219,LNK-15790,12024.17,13034.57,807.0,823
FIN-5375,LNK-5222,19758.16,13499.75,634,540
FIN-77698,LNK-87533,19019.09,19102.90,706,693
FIN-32853,LNK-55950,3185.01,3040.03,599,610
FIN-94108,LNK-81599,5053.46,5350.31,763,745
FIN-47784,LNK-3050,8765.72,10596.40,765,789
FIN-42151,LNK-32544,13881.90,17238.65,816,831
FIN-49253,LNK-28011,16941.77,16074.78,698,709
FIN-46177,LNK-9819,14895.93,8525.18,746,697
FIN-92076,LNK-14224,3614.37,3943.28,795,813
FIN-60176,LNK-78849,7939.27,"$9,477.29",736,735
FIN-6492,LNK-5400,13106.11,14769.44,660,659
FIN-5816,LNK-59515,3859.09,5264.03,628,636
FIN-6367,LNK-79352,7075.93,6794.18,648,631
FIN-54880,LNK-89083,11983.98,16207.68,596,608
FIN-15882,LNK-93181,12743.57,12092.59,596,606
FIN-33961,LNK-7380,13663.17,5348.25,734,544
FIN-10652,LNK-33077,3299.39,3380.24,750,763
FIN-26501,LNK-98064,19513.58,20429.47,680,674
FIN-55800,LNK-6798,13427.90,14265.18,621,618
FIN-41523,LNK-53725,2955.85,2889.99,642,628
FIN-35795,LNK-58535,4500.08,2258.07,656,569
FIN-48245,LNK-31715,17569.91,16985.84,730,743
FIN-74872,LNK-71747,13760.15,16919.50,590,594
FIN-36926,LNK-99878,18250.21,9907.45,748,590
FIN-62617,LNK-8398,6566.59,4954.73,785,650
FIN-52331,LNK-19367,9921.20,"$13,846.95",781,796
FIN-15569,LNK-67046,14628.70,15339.12,638,640
FIN-21986,LNK-38914,7317.24,7706.40,751,745
FIN-15126,LNK-31692,20036.93,18809.29,749,749
FIN-73222,LNK-96881,6524.56,41937.00,694,553
FIN-74887,LNK-76511,14968.18,15470.39,585,577
FIN-33673,LNK-42799,21851.20,22256.72,801,784.0
FIN-87857,LNK-76690,4519.93,5227.49,647,650
FIN-79258,LNK-79370,17999.15,17800.06,749,754
FIN-13221,LNK-89150,6054.10,6284.51,708,713
FIN-84213,LNK-43030,5078.40,1819.77,710,558
FIN-20329,LNK-32051,14611.62,15211.76,732,709
FIN-63601,LNK-40552,19864.40,28411.10,753,766
FIN-89735,LNK-19777,20852.47,20604.95,691,701
FIN-96999,LNK-87535,3969.49,,588.0,
FIN-2870,LNK-69321,16765.96,17645.38,663,696
FIN-55850,LNK-29972,95828.88,7368.53,785,772
FIN-43588,LNK-55206,19488.27,20790.57,686,661
FIN-4888,LNK-40387,12277.13,11496.02,805,786
FIN-58357,LNK-37064,21726.45,21143.74,741,755
FIN-54113,LNK-73970,4374.43,5634.68,607,635
FIN-14548,LNK-78550,21830.88,29902.41,592,620
FIN-21161,LNK-97365,87730.92,7299.34,686,681
FIN-23132,LNK-23955,13724.47,9997.14,674,630
FIN-20585,LNK-83050,14981.99,15881.26,725,716
FIN-71912,LNK-89965,21751.37,21820.43,607,587
FIN-86079,LNK-56994,21657.21,31316.58,686,677
FIN-32045,LNK-73856,8406.20,8223.17,796,783
FIN-87011,LNK-65962,239775.60,18785.93,580,592
FIN-94072,LNK-7145,20961.68,20407.52,785,800
FIN-83879,LNK-46143,17987.70,17064.04,777,774
FIN-4462,LNK-85320,17104.36,22592.53,723,747
FIN-51620,LNK-88994,13583.21,18718.53,718,709
FIN-38130,LNK-50958,8568.28,7942.06,685,677
FIN-55951,LNK-69742,16258.92,17511.71,604,604
FIN-74067,LNK-42777,6838.11,7266.42,665,703
FIN-92091,LNK-92266,11448.97,16387.65,654,650
FIN-47229,LNK-55568,15091.75,,605,
FIN-33549,LNK-54511,12651.39,13656.38,681,723
FIN-88975,LNK-20558,12354.18,16057.82,753,766
FIN-1572,LNK-40306,21659.93,25621.70,709,753
FIN-34642,LNK-50343,12988.35,14994.59,628,656
FIN-49624,LNK-25101,14126.37,9984.60,753,698
FIN-49459,LNK-99882,5544.22,7568.36,792,822
FIN-43446,LNK-71507,12667.30,,825,
FIN-45578,LNK-63065,11982.55,11927.90,772,752
FIN-77104,LNK-32584,9869.86,9956.66,725,719
FIN-44642,LNK-30536,6740.84,3123.73,697,648
FIN-7691,LNK-40418,6426.24,8605.52,669,703
FIN-17524,LNK-93743,20544.65,7720.31,598,549
FIN-54462,LNK-19920,16440.00,,804,
FIN-28819,LNK-61689,21392.15,20905.49,766,747
FIN-93496,LNK-8552,17602.42,23284.61,750,756
FIN-44624,LNK-74713,4787.80,6143.06,753,763
FIN-57191,LNK-55090,9075.11,9179.92,617,612
FIN-1867,LNK-55592,"$11,082.18",10374.92,619,630
FIN-66499,LNK-74044,3975.92,4267.84,628,660
FIN-66328,LNK-70467,9199.88,8622.67,786,788
FIN-64869,LNK-18575,4647.77,5837.80,639,639
FIN-71639,LNK-51910,16305.48,16956.28,817,800
FIN-80392,LNK-32831,128369.52,4338.38,789,704
FIN-89101,LNK-34422,13620.68,14529.17,796,811
FIN-41843,LNK-27651,4278.71,1896.17,758,573
FIN-29362,LNK-44288,11531.33,163962.24,674,704
FIN-31420,LNK-85765,15290.34,17197.11,720,756
FIN-85694,LNK-11363,21699.37,21716.53,650,598
FIN-18943,LNK-59954,8205.78,9191.18,709,700
FIN-64983,LNK-49637,7865.71,7306.66,631,638
FIN-54731,LNK-13119,19304.85,19739.42,667,681
FIN-26124,LNK-71206,14603.41,19594.31,649,649
FIN-76570,LNK-25966,4118.80,4051.09,664,667
FIN-95787,LNK-7755,4447.06,5541.86,699,707
FIN-79722,LNK-36187,5148.40,3974.92,729,559
FIN-9089,LNK-50436,20334.24,28713.35,726,748
FIN-35452,LNK-89299,17191.89,8644.21,603,554
FIN-89915,LNK-80294,9659.94,11565.08,739,756
FIN-54878,LNK-80026,14836.85,5834.04,630,472
FIN-5635,LNK-6183,5517.77,6852.07,744,776
FIN-4831,LNK-10539,13067.03,13837.96,619,648
FIN-69098,LNK-25662,20640.23,24842.24,778,774
FIN-24323,LNK-78015,7484.24,6924.72,740,736
FIN-92000,LNK-95936,12701.33,10095.41,607,491
FIN-98233,LNK-89008,17431.19,18049.42,638,616
FIN-33007,LNK-74249,19767.25,"$18,392.53",584,559
FIN-53469,LNK-29444,82199.16,6633.33,658,644
FIN-75129,LNK-63835,7568.01,7570.64,803,779
FIN-50418,LNK-28379,9929.14,12876.77,769,767
FIN-95486,LNK-44642,21342.95,13814.59,689,512
FIN-19627,LNK-40739,13616.57,14564.35,701,715
FIN-56586,LNK-3009,21349.70,28359.50,669,684
FIN-74768,LNK-28762,11171.88,,634,
FIN-3276,LNK-25906,11398.41,11015.34,739,738
FIN-25083,LNK-98186,16251.14,18298.79,724,740
FIN-90869,LNK-16376,20954.96,22332.08,737,730
FIN-25085,LNK-98894,3716.29,,627,
FIN-20617,LNK-99871,4068.16,5554.28,703,745
FIN-9135,LNK-63773,2957.72,2781.95,759,757
FIN-74955,LNK-32797,16719.54,17302.01,615,603
FIN-59212,LNK-92177,53348.28,4240.97,684,663
FIN-50089,LNK-80220,10597.46,14856.38,700,709
FIN-45192,LNK-27805,20295.35,20251.72,704,686
FIN-89674,LNK-52987,21923.44,28106.21,809,803
FIN-4062,LNK-32369,5059.92,5385.87,612,602
FIN-53482,LNK-73362,20339.28,19759.91,674,682
FIN-14655,LNK-43154,6289.94,5998.32,802,788
FIN-61019,LNK-38101,8604.88,10885.95,653,688
FIN-80363,LNK-50894,13950.56,12988.95,651,655
FIN-5866,LNK-62112,12339.81,15519.33,585,597
FIN-57579,LNK-70946,11622.81,8717.54,789,726
FIN-85320,LNK-86029,14936.94,13886.45,767,773
FIN-61585,LNK-48088,17658.23,16725.83,658,647
FIN-4113,LNK-35283,18654.56,18438.96,593,586
FIN-95542,LNK-48139,17311.03,23263.41,609,660
FIN-9799,LNK-68215,4259.61,1814.42,705.0,627
FIN-45664,LNK-66179,8480.27,8192.92,686,689
FIN-89895,LNK-62080,17024.41,16004.11,809,799
FIN-15131,LNK-13924,7453.19,"$6,978.98",712,702
FIN-23628,LNK-95688,10775.57,10404.72,789,777
FIN-6068,LNK-42973,8123.89,10586.84,667,699
FIN-8316,LNK-27624,11570.03,15498.66,733,773
FIN-28158,LNK-49589,11942.77,11092.96,659,674
FIN-77548,LNK-42015,9277.90,10006.79,598,604
FIN-34141,LNK-55254,17703.48,16715.92,624,621
FIN-41545,LNK-6992,4882.11,4980.81,671,670
FIN-81163,LNK-74731,5241.82,2698.03,781,751
FIN-5346,LNK-30002,19144.36,10742.20,742,688
FIN-60912,LNK-98157,8957.77,10851.64,813,812
FIN-58202,LNK-20126,17178.02,16649.77,709,692
FIN-79529,LNK-3125,3254.48,1542.10,580,497
FIN-63340,LNK-35180,13760.05,5818.71,667,517
FIN-22442,LNK-73523,21116.12,23074.46,651,673
FIN-16008,LNK-77550,"$3,704.30",3971.36,692,677
FIN-51120,LNK-76909,3854.96,3645.74,610,621
FIN-24897,LNK-95373,16636.91,18767.28,625,618
FIN-96435,LNK-55732,2820.54,3008.59,808,834
FIN-73251,LNK-39691,14864.63,20174.60,665,689
FIN-86072,LNK-20976,8032.58,7669.41,644,656
FIN-26380,LNK-26715,4186.05,53291.88,588,628
FIN-90897,LNK-44236,6076.27,5955.03,683,660
FIN-32151,LNK-31149,20994.76,20138.02,672,608
FIN-99947,LNK-50786,"$5,100.53",6306.80,611,639
FIN-90949,LNK-75683,14132.62,8613.28,587,483
FIN-31305,LNK-33208,9589.99,4524.32,783,647
FIN-78092,LNK-66444,6220.23,4491.40,810,693
FIN-97297,LNK-73173,17968.53,9971.52,623,475
FIN-84256,LNK-86800,11762.23,12607.82,802,798
FIN-10511,LNK-90764,13675.10,17020.79,655,655
FIN-98076,LNK-45245,10432.11,7283.58,806,736
FIN-79154,LNK-34728,12971.95,18319.29,775,798
FIN-21650,LNK-65044,4793.56,5096.68,669,670
FIN-76758,LNK-95838,13946.27,17598.13,673,673
FIN-50535,LNK-85108,11736.78,11304.41,783,791
FIN-86039,LNK-97940,10432.63,9910.36,651,661
FIN-80875,LNK-65303,10463.15,9684.09,796,778
FIN-20229,LNK-61401,16487.84,"$16,213.53",770,786
FIN-15742,LNK-23050,8771.07,8416.90,748,760
FIN-1320,LNK-97045,3869.28,2893.19,751,658
FIN-45194,LNK-47160,122425.68,"$13,805.03",659,679
FIN-30403,LNK-23185,4198.92,2623.58,689,592
FIN-4262,LNK-19344,4384.83,5932.82,647,649
FIN-63964,LNK-95412,19443.96,12582.30,697,515
FIN-12146,LNK-72636,6747.23,7100.20,623,613
FIN-21921,LNK-65004,18496.42,21450.15,750,757
FIN-23719,LNK-25123,21657.51,22823.63,717,755
FIN-55775,LNK-72058,"$9,659.75",5924.49,588,501
FIN-6521,LNK-85123,10344.04,10942.29,752,752
FIN-8294,LNK-8698,4168.63,2986.42,710,606
FIN-74298,LNK-69674,9474.70,12531.50,625,665
FIN-17505,LNK-5433,4281.82,4586.09,775,759
FIN-20047,LNK-10742,19083.26,9668.88,719,594
FIN-67965,LNK-7358,11307.14,14036.26,817,831
FIN-31562,LNK-1836,10580.12,11793.86,751,757
FIN-86507,LNK-55053,20638.59,29085.03,713,758
FIN-61725,LNK-19021,11171.15,6852.25,635,505
FIN-59257,LNK-83667,8226.57,8533.36,785,772
FIN-99120,LNK-31334,6988.31,7651.88,793,823
FIN-37664,LNK-9908,19156.47,,744,
FIN-24832,LNK-93690,20935.56,20497.49,665.0,655
FIN-60510,LNK-20795,3749.66,4663.88,673,663
FIN-42360,LNK-2198,16084.93,,700,
FIN-38496,LNK-29668,5783.46,4352.94,695,527
FIN-82322,LNK-67287,15898.53,15828.00,695,681
FIN-74355,LNK-60770,"$13,719.81",14007.07,755,756
FIN-43487,LNK-49916,16304.96,17280.74,663,654
FIN-65355,LNK-8923,18605.96,20473.71,643,679
FIN-97382,LNK-81980,7533.71,7623.04,710,698
FIN-71972,LNK-84588,8740.00,9784.82,814.0,836
FIN-71182,LNK-88392,21848.99,28287.61,660,636
FIN-59314,LNK-81808,10795.80,6213.32,730,669
FIN-22825,LNK-64334,3391.59,3513.05,647,623
FIN-20043,LNK-87413,7237.59,8866.31,648,687.0
FIN-9144,LNK-64944,18718.01,18296.91,646.0,629
FIN-53458,LNK-3061,7265.33,4843.66,760,693
FIN-26364,LNK-1866,19996.50,9836.64,669,539
FIN-20755,LNK-70758,3763.54,2364.73,728,586
FIN-21811,LNK-54914,6369.38,7815.46,672,668
FIN-91828,LNK-2553,15569.95,16073.94,779,758
FIN-87538,LNK-3192,13295.60,10391.91,793,754
FIN-68967,LNK-70391,19671.92,239124.72,689,664
FIN-91924,LNK-95659,21047.14,24824.74,618,649
FIN-98948,LNK-37010,10386.22,11149.99,596,576
FIN-98321,LNK-71220,6874.18,9028.15,696,695
FIN-4380,LNK-38576,13808.33,12896.47,647,647
FIN-11374,LNK-3246,9806.95,5245.30,635,555
FIN-22942,LNK-66826,15556.74,16793.55,781,760
FIN-56232,LNK-92469,11596.03,14126.37,803,816
FIN-76618,LNK-89346,14678.32,15853.92,825,850
FIN-7948,LNK-57436,18635.03,18354.68,769,755
FIN-39159,LNK-24496,120746.16,12867.92,726,766
FIN-34906,LNK-15026,15976.62,18274.04,750,740
FIN-55520,LNK-13624,6584.36,9478.41,655,683
FIN-93233,LNK-69732,10827.35,10168.43,699,704
FIN-55930,LNK-20516,16397.49,15560.84,605,591
FIN-48929,LNK-26156,5318.84,5582.73,783,795
FIN-66964,LNK-82235,6482.54,,803,
FIN-76968,LNK-70003,7265.43,,663,
FIN-43473,LNK-34084,6191.81,7839.94,766,791.0
FIN-19003,LNK-47457,12517.44,11853.10,605,581
FIN-98078,LNK-36038,6779.59,7356.06,635,645
FIN-36487,LNK-53022,16851.80,22473.34,637,631
FIN-65365,LNK-11357,21290.33,22869.74,596,595
FIN-54523,LNK-49896,18283.02,21107.32,740,735
FIN-2722,LNK-54218,19535.34,22162.27,819.0,849
FIN-75431,LNK-61161,20944.26,10183.35,704,619
FIN-55651,LNK-75055,21307.26,23626.48,681,705
FIN-91781,LNK-32877,20974.57,21732.45,667,677
FIN-3549,LNK-92388,6135.50,5942.74,697,679
FIN-85768,LNK-30603,10818.29,187205.04,773,799
FIN-56913,LNK-40318,12673.15,8676.02,674,559
FIN-35769,LNK-90658,6553.10,7725.43,766,782
FIN-58666,LNK-11566,6645.92,9547.13,608,648
FIN-21398,LNK-86686,11746.16,11531.97,690,671
FIN-92065,LNK-86182,3008.28,"$2,876.65",754,730
FIN-83264,LNK-5152,15629.27,17891.92,700,695
FIN-34694,LNK-13255,16255.27,16040.97,772,770
FIN-45910,LNK-54120,18248.09,10110.23,715,677
FIN-24184,LNK-50710,2807.85,43759.20,695,693
FIN-48420,LNK-73443,10982.73,15283.78,649,644.0
FIN-61428,LNK-63390,6058.30,6170.61,607,606
FIN-29510,LNK-84459,13397.52,16491.09,770,804
FIN-60381,LNK-2238,10194.43,10952.20,583,565
FIN-73104,LNK-93123,5561.35,5336.02,610,613
FIN-62050,LNK-23463,9063.12,4767.12,606,527
FIN-92078,LNK-11837,16355.24,,818,
FIN-33847,LNK-66517,14377.71,"$15,172.27",702.0,698
FIN-62508,LNK-57873,11248.14,14655.23,728,736
FIN-65856,LNK-85529,5286.95,7142.48,737,749
FIN-72756,LNK-44420,10646.76,12107.79,664,695
FIN-71299,LNK-75167,12536.16,"$11,914.02",820,808
FIN-35192,LNK-13499,14697.54,14725.15,808,802
FIN-2847,LNK-70226,9691.50,12777.83,738,765
FIN-58870,LNK-6577,14444.29,"$17,859.71",643,665
FIN-1472,LNK-31115,20678.51,27151.05,617,616
FIN-92341,LNK-28710,15225.35,17366.53,757,773
FIN-92629,LNK-91739,10580.72,9898.40,698,680
FIN-80429,LNK-75289,11194.62,16076.38,667,695
FIN-36728,LNK-63324,9464.25,9114.97,674,652
FIN-55601,LNK-36532,13707.91,13713.51,748,731
FIN-42691,LNK-7102,13131.88,13766.66,735,746
FIN-63724,LNK-10744,16314.46,15858.36,740,732
FIN-62355,LNK-90709,13943.44,18928.11,656,660
FIN-61050,LNK-37749,20024.23,23134.46,813,807
FIN-7928,LNK-74860,8752.42,12250.58,728,743
FIN-57882,LNK-87259,10276.02,9688.40,824,822
FIN-12326,LNK-5312,3433.49,2403.82,620,554
FIN-19648,LNK-24508,11732.65,12411.89,674,680
FIN-81585,LNK-42220,11075.31,15172.64,639,632
FIN-68364,LNK-3052,17955.59,22024.78,787,815
FIN-66552,LNK-77943,4276.83,4333.48,681,678
FIN-80516,LNK-19899,256214.16,15647.72,585,519
FIN-60475,LNK-99599,18159.97,19469.26,684,665
FIN-21074,LNK-94416,3601.70,2460.66,707,529
FIN-72533,LNK-53205,13620.92,8368.57,790,681
FIN-41149,LNK-11084,16239.88,,729,
FIN-21324,LNK-40226,17834.51,9782.98,811,735
FIN-53282,LNK-22292,13786.05,19985.46,662,660
FIN-69478,LNK-74919,12477.15,13240.32,736,757
FIN-9034,LNK-32519,16283.14,15962.02,719,712
FIN-79477,LNK-75277,18634.12,17771.69,821,811
FIN-18869,LNK-52007,19136.84,20335.95,806,807
FIN-68193,LNK-89740,13758.05,9229.24,723,584
FIN-20218,LNK-71852,13535.75,"$12,904.34",610,612
FIN-53566,LNK-44480,10587.28,12195.18,799,836
FIN-91048,LNK-51311,13967.78,14278.03,724,714
FIN-95313,LNK-97959,8380.63,12035.22,754,774
FIN-10332,LNK-19343,"$14,804.96",14294.97,755,744
FIN-93726,LNK-91349,16406.52,11339.36,793,719
FIN-85397,LNK-95917,16618.46,13115.69,740,686
FIN-50500,LNK-11279,18176.14,25516.17,750,752
FIN-34706,LNK-66639,21262.39,16326.89,698,641
FIN-16666,LNK-98708,4431.16,4701.06,785,778
FIN-58350,LNK-46332,19506.12,24828.24,807,822
FIN-4518,LNK-8038,15854.55,21532.73,615,656
FIN-1171,LNK-13803,"$18,027.05",19131.03,641,638
FIN-45774,LNK-58290,7992.29,3047.29,747,605
FIN-26673,LNK-31427,20270.24,19248.03,680,670
FIN-65578,LNK-10963,13658.83,13235.22,584,569
FIN-10769,LNK-45642,16285.89,18037.54,637,631
FIN-85603,LNK-80320,9424.08,4658.79,735,556
FIN-68626,LNK-81460,3252.53,3343.54,776,781
FIN-56606,LNK-79067,19983.65,20350.92,640,651
FIN-5361,LNK-52996,17818.30,19348.04,678,722
FIN-44868,LNK-43778,7148.42,7170.95,693,692
FIN-51750,LNK-4883,8943.24,9316.73,718,696
FIN-96503,LNK-84115,16091.26,15811.17,737,748
FIN-95009,LNK-36825,7321.03,7377.07,765,761
FIN-53142,LNK-60054,3322.60,2542.70,742,645
FIN-72139,LNK-65304,8612.55,9093.78,705,718
FIN-68542,LNK-30902,11374.40,4517.70,766,716
FIN-2386,LNK-47636,11751.76,15528.88,623,619
FIN-27380,LNK-73487,11479.63,11685.89,614,611
FIN-10734,LNK-50207,17165.70,18369.24,715,705
FIN-85051,LNK-57603,39602.76,3697.51,756,763
FIN-53614,LNK-25345,3802.95,3578.57,775,754
FIN-50545,LNK-90088,5683.47,7325.87,624,652
FIN-41057,LNK-77791,18786.11,18356.88,609,593
FIN-62859,LNK-87595,11695.51,11684.04,735,737
FIN-76658,LNK-50816,20692.27,23447.22,585,625
FIN-49192,LNK-12232,9499.85,9392.57,793,802
FIN-84358,LNK-82083,6146.24,7656.01,686,686
FIN-9402,LNK-39715,6791.74,6875.53,763,760
FIN-19919,LNK-33302,180822.48,21620.08,819,831
FIN-62107,LNK-94468,4027.49,5192.12,765,775
FIN-77366,LNK-10634,3431.25,4380.77,803,812
FIN-69641,LNK-11752,8532.19,8133.62,692,694
FIN-26022,LNK-36123,17301.51,24444.33,790,791
FIN-17149,LNK-21214,10814.49,10828.42,719,721
FIN-23832,LNK-50807,21906.74,22199.61,810,805
FIN-35407,LNK-94280,12133.13,4888.74,684,587
FIN-18502,LNK-84086,3803.33,3943.11,728,729
FIN-73960,LNK-21221,19394.67,10052.75,744,555
FIN-90746,LNK-97948,5437.09,,708,
FIN-48312,LNK-52068,19553.58,19171.59,736,742
FIN-49900,LNK-42507,3690.62,3944.70,778,787
FIN-89113,LNK-48277,10618.86,8265.64,679,545
FIN-90872,LNK-14965,17818.39,22305.28,588,623
FIN-36396,LNK-12995,10816.57,12786.22,799,840
FIN-11905,LNK-1680,5925.01,5600.70,665.0,651
FIN-53285,LNK-41405,17506.30,22310.57,624,651
FIN-3360,LNK-59292,16650.59,17503.39,804,787
FIN-12107,LNK-48175,10058.24,10410.58,807,800
FIN-76602,LNK-36358,7860.27,10234.21,660,692
FIN-80158,LNK-14399,15720.17,18240.42,772,813
FIN-12219,LNK-18367,7415.67,8715.33,809,839
FIN-81845,LNK-12442,7159.37,7343.52,726,739.0
FIN-73924,LNK-25561,14376.54,14956.94,690,702
FIN-90248,LNK-57489,20924.57,27370.41,733,768
FIN-35300,LNK-59830,5362.63,7029.93,662,657
FIN-73897,LNK-74005,2934.67,3158.58,602,623
FIN-3584,LNK-73710,17278.03,18013.79,611,591
FIN-69458,LNK-68166,14458.95,14282.27,586,597
FIN-58670,LNK-54483,16585.41,17771.59,751,741
FIN-1362,LNK-14538,21909.66,22792.77,742,723
FIN-93071,LNK-4442,11483.86,11059.77,587,585
FIN-16532,LNK-12746,9846.87,9471.47,752,745
FIN-62771,LNK-47388,16919.69,,656,
FIN-1153,LNK-73642,12571.35,11746.28,711,697
FIN-91720,LNK-13198,20583.40,"$19,830.65",589,593.0
FIN-68428,LNK-79240,6142.11,6344.64,659,641
FIN-95887,LNK-79386,19828.09,20062.11,697,695
FIN-90804,LNK-43523,17375.30,25071.20,798,816
FIN-53479,LNK-51493,13921.81,"$14,818.81",799,799
FIN-64687,LNK-2617,15672.10,14701.04,774,772
FIN-14470,LNK-39253,6099.24,6380.47,722,710
FIN-49105,LNK-55238,172058.16,19556.29,730,773
FIN-23354,LNK-51829,21412.50,22224.67,757,758
FIN-6165,LNK-12101,19053.56,23175.67,794,826
FIN-63854,LNK-96006,9992.10,,644,
FIN-62255,LNK-74339,19819.22,25923.56,707,724
FIN-86047,LNK-32816,36081.24,3583.01,599,631
FIN-14560,LNK-75967,20519.57,23669.92,730,765
FIN-95965,LNK-69302,14003.92,14633.80,632,623
FIN-8184,LNK-23227,236538.72,21059.17,749,751
FIN-62773,LNK-90825,11951.79,11974.58,764,756
FIN-38385,LNK-50903,4432.43,5958.02,807,842
FIN-8630,LNK-23216,19517.58,11361.95,741,573
FIN-38353,LNK-19198,7225.19,9349.70,804,836
FIN-30633,LNK-36247,"$6,802.49",3100.63,650,480
FIN-30482,LNK-40469,11289.70,15820.45,775,771
FIN-56659,LNK-36180,12461.90,15159.95,642,679
FIN-72823,LNK-65634,17381.68,16104.99,711,690
FIN-76888,LNK-20127,20992.18,7824.42,709,555
FIN-49888,LNK-9292,3840.22,3713.49,788,778
FIN-96945,LNK-22916,4954.54,5173.58,779,789
FIN-59016,LNK-57973,19709.58,"$19,633.30",785,762
FIN-79263,LNK-37170,21469.88,,739,
FIN-50716,LNK-56194,16303.41,18334.02,655,655
FIN-60377,LNK-40289,17485.37,18063.09,718,707
FIN-92670,LNK-64469,17877.05,17854.72,650,638
FIN-20879,LNK-11082,7103.97,7627.61,667,704
FIN-85949,LNK-48333,13820.29,14498.80,603,609
FIN-39492,LNK-33990,7521.84,7058.76,684,691
FIN-55038,LNK-33321,5915.27,4409.01,799,648
FIN-11910,LNK-95489,20606.75,20337.89,674,667
FIN-88777,LNK-82924,4361.60,4327.88,742,720
FIN-8039,LNK-65985,3636.29,,613,
FIN-43929,LNK-78831,18923.57,23145.10,764,794
FIN-9830,LNK-81828,15622.11,14753.18,727,710
FIN-13004,LNK-26630,16165.38,19124.91,742,786
FIN-5585,LNK-61012,7404.57,"$7,529.85",718,730
FIN-75796,LNK-15021,14126.09,15299.23,791,814
FIN-1066,LNK-18758,20857.57,24041.08,649,681
FIN-7716,LNK-40932,14011.83,17173.90,670,678
FIN-89642,LNK-1887,5617.16,6021.74,705,711
FIN-62470,LNK-52864,8687.39,3461.86,794,696
FIN-7684,LNK-44544,13724.94,14694.07,788,787
FIN-14911,LNK-82289,19561.51,227420.40,757,755
FIN-66059,LNK-50792,12722.78,205452.12,620.0,630
FIN-73780,LNK-44193,19837.71,25068.05,784,799
FIN-97588,LNK-58700,8905.64,5362.23,638,454
FIN-4680,LNK-44874,"$21,639.07",21840.24,619,598
FIN-96225,LNK-57441,14242.28,14098.41,735,749
FIN-24148,LNK-86332,9332.47,9504.56,704,710
FIN-2549,LNK-78908,21988.65,31852.65,768,765
FIN-49788,LNK-18842,7626.10,3552.42,622,513
FIN-7300,LNK-40378,21776.03,9616.36,714,577
FIN-20476,LNK-80064,4680.47,4408.96,638,642
FIN-46615,LNK-92133,3636.49,3385.62,703,700
FIN-88179,LNK-27326,11968.14,12815.28,689,694
FIN-38887,LNK-63784,14238.61,18123.16,740,765
FIN-75101,LNK-24283,20809.71,22328.13,620,601
FIN-63069,LNK-53198,12994.78,14627.91,743,762
FIN-22426,LNK-42830,15901.81,16627.82,625,626
FIN-90925,LNK-39200,5855.05,43675.92,784,688
FIN-83145,LNK-97321,16763.40,16352.13,709,720
FIN-31099,LNK-92089,13905.73,18316.70,715,712
FIN-93186,LNK-83955,18140.96,17474.15,723,705
FIN-81972,LNK-65357,19865.08,19182.70,779,754
FIN-24019,LNK-76481,6442.24,8280.16,747,757
FIN-5295,LNK-32775,18366.53,17731.17,753.0,757
FIN-11735,LNK-43714,17558.14,17910.55,649,627
FIN-2566,LNK-50290,19536.44,22198.95,654,653
FIN-89418,LNK-37739,6562.71,6848.48,797,774
FIN-23563,LNK-52502,14567.85,9952.89,775,702
FIN-82278,LNK-48843,10022.66,9691.34,638,613
FIN-62691,LNK-15927,15382.41,20857.94,623,632
FIN-48772,LNK-74905,12452.35,16744.62,816,837
FIN-82837,LNK-27188,5399.00,6029.64,706,735
FIN-80042,LNK-78624,250736.88,21229.51,599,577
FIN-63045,LNK-72516,19147.23,19156.79,788,747
FIN-36262,LNK-24583,5926.42,6070.03,672,658
FIN-85989,LNK-4527,11260.54,11492.07,599,596
FIN-61386,LNK-96317,20195.45,18870.71,778,789.0
FIN-89400,LNK-61505,12529.25,12381.36,671,649
FIN-91809,LNK-93847,19681.17,10186.89,655,470
FIN-86714,LNK-28479,11761.99,11041.47,801,784
FIN-87980,LNK-58469,10268.08,122652.12,603,579
FIN-44746,LNK-39185,3171.48,3126.32,717,714
FIN-84886,LNK-91811,8795.30,9402.21,701,691
FIN-31155,LNK-10064,19266.19,19694.33,783,763
FIN-79531,LNK-54627,13298.27,15910.59,599.0,644
FIN-56346,LNK-89208,19330.98,21126.09,731,772
FIN-43112,LNK-19242,5851.58,6303.16,701,684
FIN-78988,LNK-84012,4973.67,3226.39,819,637
FIN-99103,LNK-40692,6747.12,7317.74,619,633
FIN-60153,LNK-32722,11260.70,11050.97,696,689
FIN-41531,LNK-34119,20707.50,23068.73,619,645
FIN-34345,LNK-87332,8201.94,9902.42,824,850
FIN-22888,LNK-21203,15710.13,15012.70,599,601
FIN-46422,LNK-94747,8500.38,8629.81,795,773
FIN-20837,LNK-56460,9295.88,9664.55,798,791
FIN-51276,LNK-50412,20681.01,22296.34,645,647
FIN-87914,LNK-10694,19444.92,21394.72,684,718
FIN-89893,LNK-59860,4218.41,4178.06,583,575
FIN-90188,LNK-79372,"$21,904.75",20734.60,616,609
FIN-81678,LNK-63814,6077.43,3760.82,689,565
FIN-98254,LNK-77315,5628.55,5583.43,593,592
FIN-34805,LNK-53534,12059.90,,747,
FIN-88680,LNK-71040,15218.74,15829.27,710,724
FIN-22726,LNK-67402,20953.53,11371.26,611,510
FIN-8360,LNK-91663,9389.88,11985.82,674,675
FIN-37868,LNK-55827,4640.66,6229.70,754,764
FIN-11928,LNK-72256,6324.34,3201.89,753,629
FIN-54013,LNK-5818,15075.03,15771.98,760,768
FIN-38252,LNK-48124,13322.74,13347.73,666,674
FIN-15811,LNK-92964,9889.19,9893.39,822,811
FIN-46773,LNK-71373,107486.16,8883.13,775,789
FIN-95214,LNK-78833,13650.97,16971.52,614,626
FIN-28680,LNK-84647,20501.93,20987.34,594,588
FIN-58777,LNK-12138,12979.78,15324.53,711.0,717
FIN-39236,LNK-15335,12299.13,14526.76,786,820
FIN-6157,LNK-33536,11499.98,16095.38,812,850
FIN-90120,LNK-87193,6281.20,5835.71,710,691
FIN-49023,LNK-88122,2909.53,4176.24,713,746
FIN-13178,LNK-47531,19814.64,18572.84,796,809
FIN-25596,LNK-22802,15843.06,21726.92,685,705
FIN-32241,LNK-85803,16506.69,16753.40,698,694
FIN-61107,LNK-81304,11230.81,8363.06,765,612
FIN-81295,LNK-6806,"$14,755.65",20619.32,744,758
FIN-31116,LNK-74822,4215.79,5855.33,669,687
FIN-59214,LNK-85545,6715.07,6782.45,642,641
FIN-56541,LNK-89797,15932.88,7645.07,786,700
FIN-99512,LNK-85769,21330.63,21270.51,761,772
FIN-52835,LNK-53378,15404.89,5789.22,689,625
FIN-98197,LNK-99655,21096.85,22044.19,636,620
FIN-76160,LNK-44463,17622.79,24794.98,648,640
FIN-91010,LNK-57420,4554.75,1982.77,588,461
FIN-80681,LNK-14886,12103.14,11331.14,647,648
FIN-59627,LNK-2382,14148.34,14094.22,758,747
FIN-50718,LNK-34913,21445.10,11521.75,726,572
FIN-70936,LNK-30098,14504.66,,592,
FIN-16101,LNK-67935,21413.94,22825.90,788,791
FIN-98457,LNK-98891,3789.51,3766.44,596,603
FIN-50377,LNK-68999,9911.56,13509.44,677,714
FIN-1628,LNK-74137,13248.23,12195.22,813,809
FIN-70493,LNK-77089,18366.84,10557.85,792,607
FIN-42973,LNK-91133,20448.97,22554.47,609,609
FIN-46023,LNK-76397,13544.38,14581.96,737,714
FIN-66064,LNK-29971,19021.47,14555.55,793,622
FIN-12587,LNK-59429,19949.28,26803.36,724,726
FIN-61005,LNK-50036,16744.59,11759.80,814,742
FIN-40476,LNK-52266,12748.71,11860.94,794,776
FIN-79474,LNK-61694,8654.38,6157.39,778,696
FIN-87153,LNK-90070,6245.88,2612.74,608,536
FIN-7085,LNK-78147,17641.78,24995.48,819,830
FIN-48601,LNK-91496,10214.00,,596,
FIN-69283,LNK-20758,17829.11,20526.19,657,697
FIN-40095,LNK-46215,10297.12,"$11,074.86",760,752
FIN-81658,LNK-4219,5808.28,8060.70,749,789
FIN-95842,LNK-64277,9051.51,11808.65,592,603
FIN-52247,LNK-14703,20992.57,22574.24,580,556
FIN-68660,LNK-39722,21393.10,23646.38,635,640
FIN-67733,LNK-55522,6245.20,41842.32,662,545
FIN-11333,LNK-12253,12356.56,,629,
FIN-37049,LNK-16213,3119.34,,785,
FIN-36765,LNK-96702,4832.64,4793.68,792,796
FIN-78100,LNK-19569,12746.80,,705,
FIN-81252,LNK-46656,20310.78,18828.57,793,787
FIN-5569,LNK-41880,7223.51,10227.05,686,701
FIN-68568,LNK-45966,17346.75,17534.54,588,603
FIN-8643,LNK-60681,18007.12,17817.43,746,740
FIN-28713,LNK-28114,14285.79,18642.59,645,685
FIN-45224,LNK-69303,5161.77,5427.49,732.0,727
FIN-66970,LNK-64298,21758.61,28398.90,797,803
FIN-53529,LNK-46652,20258.30,20134.54,822,804
FIN-23402,LNK-63411,18452.28,17304.58,630,621
FIN-38125,LNK-13795,12438.12,12708.00,624,632
FIN-97268,LNK-58431,11713.82,12533.38,778,764
FIN-6915,LNK-95633,17536.20,17032.32,773,782
FIN-89321,LNK-92326,5259.33,7138.97,777.0,818
FIN-47594,LNK-60303,11024.24,11250.04,754,723
FIN-59223,LNK-42800,16807.15,18691.73,605,649
FIN-34487,LNK-9804,10187.13,10759.48,724,717
FIN-35803,LNK-40356,20375.83,246588.60,635,618
FIN-44345,LNK-6856,8668.62,11609.86,635,647
FIN-4513,LNK-94163,12682.15,5194.96,774,718
FIN-75047,LNK-16084,16898.16,16532.74,703,701
FIN-81897,LNK-3960,20111.30,7086.90,781,647
FIN-76701,LNK-45967,14603.15,6437.44,787,716
FIN-74117,LNK-85930,4205.92,4475.23,752,756
FIN-58243,LNK-15334,2954.16,4137.77,609.0,604
FIN-28407,LNK-89754,17623.05,9185.17,619,483
FIN-24941,LNK-22542,7472.30,7530.66,608,605
FIN-34873,LNK-98057,19605.84,23235.89,727,766
FIN-50005,LNK-32970,6678.26,7084.82,673,649
FIN-32914,LNK-68632,11232.09,15177.72,774,772
FIN-42594,LNK-23865,18207.60,11743.75,734,686
FIN-20052,LNK-73339,47912.52,,655,
FIN-58851,LNK-21989,5471.51,5154.89,583,582
FIN-97552,LNK-44383,13664.51,8737.89,740,598
FIN-78484,LNK-74380,18816.89,18463.58,630,615
FIN-15323,LNK-56885,18349.17,210548.40,744.0,725
FIN-13736,LNK-61562,7532.49,9291.46,638,683
FIN-16277,LNK-31389,19400.14,24061.91,600,607
FIN-12865,LNK-54090,19130.18,23391.42,809,817
FIN-91632,LNK-83543,7038.23,9277.13,785,791
FIN-8438,LNK-25176,238335.72,18904.00,767,754
FIN-92899,LNK-25430,16774.01,18037.04,707,716
FIN-68905,LNK-84948,64557.48,"$5,461.62",660,654
FIN-49751,LNK-87154,9630.67,9591.49,643,653
FIN-91830,LNK-57640,8422.09,9293.21,710,737
FIN-10282,LNK-52849,223356.48,22028.38,735,754
FIN-71022,LNK-4826,13472.37,12779.37,861,809
FIN-33805,LNK-97650,16085.14,124123.20,651,499
FIN-54786,LNK-81492,2980.94,3024.61,682,664
FIN-89791,LNK-26863,18729.29,18809.44,784,776
FIN-56612,LNK-59926,13664.72,174231.48,668,686
FIN-68066,LNK-78621,13290.74,12499.79,770,772
FIN-80913,LNK-57302,19112.08,"$19,315.49",785,775
FIN-73601,LNK-51965,16834.85,11544.09,740,582
FIN-88596,LNK-1583,16974.08,21861.57,800,832
FIN-43140,LNK-93371,180963.48,14371.26,795,801
FIN-79178,LNK-29153,6989.37,3574.77,659,561
FIN-22750,LNK-27972,18933.21,20811.48,604,641
FIN-11010,LNK-37483,4000.20,3994.14,750,738
FIN-32819,LNK-99608,6565.40,3166.45,724,579
FIN-47788,LNK-93243,4461.64,4325.31,636,646
FIN-76612,LNK-9200,13314.67,10243.17,639,531
FIN-55008,LNK-14336,19773.03,21026.00,751,758
FIN-16438,LNK-71371,4409.44,2237.42,790,671
FIN-66546,LNK-25505,17608.36,20818.69,620,656
FIN-28478,LNK-48945,6888.15,6646.37,752,739
FIN-7857,LNK-43727,11064.85,11618.97,733,762
FIN-87386,LNK-26830,13348.31,17546.16,760,780
FIN-60501,LNK-60972,5740.86,7133.39,606,616
FIN-95792,LNK-15936,15420.35,16482.13,731,749
FIN-92022,LNK-35387,17173.71,18071.93,676,690
FIN-27025,LNK-88910,15934.10,17200.71,719.0,714
FIN-86306,LNK-65157,16974.05,17151.59,650,643
FIN-37044,LNK-70168,8284.18,7893.78,776,756
FIN-91856,LNK-84769,10125.20,10193.13,659,635
FIN-70713,LNK-42078,17171.54,10011.93,680,492
FIN-2089,LNK-79246,17203.74,16294.78,755,753
FIN-6227,LNK-51939,13357.39,14797.93,748,743
FIN-21473,LNK-81125,9598.81,6362.70,595,517
FIN-20372,LNK-52451,7416.67,7956.31,600,593.0
FIN-87067,LNK-77939,15887.01,,802,
FIN-55865,LNK-15972,11712.75,11407.14,752,755
FIN-35694,LNK-46603,11802.45,12082.41,655,656
FIN-21298,LNK-47135,17166.85,23984.26,708,711
FIN-46372,LNK-81918,7494.12,10523.70,636,680
FIN-81766,LNK-23613,19866.49,22424.13,665,684
FIN-65925,LNK-89288,11695.99,137651.40,803,781
FIN-87861,LNK-93535,3920.44,5475.07,585,604
FIN-18597,LNK-39986,10130.40,,772,
FIN-2134,LNK-81541,20780.72,25365.26,822,815
FIN-44902,LNK-78354,14632.61,15474.31,768,756
FIN-44500,LNK-12108,17454.28,16815.16,607,598
FIN-39863,LNK-89094,15711.77,10819.93,646,506
FIN-72650,LNK-18556,12791.42,12198.61,729,728
FIN-76293,LNK-42049,2902.64,1878.12,619,430
FIN-68769,LNK-16448,12174.77,11622.97,807,817
FIN-64474,LNK-32270,6938.06,9037.25,617,637
FIN-72835,LNK-16328,4625.73,"$4,852.79",723,704
FIN-14366,LNK-24992,13058.29,,685,
FIN-95143,LNK-91890,19075.12,23579.57,672,691
FIN-80922,LNK-19528,2952.91,3172.71,690.0,693
FIN-19468,LNK-67954,8932.61,4780.50,658,620
FIN-9419,LNK-51916,9208.79,11933.39,623,645
FIN-37951,LNK-55819,18083.12,25296.86,666,706
FIN-62666,LNK-79174,12159.86,11338.24,601,615
FIN-90533,LNK-19070,11649.09,11175.63,641,636
FIN-34473,LNK-76340,21451.06,28327.13,698,730
FIN-96531,LNK-51293,18189.00,17452.82,705,707
FIN-71756,LNK-56448,4002.10,5607.98,662,679
FIN-37705,LNK-25347,131257.08,11967.37,634,662
FIN-59570,LNK-84296,6054.53,3017.41,716,575
FIN-40983,LNK-71435,156864.96,18886.03,629,637
FIN-51671,LNK-91889,17856.88,7870.57,682,495.0
FIN-1644,LNK-85575,8774.37,9259.50,709,712
FIN-39625,LNK-23706,8589.23,10488.80,660,669
FIN-23872,LNK-73733,13145.84,9613.62,798,733
FIN-77529,LNK-22871,21627.27,23623.31,612,623
FIN-33493,LNK-38858,12593.99,,651,
FIN-60725,LNK-19388,17756.66,12363.74,667,493
FIN-14591,LNK-25523,17471.63,16224.54,760,761
FIN-64147,LNK-42232,10827.96,10704.66,770,759
FIN-95510,LNK-60113,17952.70,19057.40,600,589
FIN-72780,LNK-82187,5974.55,"$7,805.65",712.0,755
FIN-34039,LNK-48059,20110.54,,792,
FIN-90416,LNK-2256,9877.97,10505.85,736,750
FIN-63185,LNK-64518,10894.36,10758.06,620,597
FIN-24624,LNK-18895,18505.48,19592.15,808,821
FIN-11564,LNK-26575,21596.04,22218.35,696,687
FIN-35373,LNK-51324,4623.21,6511.32,755,780
FIN-57332,LNK-74607,14039.87,18950.16,775,772
FIN-11292,LNK-67248,21736.02,,751,
FIN-61032,LNK-86599,16926.18,17617.57,626,631
FIN-25007,LNK-65876,4976.39,5619.53,766,764
FIN-66409,LNK-54626,20372.17,20907.75,691,691
FIN-45033,LNK-90744,20101.83,21882.40,822,844
FIN-71167,LNK-55477,11917.88,14889.63,811,842
FIN-7215,LNK-94079,12898.30,12494.97,798,805
FIN-36576,LNK-59176,200714.88,17741.54,699,711
FIN-46106,LNK-65054,4699.91,5097.72,814,842
FIN-19881,LNK-22922,"$10,801.34",10995.13,818,817
FIN-82460,LNK-11835,20231.60,9132.26,763,719
FIN-24714,LNK-75107,4651.53,4762.64,799,787
FIN-56551,LNK-5044,17428.96,25008.18,680.0,703
FIN-59459,LNK-29905,13206.37,17070.25,714,723
FIN-57080,LNK-39284,3200.80,3142.04,787,783
FIN-82221,LNK-5285,7183.60,3538.53,615,491
FIN-66987,LNK-37025,8033.56,5466.44,684,589
FIN-68956,LNK-30470,21970.30,21398.40,794,805
FIN-82088,LNK-71465,9972.40,9571.44,741,752
FIN-60637,LNK-38836,16035.47,20300.53,781,811
FIN-78290,LNK-23047,5960.07,7397.29,657,696
FIN-72009,LNK-60942,12812.96,12698.61,597,581
FIN-69778,LNK-75140,13701.73,13431.53,609,624
FIN-61427,LNK-98323,6566.28,6378.08,772,751
FIN-62687,LNK-65921,16648.16,18282.96,769,771.0
FIN-44338,LNK-73053,20389.74,20989.87,657,667
FIN-39429,LNK-67952,15102.62,20166.37,672,677
FIN-37540,LNK-15838,4074.63,5765.20,588,611
FIN-68203,LNK-76066,13877.97,5155.39,779,596
FIN-34814,LNK-15969,8169.61,10052.42,635,650
FIN-60233,LNK-36112,6319.83,6310.65,643,631
FIN-39654,LNK-72186,8539.66,8281.86,654,669
FIN-10079,LNK-49085,18196.05,18144.66,791,791
FIN-31880,LNK-72046,4237.25,4496.48,735,728
FIN-37390,LNK-6453,21266.95,20170.10,588,569
FIN-1559,LNK-95238,"$12,318.01",12844.14,600,596
FIN-16144,LNK-58850,20136.04,29072.92,776,788
FIN-18851,LNK-72611,130789.68,4519.84,755,580
FIN-95639,LNK-29644,16750.09,16453.91,600,614
FIN-77184,LNK-56725,16222.64,19103.69,736,751
FIN-91691,LNK-14423,12043.33,12012.95,688,683
FIN-28922,LNK-97467,13000.74,17701.12,691,691
FIN-55519,LNK-86678,20523.13,20560.96,758,761
FIN-1427,LNK-99480,15781.00,208156.08,596,622
FIN-91604,LNK-33444,21374.31,28049.35,734,774
FIN-44030,LNK-40021,10089.94,10598.64,800,838
FIN-79914,LNK-5224,15029.13,6418.46,692,649
FIN-58011,LNK-35447,17677.49,248708.16,626,644
FIN-92144,LNK-46688,19075.98,20030.37,582,586
FIN-60464,LNK-12401,12341.99,11433.60,780,773
FIN-44630,LNK-58549,21068.24,24713.19,732,727
FIN-87964,LNK-16386,19222.68,19670.29,790,784
FIN-9388,LNK-32056,12615.09,16284.67,629,663
FIN-92526,LNK-28509,81873.48,6459.12,721,721
FIN-77208,LNK-97680,3292.17,4076.28,675,712
FIN-28367,LNK-78060,13000.91,15143.18,703,738
FIN-33921,LNK-91326,10221.21,9410.47,616,607
FIN-50398,LNK-46957,10836.16,11548.78,608,597
FIN-68624,LNK-94159,6127.44,7342.25,646,640
FIN-80011,LNK-80988,10894.01,10438.26,784,782
FIN-4567,LNK-83938,2858.05,3043.69,674,677
FIN-15533,LNK-57120,8300.23,8512.05,688,690
FIN-21079,LNK-22755,18312.64,18132.13,580,567
FIN-37542,LNK-81760,"$5,722.64",7158.60,703,697
FIN-70204,LNK-19249,5574.17,5817.23,763,771
FIN-38531,LNK-28082,11028.64,6142.08,730,601
FIN-39614,LNK-28124,18888.46,19199.88,748,763
FIN-63720,LNK-8780,18072.61,20752.93,630,666
FIN-80173,LNK-75720,11365.27,"$11,387.76",721,721
FIN-32772,LNK-46982,17985.73,10444.79,825,749
FIN-56303,LNK-70767,19514.58,19634.86,813.0,812
FIN-95210,LNK-37842,"$17,061.34",15797.83,786,801
FIN-46806,LNK-79231,16448.13,16395.29,705,694
FIN-54362,LNK-71617,9710.26,6036.24,586,492
FIN-16575,LNK-23069,7708.51,9339.25,750,752
FIN-10162,LNK-43421,20639.96,15663.99,779,746
FIN-48204,LNK-93281,3904.26,3688.10,764,748
FIN-54685,LNK-39356,14918.61,13935.60,594,597
FIN-73664,LNK-38923,11572.63,15884.77,717,761
FIN-53699,LNK-76069,11308.33,15045.63,703,697
FIN-18839,LNK-36041,4098.12,4005.59,727,730
FIN-93438,LNK-68425,11059.92,14152.98,725,729
FIN-18342,LNK-90037,9741.78,11322.40,751,768
FIN-92911,LNK-13481,7720.73,7171.42,640,630
FIN-32456,LNK-18771,21691.29,27097.61,679,691
FIN-9139,LNK-99316,13101.68,14338.64,717,759
FIN-61992,LNK-54948,10354.32,125848.68,585,585
FIN-4699,LNK-8770,9795.13,9425.91,683,671
FIN-87144,LNK-37349,9486.21,13026.47,749,783
FIN-55904,LNK-86969,3462.79,3492.02,753,747
FIN-44946,LNK-17631,12555.94,14966.22,778,823
FIN-81385,LNK-92937,3318.71,3365.86,710,712
FIN-68955,LNK-18392,15985.83,17814.91,758,765
FIN-4965,LNK-33725,19628.83,18110.08,663,642
FIN-42428,LNK-20168,14633.78,15232.09,771,760
FIN-31417,LNK-94243,14461.31,13826.59,653,648
FIN-14387,LNK-43217,10128.70,10234.58,605,583
FIN-50645,LNK-33447,16654.68,17017.11,696,680
FIN-5603,LNK-89635,5514.60,5841.29,676,656
FIN-18212,LNK-52472,9016.05,9664.92,582,566
FIN-93609,LNK-65154,5407.58,7283.25,799,843
FIN-18109,LNK-19634,10853.91,15693.45,700,738
FIN-59918,LNK-76684,11188.43,11826.41,757,734
FIN-84317,LNK-83890,4878.80,5168.28,676,689
FIN-40257,LNK-36221,5046.71,5362.34,598,582
FIN-32624,LNK-83288,19807.29,20987.34,593,569
FIN-33515,LNK-55293,19286.50,306338.64,823,835
FIN-28941,LNK-50174,19784.72,20001.18,801,813
FIN-89498,LNK-60243,5810.10,2709.03,661,562
FIN-24102,LNK-10898,9303.39,8748.42,657,666
FIN-86271,LNK-84050,8735.50,9834.55,785,824
FIN-94778,LNK-13202,9973.50,5497.88,724,687
FIN-99363,LNK-53802,20805.06,"$19,404.09",691,703
FIN-65495,LNK-68582,20313.54,19823.50,748,750
FIN-71371,LNK-99278,16400.88,8924.08,789,652
FIN-55244,LNK-37467,4949.88,6796.84,712,756
FIN-84327,LNK-92056,3587.89,4697.45,569,615
FIN-86026,LNK-49374,21644.84,27730.56,733,737
FIN-22227,LNK-60597,5589.10,5260.31,692,700
FIN-38259,LNK-64968,17348.05,20967.02,709,735
FIN-40092,LNK-43898,7303.70,8215.48,653,646
FIN-60843,LNK-77278,4234.58,4112.91,801,779
FIN-47156,LNK-1324,6443.83,2533.56,747,661
FIN-55836,LNK-97039,16272.53,16908.57,715,726
FIN-25648,LNK-13208,7858.13,101575.92,649,665
FIN-9208,LNK-96804,14209.33,15218.22,792,794
FIN-14780,LNK-61089,8710.75,6070.05,811,748
FIN-82991,LNK-84209,20888.51,25047.48,710,729
FIN-11026,LNK-88050,"$11,860.96",11634.30,637,613
FIN-28486,LNK-92395,20590.71,10649.20,581,540
FIN-72251,LNK-47952,8727.67,9246.59,672,647
FIN-92557,LNK-9300,5459.74,7436.28,779,815
FIN-2879,LNK-71048,9223.00,9412.44,800,799
FIN-65427,LNK-53129,3861.66,,669,
FIN-72372,LNK-29551,12617.43,12360.26,697,699
FIN-25380,LNK-57314,13126.27,13811.10,701,712
FIN-74085,LNK-28767,7574.08,4702.20,704,582
FIN-64998,LNK-65843,5717.72,5803.33,760,747
FIN-71724,LNK-36197,5726.20,7769.26,725,761
FIN-7224,LNK-43318,10242.00,13181.41,586,584
FIN-52785,LNK-38171,242461.92,18819.07,775,769
FIN-55551,LNK-45270,15771.07,14712.92,599,614
FIN-11167,LNK-72737,5310.77,5533.32,614,604
FIN-42805,LNK-76750,6489.21,"$6,543.42",780,769
FIN-92351,LNK-18117,17946.27,13599.85,717,589
FIN-40165,LNK-75205,7852.94,9030.54,716,755
FIN-46444,LNK-64614,6779.87,7105.52,768,754
FIN-82603,LNK-46054,7873.97,"$4,047.07",661,574
FIN-67932,LNK-90463,20221.07,21063.60,588,584
FIN-44427,LNK-7345,3582.13,1834.55,722,679
FIN-68318,LNK-7021,20478.31,23265.16,609,619
FIN-53604,LNK-14051,9951.37,14082.64,798,808
FIN-50375,LNK-83074,15944.27,258016.68,665.0,684
FIN-31362,LNK-61238,13548.50,"$7,673.85",738,618
FIN-47352,LNK-3134,16700.59,7964.86,715,658
FIN-57755,LNK-17284,4997.61,6932.52,781,824
FIN-43743,LNK-21707,8463.28,7911.69,732,745
FIN-93884,LNK-58840,4922.02,1730.97,793,707
FIN-39856,LNK-60836,10768.50,5685.69,689,663
FIN-11473,LNK-1088,8377.49,11031.64,640,679
FIN-69535,LNK-57072,15951.62,17052.05,707,709
FIN-4764,LNK-27518,14406.22,18689.38,591,591
FIN-22659,LNK-91255,8090.21,11075.59,639,680.0
FIN-83375,LNK-18290,18827.15,18469.28,648,655
FIN-73217,LNK-86196,14586.94,9359.83,604,493
FIN-90215,LNK-40566,5875.29,5784.95,762,758
FIN-69452,LNK-21837,3948.25,3762.93,602,600
FIN-24071,LNK-36916,6633.49,7487.82,690,687
FIN-45379,LNK-13234,20967.82,23390.48,709,717
FIN-19285,LNK-86798,8504.40,8954.03,781,768
FIN-10964,LNK-48242,17164.41,17495.60,786,768
FIN-23459,LNK-33819,10101.06,10863.96,684,694
FIN-87870,LNK-11803,6067.07,5912.85,822.0,830
FIN-69591,LNK-49738,20713.56,19709.46,635,650
FIN-93391,LNK-88098,8830.51,11022.52,583,606
FIN-71817,LNK-86054,11382.11,6296.93,736,668
FIN-50968,LNK-22695,14866.45,8461.93,684,581
FIN-57726,LNK-7787,14123.59,15143.71,611,633
FIN-77546,LNK-52949,17022.86,,602,
FIN-6439,LNK-82999,8872.14,8272.99,809,792
FIN-42431,LNK-41043,9887.29,"$7,723.81",640,529
FIN-81406,LNK-96156,2916.43,4047.88,602,634
FIN-36718,LNK-92677,19902.43,23927.77,735,732
FIN-52132,LNK-99989,9048.16,11282.17,825,837
FIN-78244,LNK-31689,3185.35,3830.28,604,611
FIN-94683,LNK-57260,15725.14,16845.02,599,596
FIN-80393,LNK-86915,7175.69,,712,
FIN-69940,LNK-12953,14686.57,13680.13,705,712
FIN-24016,LNK-93235,14678.02,14851.45,703,684
FIN-71366,LNK-13475,8542.58,8285.11,671,652
FIN-66732,LNK-1142,19257.31,22738.20,778,780
FIN-21489,LNK-28973,19263.55,214011.48,803,807
FIN-91790,LNK-63496,10365.63,14387.10,712,705
FIN-70810,LNK-11215,7431.88,7889.57,677,686
FIN-38559,LNK-18393,5486.48,5196.71,630,606
FIN-59852,LNK-78814,14399.52,13287.84,659,658
FIN-5719,LNK-30647,9335.40,9578.86,676,651
FIN-44035,LNK-69084,16493.57,10301.77,592,532
FIN-21200,LNK-90126,12654.31,11748.79,625,631
FIN-6826,LNK-59335,10050.21,11110.34,696,697
FIN-32790,LNK-2217,17817.63,17608.72,799,794
FIN-11386,LNK-2056,18758.05,12043.50,807,628
FIN-88798,LNK-92173,3723.00,3637.60,663,647
FIN-29864,LNK-46032,17346.32,20753.50,730,733
FIN-89409,LNK-16806,18041.08,25158.03,825,850
FIN-22962,LNK-56353,6444.81,6309.88,629,626
FIN-81857,LNK-91968,14078.19,13899.81,742,741
FIN-71830,LNK-18324,"$16,528.28",16851.32,697,682
FIN-73808,LNK-63613,19743.73,21439.44,747,781
FIN-61328,LNK-10283,20403.76,19068.96,597,610
FIN-12949,LNK-31008,4509.15,4413.33,659,637
FIN-97152,LNK-51209,21578.30,11054.94,653,507
FIN-99911,LNK-12708,3609.25,2485.38,727,583
FIN-22965,LNK-96782,153557.40,13514.97,735,749
FIN-28473,LNK-14425,15208.52,15386.46,674,684
FIN-98752,LNK-14526,5787.70,3282.58,802,736
FIN-21885,LNK-42071,14252.55,14157.73,681,679
FIN-3198,LNK-49177,5917.96,97583.40,752,781
FIN-57700,LNK-40223,21908.62,20815.42,705,706
FIN-51021,LNK-18973,17631.55,6808.03,580,410
FIN-69544,LNK-51164,14846.23,15188.31,818,826
FIN-58210,LNK-99717,17891.70,18407.79,647,633
FIN-39401,LNK-18451,8315.07,8746.82,665,658
FIN-17616,LNK-85092,17350.59,21369.46,724,746
FIN-59001,LNK-89753,14871.17,15788.59,631,641
FIN-99169,LNK-19724,9750.73,9417.41,589,603
FIN-72452,LNK-9966,20814.10,29614.04,666,667
FIN-52013,LNK-70534,9557.86,118002.60,653,652
FIN-18849,LNK-74831,19116.87,23380.34,716,752
FIN-57030,LNK-2110,13649.43,19695.87,771,777
FIN-71985,LNK-80995,21279.73,,808,
FIN-93068,LNK-86199,3691.35,,634,
FIN-87953,LNK-22511,6246.60,2579.51,729,625
FIN-45292,LNK-58684,4846.90,3469.95,732,673
FIN-25399,LNK-47030,6467.77,6893.32,605,596
FIN-62760,LNK-95690,20761.20,19866.57,614,615
FIN-19877,LNK-28925,17133.40,8032.77,631,562
FIN-70361,LNK-83323,15203.24,14290.16,738,738
FIN-61655,LNK-99077,19347.95,19348.08,588,568
FIN-97833,LNK-20840,15066.25,16424.74,625,642
FIN-50639,LNK-54963,6375.10,8494.85,680,682
FIN-95683,LNK-81750,18027.46,18548.03,633,620
FIN-32876,LNK-90989,18591.02,17663.78,588,584
FIN-20600,LNK-58984,13697.38,13040.46,720,701
FIN-1824,LNK-29474,9342.10,7335.04,820,773
FIN-67298,LNK-12362,11191.17,14570.92,581,582
FIN-64323,LNK-14168,9130.86,,729,
FIN-59829,LNK-19351,14549.59,14394.99,735,715
FIN-74536,LNK-99624,9963.08,10059.81,706,771
FIN-30687,LNK-17142,13734.46,13113.28,714,695
FIN-36210,LNK-78276,21965.24,16530.80,725,609
FIN-58361,LNK-96683,18506.72,21452.05,610,611
FIN-11484,LNK-51335,15461.23,15862.33,589,573
FIN-98436,LNK-47076,9755.91,7137.80,663,606
FIN-1950,LNK-57280,20195.82,28648.45,633,644
FIN-54306,LNK-42222,5983.75,5630.05,778,790
FIN-88272,LNK-19327,10641.30,10526.81,807,816
FIN-71378,LNK-33477,13155.28,14931.40,602,616
FIN-30826,LNK-37302,4086.93,5425.89,670,715
FIN-30080,LNK-85491,4417.21,5085.20,698,701
FIN-35859,LNK-12042,20749.63,27467.62,654,691
FIN-84588,LNK-73534,3149.55,3147.17,749,726
FIN-84007,LNK-79774,15862.24,21557.04,698,709
FIN-46476,LNK-79644,3596.64,4561.68,728,766
FIN-99879,LNK-80638,"$10,154.45",9649.25,664,672
FIN-84441,LNK-38345,7712.33,3045.77,725,605
FIN-93305,LNK-91502,6007.71,3037.06,802,752
FIN-49271,LNK-4515,10945.83,11403.40,773,787
FIN-63958,LNK-87298,4863.74,2298.80,747,704
FIN-32813,LNK-40537,16634.74,21584.08,609,619
FIN-45842,LNK-27928,21310.18,24863.10,671,711
FIN-56742,LNK-68862,9494.23,12642.65,752,759.0
FIN-23738,LNK-80551,8036.96,4988.01,682,548
FIN-26280,LNK-25726,7689.43,8602.19,685,694
FIN-86245,LNK-99021,8949.16,8547.11,727,713
FIN-17916,LNK-52347,6868.13,8304.49,796,840
FIN-60364,LNK-39737,"$3,302.42",4066.67,761,791
FIN-66497,LNK-85694,9854.31,9966.57,759,759
FIN-85451,LNK-8152,9278.47,9207.51,788,790
FIN-94564,LNK-32370,6197.02,6244.70,720,701
FIN-5790,LNK-65865,8687.88,10457.33,611,617
FIN-8331,LNK-51578,17763.40,18063.08,704,679
FIN-34382,LNK-15777,"$14,473.23",18594.74,583,611
FIN-44331,LNK-32599,7539.28,8222.39,792,825
FIN-28913,LNK-66481,4286.25,4388.70,640,622
FIN-45519,LNK-84634,5397.28,7600.04,641,662
FIN-70565,LNK-78847,2832.72,2745.87,745,735
FIN-47720,LNK-10307,11989.08,11913.81,776,774
FIN-93499,LNK-70243,4459.20,2934.57,662,530
FIN-77547,LNK-2581,3276.39,3469.67,666,665
FIN-62579,LNK-48329,219732.36,19083.00,814,793
FIN-29616,LNK-42480,20199.79,7982.53,603,565
FIN-8981,LNK-18299,7154.61,7199.70,782.0,776
FIN-17492,LNK-51703,10715.25,,657,
FIN-61592,LNK-75498,19705.84,21272.24,744,738
FIN-29917,LNK-56163,5055.97,3637.43,743,640
FIN-98709,LNK-48895,18540.60,18529.15,633,633
FIN-84365,LNK-72612,19728.02,23308.26,771,780
FIN-88712,LNK-90514,6328.02,6987.84,615,625
FIN-17588,LNK-23645,18749.86,18212.85,627,640
FIN-23310,LNK-62736,14556.92,13987.82,797,798
FIN-73188,LNK-10567,11212.02,10745.43,744,733
FIN-46140,LNK-3187,5090.27,4683.15,754,753
FIN-59741,LNK-77986,21128.32,239084.64,817,796
FIN-3968,LNK-9851,3585.45,,708,
FIN-41917,LNK-2807,20973.66,22144.28,682,684
FIN-93954,LNK-35365,14980.37,19628.73,726,723
FIN-22393,LNK-29277,19420.63,21365.56,822,850
FIN-34367,LNK-6220,6659.33,9481.13,622,641
FIN-6473,LNK-8925,16822.83,"$17,828.78",822,813
FIN-96265,LNK-53163,20869.94,20824.69,710,715
FIN-20974,LNK-38550,11123.19,13413.99,741,785
FIN-44393,LNK-83388,10218.89,10561.03,581,561
FIN-45850,LNK-94405,6757.57,4235.46,723,673
FIN-45269,LNK-66673,18386.25,19314.14,744,760.0
FIN-39057,LNK-55451,12091.84,11868.98,655,668
FIN-54810,LNK-92987,55262.88,4324.97,768,772
FIN-69315,LNK-53727,21056.92,28334.33,783,786.0
FIN-80119,LNK-84956,13996.69,14424.54,681,657
FIN-96216,LNK-71328,12696.35,12000.98,708,712
FIN-92797,LNK-71471,16445.31,11518.37,772,584
FIN-90644,LNK-81746,10102.96,7789.73,737,590
FIN-30220,LNK-21012,6447.81,9228.58,695,718
FIN-76870,LNK-37368,20293.13,21256.99,591,593
FIN-59965,LNK-11957,6471.62,9069.20,636,644
FIN-61051,LNK-41620,21149.59,29128.41,825,850
FIN-86097,LNK-68017,4304.35,2414.48,586,431
FIN-6069,LNK-27633,19566.74,21005.70,743,754
FIN-39426,LNK-21365,16282.83,21618.59,615,642.0
FIN-14665,LNK-71305,21645.79,9060.98,630,451
FIN-14631,LNK-43827,7456.44,8276.94,637,663
FIN-55469,LNK-52213,15774.32,10480.98,825.0,696
FIN-63478,LNK-77865,21844.11,22763.65,700,690
FIN-74127,LNK-84138,15498.96,15347.70,699,698
FIN-71442,LNK-90267,20889.98,23988.92,581,611
FIN-48144,LNK-85299,8426.55,5870.52,787,701
FIN-77517,LNK-9665,8648.13,11834.96,676,687
FIN-56224,LNK-41654,6600.71,7340.58,585,599
FIN-84575,LNK-92576,8740.95,12130.22,742,751
FIN-38419,LNK-58342,14596.57,8430.72,692,538
FIN-53393,LNK-96677,18984.91,17657.34,582,557
FIN-61323,LNK-32278,7362.23,7462.37,654,634
FIN-31519,LNK-8589,13354.47,14425.30,825,850
FIN-70159,LNK-33044,10676.05,11300.15,666,656
FIN-52245,LNK-57948,207100.80,18527.18,593,586
FIN-45993,LNK-16202,19060.61,7501.65,795,756
FIN-50822,LNK-60424,13522.23,14230.65,760,783
FIN-80786,LNK-81254,21070.51,22506.71,783,784
FIN-2331,LNK-80800,10053.09,10348.83,684,670
FIN-39931,LNK-8212,3917.77,5315.15,801,798
FIN-37508,LNK-88304,15371.84,14468.50,709,690
FIN-68488,LNK-98215,3067.79,43368.24,762,794
FIN-35675,LNK-87252,3523.05,3763.86,624,625
FIN-98796,LNK-98079,9224.37,9547.18,612,610
FIN-88966,LNK-24022,"$18,084.69",17650.43,785,787
FIN-57522,LNK-16655,12266.92,8703.73,685,567
FIN-66465,LNK-2660,8138.35,8558.30,650,655
FIN-98794,LNK-93785,6449.26,8370.55,782,778
FIN-30919,LNK-18984,19837.42,25978.16,820,831
FIN-25564,LNK-92946,231537.96,322954.44,755,752
FIN-94280,LNK-2487,13377.54,14267.31,791,769
FIN-24372,LNK-22473,10172.45,7066.36,674,547
FIN-82736,LNK-66065,14969.86,14723.66,621,628
FIN-10247,LNK-46443,4669.60,4331.97,609,592
FIN-91411,LNK-69551,9262.66,8642.55,706,705
FIN-22369,LNK-68793,5542.91,3339.28,626,554
FIN-38148,LNK-95472,14951.67,15838.77,711,715
FIN-72350,LNK-34980,13269.41,14987.84,824,848
FIN-79943,LNK-22884,148488.36,,669,
