loan_id,loan_type,approved_amount,interest_rate,start_date
LNK-84810,ARM,486130.37,5.812,2020-04-28
LNK-15592,Fixed Purchase,516802.70,4.028,2025-06-19
LNK-4278, ARM ,1337487.83,3.717,2020-10-06
LNK-98196,Fixed Purchase,392043.08,,2024-09-15
LNK-37048,Jumbo Purchase,941181.20,7.753,2021-01-03
LNK-33098,Jumbo Purchase,380782.66,0.0697,2023-09-14
LNK-30256,Fixed Purchase,574982.30,7.343,2025-05-30
LNK-19289,Refinance,567538.44,6.617,2019-07-08
LNK-97530,Fixed Purchase,333825.39,7.425,2022-09-02
LNK-14434,ARM,282371.86,6.003,2025-12-25
LNK-89696,ARM,604943.89,5.971,2025-02-16
LNK-98080,Fixed Purchase,88412.17,4.764,2022-11-19
LNK-72482,Refinance,90133.23,6.436,2023-03-22
LNK-12395,Fixed Refinance,140612.73,4.353,2024-07-08
LNK-78397,FHA Purchase,61169.81,3.941,2021-08-06
LNK-56302,Refinance,459953.10,7.298,2019-12-14
LNK-5165,Refinance,425910.39,5.768,2019-09-13
LNK-4905,FHA Purchase,211672.88,5.120,2023-05-29
LNK-13280,Fixed Refinance,255160.88,3.699,2021-04-10
LNK-29657,Fixed Refinance,143300.47,5.198%,2022-07-10
LNK-31495,Refinance,601079.58,4.633,2021-12-21
LNK-67237,Fixed Purchase,517064.34,6.815,2025-10-07
LNK-79907,Jumbo Purchase,260369.61,4.830,2022-12-28
LNK-4478,Fixed Purchase,244879.78,4.506,2023-07-15
LNK-74563,Refinance,379314.68,3.808,2020-07-26
LNK-27062,Fixed Purchase,502813.60,4.612,2023-06-29
LNK-94850,Refinance,429906.48,4.435%,2019-11-04
LNK-86181,Fixed Purchase,567835.40,4.310,2022-09-20
LNK-92924,FHA Purchase,112091.17,5.634,2023-06-06
LNK-72426,ARM,313265.25,6.461,2022-01-31
LNK-55987,Jumbo Purchase,103537.45,4.819,2022-04-23
LNK-29893,Jumbo Purchase,341281.55,5.416,2023-09-14
LNK-59878,Jumbo Purchase,366310.52,7.239%,2019-03-21
LNK-78236,Fixed Refinance,277124.98,5.339%,2025-05-05
LNK-37463,ARM,181201.49,3.910,2022-02-24
LNK-1851,FHA Purchase,368246.28,8.098,2020-10-15
LNK-21926,Refinance,227591.95,7.069,2019-08-18
LNK-92506,FHA Purchase,392995.28,5.440,2020-12-12
LNK-56392,REFINANCE,516322.47,7.056,2019-04-26
LNK-45597,ARM,"$388,693.48",6.609,2024-07-09
LNK-37421,Fixed Purchase,1131330.23,,2024-05-11
LNK-21379,Jumbo Purchase,192783.45,6.869,2022-08-18
LNK-29221,Fixed Purchase,462012.54,4.233,2024-11-25
LNK-45118,FHA Purchase,284871.07,5.471,2020-02-18
LNK-14396,ARM,607085.46,4.716,2026-03-03
LNK-13156,REFINANCE,"$178,198.43",6.174,2025-11-18
LNK-50797,Fixed Purchase,400088.33,5.085,2022-04-21
LNK-13676,Fixed Refinance,592601.64,4.966,2025-05-13
LNK-48052,Refinance,577755.45,4.284,2025-05-05
LNK-46082,ARM,262175.11,4.383,2022-08-01
LNK-80131,Jumbo Purchase,132468.42,6.530,2022-10-07
LNK-35671,Fixed Purchase,218504.36,4.866,2020-03-18
LNK-6695,Fixed Purchase,319447.78,4.474,2023-08-23
LNK-96647,ARM,377122.82,4.874,2025-06-25
LNK-61217,Refinance,172021.23,6.783,2022-04-22
LNK-71284,Fixed Purchase,141027.90,7.613,2020-10-21
LNK-17361,Refinance,565496.43,5.776,2025-11-18
LNK-50615,FIXED REFINANCE,315757.98,5.829,2023-11-14
LNK-11328,Fixed Purchase,194969.51,6.783,2025-01-21
LNK-73357,Fixed Purchase,1107415.85,7.403,2020-09-21
LNK-39427,Fixed Purchase,131881.17,6.469,2024-05-21
LNK-83397,Fixed Purchase,176395.22,4.106,2020-04-18
LNK-82070,ARM,346666.79,3.437,2025-02-06
LNK-48400,ARM,289073.18,3.265%,2023-12-07
LNK-76674,Fixed Purchase,"$228,680.67",7.022,2020-02-01
LNK-26203,ARM,374675.22,5.282,2025-03-17
LNK-93349,ARM,364581.52,5.642,2024-04-28
LNK-10116,Fixed Purchase,244885.88,7.465,2019-05-23
LNK-7006,Jumbo Purchase,513240.93,6.448,2020-05-07
LNK-87673,ARM,592747.89,3.884,2021-02-28
LNK-30871,ARM,613729.77,6.790,2026-01-13
LNK-38930,Refinance,256065.98,6.629,2019-12-23
LNK-11458,ARM,259477.84,4.795,2019-02-20
LNK-31512,Refinance,364570.68,5.058,2020-08-30
LNK-14238,Refinance,601184.94,3.823,2020-02-18
LNK-50823,Jumbo Purchase,555872.64,4.899,2026-05-06
LNK-37434,Refinance,105044.13,3.975,2025-10-29
LNK-60429,ARM,296749.12,5.655,2019-07-21
LNK-84320,FHA Purchase,1303908.74,5.068,2022-02-22
LNK-48819,Jumbo Purchase,451395.83,4.742,2022-05-15
LNK-22319,ARM,526815.48,4.642,03/29/2026
LNK-49520,ARM,573686.55,4.893,2024-10-16
LNK-47566,Jumbo Purchase,360669.29,5.103,2024-09-06
LNK-28460,Fixed Refinance,35493.13,4.095,2021-04-02
LNK-88841,Fixed Purchase,329200.04,6.815,2022-01-27
LNK-35993,ARM,297364.12,5.620,2021-09-17
LNK-92988,Refinance,180007.28,5.748,2022-12-03
LNK-90593,Jumbo Purchase,223383.06,4.143,2019-04-23
LNK-85939,Fixed Purchase,391158.06,7.478,2026-04-05
LNK-10358,Fixed Purchase,433599.22,7.511,2019-02-06
LNK-80840,Fixed Purchase,177662.35,4.723,2025-10-27
LNK-84227,Fixed Purchase,602358.08,5.594,2023-03-23
LNK-23431,ARM,201741.84,5.026,2025-12-29
LNK-71010,Fixed Purchase,358659.84,7.418,03/13/2023
LNK-96568,Refinance,"$236,232.13",5.327,2022-10-09
LNK-33087,Refinance,545898.01,6.244,2026-04-22
LNK-22417,Fixed Purchase,494528.80,7.254,2025-09-23
LNK-61589,Fixed Purchase,1047898.26,5.036,2023-09-11
LNK-50735,Fixed Refinance,396917.68,6.664,2022-11-06
LNK-36382,Fixed Purchase,371029.78,7.693,2023-01-08
LNK-84886,Jumbo Purchase,534741.70,4.538,2020-02-04
LNK-91198,Fixed Refinance,472974.85,7.050,2022-10-06
LNK-74000,Fixed Purchase,204480.44,5.579,2022-09-19
LNK-29785,Refinance,333111.94,3.615,2026-02-11
LNK-90733,FHA Purchase,123100.42,5.927,2023-04-13
LNK-43504,ARM,550904.29,6.772%,2022-11-04
LNK-8331,Refinance,570042.20,4.666,2021-01-08
LNK-31021,ARM,422602.53,5.448,2019-01-20
LNK-5207, Fixed Purchase ,"$498,845.12",4.439,2019-12-27
LNK-42347,ARM,314734.20,4.866,2019-01-20
LNK-53581,Fixed Purchase,907770.51,7.375,2021-02-19
LNK-36093,Fixed Purchase,477477.73,7.565,2022-07-02
LNK-9675, ARM ,399938.82,6.148,2022-05-06
LNK-28653,ARM,363354.30,4.705,2020-07-02
LNK-75341,Jumbo Purchase,277199.22,7.874,2023-07-11
LNK-95098,Fixed Purchase,611910.55,3.845,2024-08-28
LNK-42245,ARM,151235.31,4.046,2024-12-30
LNK-28869,Refinance,110658.80,6.744,07/17/2019
LNK-86909,ARM,288435.76,4.855,2020-09-19
LNK-66435,Refinance,89977.93,3.804,2024-11-01
LNK-52856,Refinance,158382.48,3.820,2025-12-05
LNK-85259,Fixed Purchase,141851.08,4.619,2021-12-13
LNK-61142,FHA Purchase,276488.18,4.448,2025-02-23
LNK-19726,Fixed Purchase,584221.52,0.0376,2019-12-31
LNK-35718,Jumbo Purchase,442926.73,4.142,2024-09-26
LNK-19301,Fixed Refinance,569056.97,5.227,2022-04-27
LNK-33325,Fixed Purchase,520050.45,7.457,2023-01-15
LNK-98647,Fixed Purchase,480119.00,,2019-07-07
LNK-74579,Fixed Purchase,431251.27,7.641,2025-12-21
LNK-71644,Fixed Refinance,284352.85,3.855,2023-06-28
LNK-35438,Fixed Purchase,291357.79,7.230,2026-04-11
LNK-98912,Fixed Purchase,155893.69,8.020,2020-10-14
LNK-77622,Jumbo Purchase,343231.05,5.656,2025-11-08
LNK-57155,ARM,100416.68,6.203,2020-06-19
LNK-77484,ARM,559862.75,3.334,2026-05-06
LNK-53350,Fixed Refinance,447691.97,5.707,2025-05-03
LNK-48447,FHA Purchase,552131.81,6.744,2025-12-07
LNK-29746,Refinance,217988.69,6.105,2023-04-26
LNK-19131,Jumbo Purchase,562253.11,3.801%,2020-10-04
LNK-67784,ARM,350271.69,5.880,2022-08-06
LNK-65686,FHA Purchase,111937.63,6.548,2023-07-10
LNK-12915,Fixed Purchase,322641.05,4.133,2024-08-03
LNK-7175,Fixed Purchase,351094.74,4.196,2023-08-16
LNK-15371,Refinance,526861.19,7.253,02/24/2026
LNK-21033,Refinance,195665.42,7.201,2023-01-28
LNK-83240,Fixed Refinance,536709.83,6.470,2025-09-23
LNK-21969,Refinance,468013.72,,2021-06-27
LNK-90192,ARM,424008.73,5.126,2023-03-12
LNK-56333,Fixed Purchase,172823.12,6.868,2023-08-04
LNK-79172,Refinance,185335.72,4.972,2024-02-16
LNK-9326,Fixed Purchase,265794.45,3.952,2026-02-06
LNK-51432,Refinance,498097.67,6.034,2024-08-27
LNK-51019,ARM,1398246.62,6.204,2024-06-01
LNK-79104,Fixed Refinance,571947.10,4.095,2020-06-09
LNK-62348,Refinance,409296.01,6.926,09/11/2023
LNK-70352,Jumbo Purchase,492870.44,7.942,2022-04-19
LNK-33953,Fixed Purchase,305818.83,7.006,2022-05-09
LNK-73512,Refinance,252942.28,5.614,2021-06-09
LNK-2504,Refinance,240460.03,6.089,2026-04-16
LNK-90166,Fixed Purchase,375232.94,6.840,2022-12-13
LNK-95466,Refinance,589330.40,6.097,2024-12-26
LNK-16014,Jumbo Purchase,517443.06,3.860,2020-08-18
LNK-90353,Fixed Purchase,227833.37,8.028,2021-10-23
LNK-71381,Fixed Purchase,504631.21,6.104,2023-01-09
LNK-99419,Fixed Purchase,549398.92,7.512,2026-04-04
LNK-35973,Fixed Purchase,504604.34,5.001,2019-07-12
LNK-85012,ARM,596835.55,4.257,03/11/2025
LNK-45587,Fixed Refinance,193651.66,6.842,2023-12-20
LNK-15621,Jumbo Purchase,461976.55,7.035,2025-02-16
LNK-39469,Fixed Purchase,472829.27,5.702,2019-11-02
LNK-57985,FIXED PURCHASE,359908.07,5.614,2025-03-29
LNK-21730,Fixed Purchase,1023065.07,7.828,2019-06-13
LNK-60470,ARM,"$112,207.66",5.378,2022-05-18
LNK-1425,Refinance,276575.79,4.671,2021-06-19
LNK-95646,Refinance,505648.16,5.572,2023-07-11
LNK-95329,Fixed Purchase,199144.29,5.319,2021-06-13
LNK-35522,Refinance,"$339,048.60",,2026-04-13
LNK-66612,Refinance,323431.98,5.855,2025-12-19
LNK-24416,Fixed Purchase,558828.19,7.213,2020-04-09
LNK-67542,Refinance,236313.51,6.688,2023-03-16
LNK-14947,Refinance,345440.52,6.006,2022-08-05
LNK-82959,FHA Purchase,174556.22,6.090,01/31/2019
LNK-40117,Fixed Purchase,421790.25,6.732,2020-03-01
LNK-84748,Jumbo Purchase,555070.92,5.643,2019-10-23
LNK-67540,Fixed Purchase,330685.50,4.131,2019-08-11
LNK-80818,Fixed Purchase,122686.52,7.713,2023-07-28
LNK-27071,Refinance,1188638.99,5.539,2026-03-12
LNK-21032,Fixed Purchase,1328600.99,5.306,2024-08-21
LNK-50009,Fixed Refinance,246222.63,6.461,2023-11-28
LNK-22174,Jumbo Purchase,101488.25,4.706,2023-05-21
LNK-71697,Jumbo Purchase,242813.48,5.047,2026-04-07
LNK-70514,FHA Purchase,381135.44,4.286,2019-01-21
LNK-1074,ARM,377926.12,3.877,2022-11-09
LNK-79504,Jumbo Purchase,540530.49,4.550,2025-12-01
LNK-43487,Fixed Purchase,182026.52,7.457,2025-02-26
LNK-65042, Refinance ,240499.18,3.793,2025-07-06
LNK-3552,ARM,153595.10,3.470,2025-12-12
LNK-15662,Fixed Purchase,344935.76,6.618,2025-07-20
LNK-48576,Refinance,517119.37,4.075,2022-07-06
LNK-41306,Fixed Purchase,480801.68,7.404,2020-07-04
LNK-32385,ARM,341775.37,5.967,2024-06-17
LNK-8592,Fixed Purchase,409545.80,7.485,2020-07-27
LNK-32571,Fixed Purchase,477446.37,6.914,2019-03-18
LNK-75364,Refinance,519763.68,6.477,2021-05-21
LNK-11322,Refinance,375756.09,5.288,2020-08-31
LNK-12226,Fixed Purchase,498097.49,5.016,2024-03-18
LNK-96932,Fixed Purchase,841104.64,7.943,2025-11-20
LNK-64699,Fixed Refinance,160098.32,5.665,2025-05-06
LNK-10071,FHA Purchase,478717.10,5.311,2021-06-15
LNK-70822,Fixed Purchase,226431.06,6.658,2024-10-22
LNK-17483,ARM,336275.71,3.272,2026-04-10
LNK-17828,Fixed Refinance,363934.50,6.739,2021-12-14
LNK-87474,Refinance,286512.87,5.751,2019-11-15
LNK-63296,ARM,70374.70,4.406,2022-11-14
LNK-73063,ARM,408252.87,0.0361,2020-11-09
LNK-22643,Refinance,235233.09,4.029,2025-10-01
LNK-35741,Fixed Purchase,208235.29,6.883,2024-05-26
LNK-70163,ARM,401073.13,4.620,2021-09-25
LNK-80507,Refinance,171204.09,3.557,2025-06-02
LNK-56461,Fixed Purchase,578509.08,5.514,2025-04-27
LNK-28760,Jumbo Purchase,474466.26,7.871%,2021-06-06
LNK-71686,FHA Purchase,549006.78,7.362,2025-09-27
LNK-99994,Refinance,495607.21,5.443,2020-11-17
LNK-96673,ARM,327606.53,3.950,2023-04-28
LNK-91422,Fixed Purchase,364650.57,6.727,2020-09-04
LNK-27365,Fixed Purchase,567360.40,7.568,2024-12-16
LNK-94447,Fixed Purchase,342998.90,6.375,2019-01-05
LNK-41857,Fixed Refinance,432338.98,4.882,2019-06-27
LNK-53296,ARM,587055.57,5.944,2022-12-06
LNK-89039,Fixed Refinance,492423.49,3.791,2020-07-02
LNK-86180,FIXED REFINANCE,571895.67,5.793,2025-02-05
LNK-49944,Fixed Purchase,464394.63,6.264,2020-04-27
LNK-58422,ARM,194899.00,4.613,2020-03-12
LNK-68839,Refinance,220693.51,5.094,2023-02-06
LNK-60177,FHA Purchase,297637.97,6.152,2025-04-02
LNK-16860,ARM,381877.58,4.235,2022-11-11
LNK-33493,ARM,158866.66,3.541,2021-07-30
LNK-30451,Refinance,171560.39,5.002,2022-10-18
LNK-9392,Refinance,961282.94,5.944,2020-01-09
LNK-45313,ARM,406131.31,4.073,2023-02-27
LNK-3757,Fixed Purchase,290614.42,0.0642,2024-11-04
LNK-78110,FHA Purchase,11742.72,4.512,2024-07-17
LNK-73603,Fixed Purchase,436433.06,4.994,2019-05-18
LNK-31161,Refinance,458670.61,6.096,2023-01-13
LNK-78128,Fixed Purchase,"$169,232.95",7.142,2022-12-17
LNK-29864,ARM,1212897.54,6.501,2025-03-01
LNK-1942,Jumbo Purchase,574529.80,7.940,2022-02-06
LNK-10305,FHA Purchase,328296.07,3.770,2020-12-17
LNK-93778, Fixed Purchase ,123726.49,7.870,2024-10-03
LNK-83719,Jumbo Purchase,520033.83,6.770,2023-03-25
LNK-8716,Fixed Refinance,490248.21,5.235,2024-03-02
LNK-31007,Jumbo Purchase,342854.04,5.415,2021-06-21
LNK-9834,Fixed Purchase,253915.92,5.997,2019-02-09
LNK-5117,Fixed Purchase,238699.93,7.007,2022-11-01
LNK-44309,FHA Purchase,339957.17,7.640,2022-01-07
LNK-10287,Fixed Refinance,582686.57,6.348,2021-08-19
LNK-68391,Jumbo Purchase,195626.57,4.836,2025-12-08
LNK-32195,Fixed Refinance,19134.99,7.223,2024-07-10
LNK-37500,Fixed Refinance,1035833.66,5.883,2024-07-09
LNK-88684,Jumbo Purchase,392367.87,0.0454,2024-09-24
LNK-64624,Fixed Purchase,1289415.93,5.831,2025-01-23
LNK-29080,ARM,545314.07,4.792,2020-05-08
LNK-71678,ARM,818601.91,5.250,2022-08-25
LNK-18342,Jumbo Purchase,185126.56,4.922,2025-11-16
LNK-95811,Fixed Purchase,311809.44,7.022,2023-02-04
LNK-75847,Fixed Purchase,181240.74,6.255,2021-07-25
LNK-76525,Fixed Refinance,515186.86,6.825,2021-03-14
LNK-62953,FHA Purchase,165008.21,4.518,2024-08-08
LNK-32850, Jumbo Purchase ,422398.81,5.123,
LNK-62993,Refinance,388791.47,6.162,2019-09-03
LNK-54354,Fixed Purchase,533849.86,6.989,2021-11-30
LNK-25957,Refinance,583536.85,3.479,05/11/2020
LNK-13363,Refinance,408983.18,5.999,2025-01-14
LNK-13704,Fixed Refinance,274983.34,5.350,2024-01-05
LNK-87374,ARM,238290.11,3.636,2020-11-17
LNK-57498,FHA Purchase,310671.82,5.511,2019-10-20
LNK-47438,ARM,252712.90,5.729%,2025-10-15
LNK-56519,FIXED PURCHASE,323020.64,5.330,2025-08-01
LNK-54883,ARM,174515.19,3.563,2021-08-19
LNK-62213,FHA Purchase,459872.86,4.476,2020-02-26
LNK-96561,FHA Purchase,1266746.96,6.029,2019-12-07
LNK-8100,Refinance,130106.53,4.959,2021-07-28
LNK-89259,Fixed Purchase,420167.17,7.398,2019-04-28
LNK-86649,ARM,574670.73,4.829,2025-01-23
LNK-85696,Refinance,157286.48,5.557,2025-08-17
LNK-13899,Refinance,425180.36,5.494,2026-03-04
LNK-8944,Jumbo Purchase,342683.65,4.140,2022-06-15
LNK-53772,Fixed Purchase,1302303.83,7.439,2022-11-09
LNK-96448,Refinance,452956.93,,2022-05-12
LNK-45473,ARM,241713.60,3.127,2023-03-11
LNK-15322,Jumbo Purchase,318851.91,6.860,2026-03-30
LNK-33591,ARM,225694.45,3.986,2025-11-16
LNK-26112,Refinance,237302.12,6.635,2023-08-19
LNK-25931,FIXED PURCHASE,"$158,093.86",5.731,2024-01-29
LNK-71292,Refinance,689705.66,5.540,2021-01-31
LNK-59800,Fixed Purchase,151895.97,0.0379,2020-01-05
LNK-19373,ARM,267923.38,6.058,2023-03-02
LNK-56296, Fixed Refinance ,261683.03,7.207,
LNK-25050,ARM,375607.69,6.414,2021-10-21
LNK-37509,Jumbo Purchase,150249.43,4.833,2023-12-20
LNK-61637,FHA Purchase,191561.23,4.159,2021-05-03
LNK-33742,Refinance,251978.51,0.0592,2019-06-22
LNK-10880,Refinance,150345.71,4.595,2023-01-16
LNK-59082,Jumbo Purchase,201516.71,6.503,2022-08-22
LNK-73132,Fixed Refinance,397812.82,4.372,2019-06-22
LNK-13833,Refinance,453297.50,0.0648,2021-10-15
LNK-7630,Fixed Purchase,415975.00,8.087,2026-01-04
LNK-86477,ARM,167346.36,3.497,06/21/2024
LNK-71855,FHA Purchase,506880.58,7.254,
LNK-2934,Fixed Purchase,287106.38,4.841,2019-06-11
LNK-13224,ARM,242672.31,3.802,2021-02-03
LNK-99771,ARM,335591.18,5.315,2025-03-21
LNK-31982,Refinance,325420.55,,2024-02-03
LNK-22798,Refinance,287788.31,3.475,2023-01-31
LNK-54269,Fixed Purchase,470736.91,6.094,2023-05-07
LNK-64653,Refinance,494667.74,4.533,2023-08-06
LNK-64092,Fixed Purchase,364912.29,7.383,2020-06-15
LNK-29016,Fixed Purchase,142274.52,3.888,2026-03-13
LNK-53565,Refinance,366314.43,4.424,2023-02-09
LNK-8685,Fixed Refinance,92001.07,6.023,2019-11-24
LNK-22579,Refinance,278095.44,6.962,2023-02-20
LNK-50672,Fixed Purchase,415059.33,0.0694,2022-05-29
LNK-1282,Fixed Purchase,362924.62,4.755,2023-04-28
LNK-52173,Refinance,218088.22,4.116,2025-04-05
LNK-35760,Fixed Purchase,426664.00,5.745,2023-10-16
LNK-60638,Fixed Purchase,181512.15,5.218,2020-10-09
LNK-38388,Refinance,584433.18,5.600,2022-08-22
LNK-56444,ARM,423783.84,4.297,2021-09-12
LNK-92303,Fixed Purchase,494653.90,4.855,2024-01-28
LNK-96748,ARM,473577.60,5.304,2024-10-21
LNK-73845,Jumbo Purchase,88514.32,4.684,2022-07-13
LNK-87752,Jumbo Purchase,453999.76,6.158,2025-03-28
LNK-95163,REFINANCE,135443.61,4.024,2021-12-21
LNK-64788,Refinance,209651.87,3.768%,2023-06-26
LNK-21289,Fixed Purchase,"$126,302.84",5.849,2024-06-22
LNK-25890,Refinance,393284.37,5.781,2022-05-15
LNK-39890,Fixed Refinance,289127.17,7.087,2022-10-01
LNK-29534,Fixed Refinance,307839.12,6.879,2021-07-17
LNK-8665,Jumbo Purchase,581829.44,6.500,2019-08-10
LNK-76914,Fixed Purchase,373862.41,5.935,2021-06-23
LNK-97434,Refinance,618591.51,6.411%,2025-06-14
LNK-72066,Fixed Purchase,240033.92,4.325,2019-12-05
LNK-8989,Fixed Refinance,"$378,261.54",4.994,2023-11-15
LNK-99038,Fixed Purchase,157155.86,5.872,2026-04-25
LNK-42104,Refinance,618437.14,4.369,2021-12-26
LNK-8492,ARM,579413.87,5.585,10/01/2023
LNK-7572,Fixed Purchase,269320.83,7.098,2020-11-24
LNK-77569,Refinance,614735.16,3.983,2019-07-03
LNK-63493,Fixed Purchase,451667.19,6.919,2019-12-18
LNK-66909,Fixed Purchase,592683.39,7.529,2022-03-24
LNK-70615,Refinance,144533.73,3.491,2021-05-06
LNK-21635,Fixed Purchase,377336.95,6.137,2025-12-26
LNK-8455,Fixed Purchase,1116403.95,6.636,2019-06-28
LNK-67562,Fixed Purchase,192372.39,4.930,2024-03-19
LNK-11500,Fixed Purchase,292925.15,7.457,2026-05-27
LNK-25356,Fixed Purchase,241485.13,5.431,2023-04-09
LNK-9981,Fixed Refinance,568571.55,5.788,2019-12-27
LNK-78992,Refinance,330022.65,3.486,2021-10-10
LNK-9907,Fixed Purchase,347114.07,3.830,2022-12-12
LNK-89501,Fixed Purchase,617857.01,4.950,2019-09-11
LNK-31828,Jumbo Purchase,561365.12,3.878,2025-03-23
LNK-53923,Fixed Purchase,267855.59,4.347,2023-04-15
LNK-16713,Refinance,551895.29,5.069,2025-06-04
LNK-75668,FHA Purchase,571708.44,6.109,2021-04-26
LNK-33271,Refinance,450966.02,3.952,2024-11-15
LNK-76880,ARM,571316.12,5.528,2025-05-02
LNK-78924,Fixed Purchase,383177.06,4.265,2022-07-24
LNK-6209,Fixed Purchase,100773.59,7.982,2023-08-12
LNK-82183,Fixed Refinance,524608.71,6.353,2020-09-14
LNK-11745,Fixed Purchase,183839.38,6.412,2021-12-29
LNK-55948,Refinance,404052.97,3.504,2019-11-22
LNK-87163,ARM,353743.65,5.734,2023-03-12
LNK-77503,ARM,338508.10,3.937,2023-08-01
LNK-75085,Fixed Purchase,229374.41,6.979,2021-04-10
LNK-69522,Fixed Purchase,581000.22,7.522,2024-06-29
LNK-42467,Jumbo Purchase,559859.00,7.127,2025-10-26
LNK-35179,ARM,252400.16,5.847,08/29/2025
LNK-27772, Refinance ,737453.03,5.228,2019-06-23
LNK-88782,Fixed Purchase,372759.99,3.921,2023-05-06
LNK-94872,Refinance,111373.07,4.992,2022-06-01
LNK-42180,Fixed Purchase,174070.33,7.748,2024-10-18
LNK-32285,ARM,430664.31,4.952,2021-01-06
LNK-35814,FHA Purchase,457421.07,5.549,2024-01-21
LNK-52876,ARM,564690.37,6.365,2020-01-05
LNK-18154,Refinance,570331.92,6.273,2020-05-21
LNK-85607,Fixed Refinance,424228.74,6.229,2024-09-26
LNK-40321,Fixed Purchase,786707.98,5.208,2026-05-25
LNK-60929,Fixed Purchase,162364.95,3.973,
LNK-42441,Fixed Refinance,323748.16,3.870,2020-06-22
LNK-99548,Fixed Purchase,1048102.09,5.919,2019-01-24
LNK-10508,ARM,201027.51,4.779,2023-12-15
LNK-2220, Refinance ,215921.55,5.879,2025-04-02
LNK-61068,Fixed Purchase,929215.87,4.382,2019-05-13
LNK-82416,Jumbo Purchase,"$244,666.23",3.963,2023-09-04
LNK-74792,Fixed Purchase,237143.59,6.794,2025-06-02
LNK-14104, Fixed Purchase ,"$328,605.74",7.802,2020-01-17
LNK-10602,ARM,565178.43,5.906,2025-03-04
LNK-71468,ARM,150282.43,4.318,2023-08-22
LNK-28938,Refinance,412448.75,6.319,2026-01-20
LNK-67307,Fixed Purchase,472379.66,7.179,2022-03-22
LNK-18361,Jumbo Purchase,223918.12,6.461,2020-06-15
LNK-46745,ARM,"$475,113.84",6.090,2025-11-01
LNK-10016,Fixed Purchase,188552.16,5.772,2020-04-28
LNK-33018,Fixed Purchase,414189.78,3.948,2022-12-03
LNK-49434,Refinance,91044.04,4.527,2019-10-05
LNK-38353,Refinance,1198668.63,4.765,2025-05-19
LNK-21676,Fixed Purchase,178961.56,5.220,2024-05-16
LNK-58433,Fixed Refinance,30423.94,5.909%,2025-01-08
LNK-72200,ARM,520579.14,3.307,2024-11-04
LNK-93214,Fixed Refinance,253794.02,4.233,2022-09-20
LNK-40651,Jumbo Purchase,274173.61,4.970,2019-05-08
LNK-81173,ARM,370836.15,5.341,2021-02-06
LNK-86717,Jumbo Purchase,487074.01,5.118,2019-05-10
LNK-70329,Fixed Purchase,554221.07,7.358,2022-05-24
LNK-2025,Fixed Purchase,145043.73,7.133,2020-01-15
LNK-88538,Fixed Purchase,343224.81,4.577,2024-06-03
LNK-73692,Refinance,499910.27,6.887,2024-10-15
LNK-40240,Fixed Purchase,472645.29,6.854,2024-11-09
LNK-87951,Fixed Purchase,108556.03,7.543%,2022-09-27
LNK-14577,Fixed Purchase,363509.08,5.109,2025-06-23
LNK-18601, Refinance ,197267.44,4.546,2024-12-20
LNK-35664,ARM,147943.20,4.112,2019-03-04
LNK-16129,Refinance,139770.78,5.597,2022-01-15
LNK-15029,Fixed Refinance,236548.22,3.685,2025-11-16
LNK-98310,Refinance,1372633.93,3.602,2023-04-21
LNK-21374,ARM,180755.90,5.293,2024-01-01
LNK-36697,Fixed Purchase,522331.46,6.668,2024-12-25
LNK-37930,FHA Purchase,493969.13,4.154,2024-04-02
LNK-80276,Fixed Purchase,429763.96,5.797,2021-07-05
LNK-28607,Jumbo Purchase,223058.23,4.548,2022-09-15
LNK-95058,Jumbo Purchase,1030267.49,5.279,2024-03-04
LNK-45942,Fixed Purchase,27109.26,5.960,2023-07-20
LNK-27685,Fixed Refinance,259340.30,6.570,2024-12-22
LNK-91111,Refinance,212637.78,4.036%,05/29/2024
LNK-84130,ARM,520444.90,6.002,2023-11-19
LNK-35600,ARM,456361.24,5.578,2025-06-09
LNK-67244,Fixed Purchase,403900.39,4.175,2023-12-29
LNK-65032, FHA Purchase ,122240.08,7.291,2023-04-02
LNK-33914,Refinance,117892.99,3.956,2025-07-06
LNK-7658,Refinance,85098.62,3.997,2024-12-16
LNK-13097,Refinance,324230.48,6.910,2022-05-12
LNK-84136,Jumbo Purchase,247934.32,5.641,2022-11-11
LNK-56518,Refinance,412147.55,6.791,2022-04-19
LNK-37265,Jumbo Purchase,1098024.21,0.0801,2020-03-25
LNK-6778,Jumbo Purchase,210854.03,5.465,2022-07-27
LNK-1464, ARM ,317826.68,3.742,2020-07-23
LNK-44719,ARM,579597.89,3.671,2020-05-29
LNK-18146,Fixed Purchase,93403.67,5.867,2023-11-24
LNK-84507,Fixed Purchase,158412.84,7.492,2025-10-11
LNK-35335,Refinance,328100.98,6.680,2023-04-25
LNK-22178,Fixed Purchase,408446.69,7.434%,2021-08-27
LNK-98154,Fixed Purchase,50711.98,3.896,2019-06-05
LNK-58912,Fixed Refinance,145542.94,6.162,2020-08-04
LNK-73309,Refinance,544752.60,4.518%,2024-10-18
LNK-93493,Jumbo Purchase,132318.80,6.976,2019-11-16
LNK-57057,Refinance,395101.22,7.014,2024-12-31
LNK-74519,ARM,359274.76,5.815,2023-09-21
LNK-2267,FHA Purchase,242620.60,6.773%,2025-09-13
LNK-15663,Fixed Refinance,386582.86,5.293,2020-11-23
LNK-10862,Refinance,241087.97,3.509,2024-06-08
LNK-91573,Refinance,540523.21,3.930,2022-02-24
LNK-20536,Fixed Purchase,481664.60,7.709,2020-09-11
LNK-72511,ARM,178838.66,3.974,2021-01-10
LNK-5722,Jumbo Purchase,268423.68,4.381,2020-09-23
LNK-49393,Fixed Refinance,305927.11,6.043,2026-02-24
LNK-77350,Refinance,861516.40,6.678,2019-08-04
LNK-73420,ARM,246231.41,5.884,
LNK-20410,Refinance,293687.71,5.522,2023-11-16
LNK-57333,FHA Purchase,325119.03,7.934,2019-06-18
LNK-17704,Refinance,274298.03,5.842,2026-04-24
LNK-6482,ARM,227891.98,5.521,2023-05-22
LNK-41404,Refinance,214361.38,6.482%,2024-10-30
LNK-48795,Refinance,181255.41,6.091,2019-10-06
LNK-6229,Fixed Purchase,140590.40,4.704,2022-03-06
LNK-47898,Fixed Purchase,1125310.87,7.639,2021-06-07
LNK-28535,Refinance,463820.18,6.826,2020-06-16
LNK-90399, Fixed Refinance ,431629.62,4.139,2020-03-30
LNK-33706,Fixed Purchase,334821.23,6.529,2022-02-06
LNK-88416,Refinance,442154.87,4.429,2019-10-31
LNK-14473,Fixed Purchase,292895.88,4.873,2021-12-20
LNK-47357,Fixed Purchase,608990.76,5.458,2026-03-28
LNK-74385,FIXED PURCHASE,496258.42,6.549,2023-12-14
LNK-54264,Fixed Purchase,124011.93,4.840,2024-01-01
LNK-82351,ARM,680268.51,4.545%,2020-09-12
LNK-99235,Jumbo Purchase,392432.53,7.839,2024-07-02
LNK-21257,ARM,474355.57,,2021-07-14
LNK-32029,FHA Purchase,522617.51,6.218,2023-01-10
LNK-22299,Fixed Purchase,114529.15,6.565,2023-02-05
LNK-24206,FHA Purchase,128044.38,7.084,2026-04-07
LNK-55040,Refinance,602619.43,4.595,2023-05-17
LNK-4248,Refinance,"$277,204.70",5.931,2021-02-15
LNK-24509,Fixed Purchase,470060.38,0.0588,2019-09-16
LNK-97542,Refinance,352331.02,6.647,2019-03-09
LNK-44540,Fixed Purchase,744549.69,7.261,2024-11-12
LNK-54964,Refinance,552726.64,5.717,2019-10-23
LNK-88806,Fixed Purchase,434799.87,7.743,2019-07-07
LNK-97345,Refinance,"$92,685.38",7.019,2020-02-03
LNK-33527,Fixed Purchase,401207.73,4.213,2024-07-29
LNK-35970,Refinance,118763.91,4.749,2023-07-05
LNK-21866, FHA Purchase ,393142.35,7.388,
LNK-92917,Refinance,264494.49,3.965,2023-08-28
LNK-15168,ARM,173278.28,0.0525,2020-06-30
LNK-51140,Jumbo Purchase,"$412,656.21",3.818,06/17/2024
LNK-6075,Fixed Purchase,580483.27,6.333,2022-03-08
LNK-62694,Fixed Refinance,498321.05,4.225,2026-03-05
LNK-30154,ARM,213000.76,5.659,2025-09-08
LNK-27158,ARM,593409.46,5.996,2022-11-25
LNK-61332,Refinance,187668.03,7.307,2025-12-10
LNK-46830,Fixed Refinance,373751.71,6.481,2026-05-24
LNK-41001,Fixed Purchase,145283.33,7.420,2024-04-27
LNK-30831,Fixed Purchase,94354.46,4.662,2021-10-26
LNK-30219,Fixed Refinance,1242333.51,7.099%,2020-12-21
LNK-4101,Fixed Purchase,360473.49,4.774,2023-12-27
LNK-87511,ARM,191332.00,4.305,2020-03-27
LNK-26313,Fixed Purchase,479695.11,5.384,2021-06-22
LNK-53227,Refinance,114071.56,4.265,2025-11-01
LNK-44025,ARM,157976.47,5.438,2022-01-09
LNK-37517,Fixed Purchase,759201.20,7.455,2024-02-22
LNK-10099,Fixed Refinance,202621.66,4.027,2026-02-26
LNK-37585,Jumbo Purchase,394294.97,4.749,2023-08-14
LNK-47025,ARM,617680.42,6.197,2022-02-17
LNK-85080,ARM,"$551,840.18",4.707,2021-06-29
LNK-67768,Refinance,164698.79,3.420,2019-07-01
LNK-53386,ARM,1074897.38,4.873,2020-02-06
LNK-90065,Fixed Purchase,1235429.03,7.882,2020-06-27
LNK-71282,Fixed Purchase,1185228.49,4.454,2024-02-25
LNK-44404,Fixed Refinance,98061.21,6.487,2023-07-19
LNK-4617,Jumbo Purchase,420343.86,3.756,2026-01-13
LNK-16118,Jumbo Purchase,990721.80,4.924,2025-11-13
LNK-35237,Fixed Refinance,506415.14,6.923,2019-08-13
LNK-24405,Jumbo Purchase,956364.00,5.774%,
LNK-77099,Fixed Purchase,383952.90,6.836,2021-04-18
LNK-35795,ARM,373704.10,5.828,2025-07-04
LNK-6014,Fixed Refinance,487947.82,4.682,2021-12-31
LNK-15208,ARM,114136.10,4.774,2024-08-15
LNK-79193,Fixed Purchase,464756.53,6.068,2022-04-12
LNK-57959,ARM,445218.97,6.719,2019-09-26
LNK-46309,Jumbo Purchase,131710.18,4.528,2019-11-12
LNK-96491,Fixed Purchase,457938.93,7.556,2024-11-02
LNK-42114,Fixed Purchase,307847.11,7.803,2024-04-25
LNK-58199,ARM,429906.18,3.333,2021-08-09
LNK-80457,Refinance,264694.39,6.023,2022-08-29
LNK-68033,Refinance,368638.93,5.232,2025-05-12
LNK-16157,Fixed Refinance,176879.36,5.337,2022-03-26
LNK-51488,Fixed Purchase,27319.68,4.474%,10/20/2020
LNK-76574,Fixed Purchase,605665.26,6.764,2020-09-20
LNK-25914,Fixed Purchase,"$616,668.58",5.668%,2023-02-23
LNK-34386,Refinance,103558.66,4.775,2023-03-08
LNK-6817,FHA Purchase,370498.98,3.858,2024-08-07
LNK-93901,FHA Purchase,581379.04,7.970,02/15/2025
LNK-58154,ARM,462416.48,4.172,2025-06-07
LNK-1221,Fixed Refinance,474770.93,4.755,2020-04-05
LNK-69146,Jumbo Purchase,159591.46,5.090,2023-07-04
LNK-71575, Fixed Purchase ,276205.55,6.395,2021-03-10
LNK-91027,Fixed Purchase,585580.82,3.848,01/14/2025
LNK-95297,Refinance,597328.68,4.978,
LNK-98248,Refinance,589720.16,4.844,2020-08-28
LNK-97605,ARM,925936.17,4.240%,2023-12-31
LNK-88900,Fixed Purchase,474401.55,8.068,2023-12-18
LNK-26825,Fixed Refinance,604142.96,6.986,2020-07-25
LNK-48739,Refinance,161847.02,7.354,2024-11-21
LNK-57531,FIXED PURCHASE,598650.98,4.135,2023-08-05
LNK-10171,Fixed Purchase,"$178,567.76",6.220,2020-07-14
LNK-88062,Jumbo Purchase,239862.79,7.329,2022-05-21
LNK-44279,Fixed Purchase,384215.37,3.867,2019-01-11
LNK-82678,Fixed Purchase,427697.04,4.290,2022-03-24
LNK-42145,ARM,452996.10,3.542%,2022-02-09
LNK-17334,FHA Purchase,405406.86,5.840,2023-11-22
LNK-95339,Refinance,339681.78,3.878,2024-09-30
LNK-40363,Fixed Purchase,223852.39,4.386,2024-03-03
LNK-67469,Fixed Purchase,172370.24,5.575,2022-12-29
LNK-41538,Fixed Purchase,426836.39,4.593,2026-01-16
LNK-88410,Fixed Purchase,487656.25,7.545,2022-05-18
LNK-54528,Refinance,278949.63,4.807,2020-08-11
LNK-43753,Refinance,284562.59,4.761,2020-10-29
LNK-53743,Fixed Purchase,203295.72,7.652%,2025-11-17
LNK-92384,FHA Purchase,"$537,647.32",6.805,2020-04-11
LNK-39752,Jumbo Purchase,147362.62,3.826,2022-11-27
LNK-73667,ARM,522115.71,5.311,2022-11-02
LNK-17683,Fixed Purchase,483286.22,4.310,2020-08-06
LNK-26144,Fixed Purchase,197264.94,5.598,2020-04-02
LNK-56108,Fixed Refinance,736253.91,6.572,2024-10-04
LNK-88153,ARM,891316.64,3.138,2020-01-31
LNK-50695,FHA Purchase,194889.63,4.554%,2022-12-10
LNK-89777,Fixed Purchase,484215.94,6.272,2022-12-13
LNK-99059,Refinance,474776.44,5.681,2020-02-10
LNK-23810,Fixed Refinance,367928.73,7.257,2020-12-04
LNK-81676,Refinance,605865.25,4.256,2024-08-27
LNK-75593,ARM,458501.11,5.592,2020-03-15
LNK-40446,ARM,288094.06,3.942,2020-04-07
LNK-54225,Fixed Purchase,334257.41,5.907,2023-01-19
LNK-72819,Refinance,106725.58,3.863,2022-03-07
LNK-1053,Fixed Refinance,452569.91,4.303,2023-07-27
LNK-40829, Jumbo Purchase ,185999.97,7.409,2024-05-02
LNK-38606,ARM,91840.43,5.587,2023-06-12
LNK-28549,Refinance,130478.16,5.002,2025-08-15
LNK-57346,Fixed Refinance,562448.78,4.855,2021-03-26
LNK-77019,Refinance,615003.81,6.752,2024-08-06
LNK-80516,Fixed Refinance,396326.46,6.558,2026-03-22
LNK-86813,ARM,441672.20,6.754,2024-09-25
LNK-43237,Fixed Refinance,142799.62,5.389,2026-01-17
LNK-61946,Fixed Purchase,479722.12,5.917,2019-04-20
LNK-58905,ARM,448374.33,5.401,2020-01-30
LNK-58954,Refinance,363172.67,5.264,2022-04-17
LNK-89555,ARM,"$224,990.92",6.281,2025-02-16
LNK-29010,Fixed Refinance,615030.69,3.877,2024-01-18
LNK-68000,ARM,1095333.24,6.283,2022-05-26
LNK-63021,Fixed Purchase,315414.40,5.443,2020-03-24
LNK-97463,ARM,381274.39,4.838,2025-04-21
LNK-23241,Refinance,"$294,390.88",7.283,
LNK-87356,Fixed Refinance,237174.08,5.762,2020-06-09
LNK-12114,ARM,1363074.31,4.363,2020-02-03
LNK-38196,FHA Purchase,845383.11,0.0477,2022-07-02
LNK-68561,Jumbo Purchase,120042.63,5.219,2019-03-22
LNK-88012,Fixed Purchase,436905.77,5.989,2023-09-22
LNK-83960,Refinance,399574.24,4.911,2023-05-18
LNK-82167,Fixed Purchase,346271.86,4.646,2024-07-27
LNK-44933,Fixed Refinance,266653.59,4.853,2023-11-21
LNK-13240,REFINANCE,606147.39,6.801,2021-05-26
LNK-99453,Fixed Purchase,617981.82,4.733,2020-01-12
LNK-31784,Refinance,401647.59,5.666,2024-12-15
LNK-89184,Fixed Purchase,510673.69,5.063,2022-05-13
LNK-41687,Refinance,192041.19,5.900,2024-01-31
LNK-30444,Refinance,556279.66,5.465,2021-02-03
LNK-27100,Fixed Purchase,599732.63,5.783,2026-02-25
LNK-20313,Refinance,496478.75,5.664,2026-01-11
LNK-4201,Fixed Purchase,332430.38,6.997,2022-05-14
LNK-7057,ARM,545199.48,5.446,2023-08-17
LNK-33092,Fixed Purchase,170912.61,4.777,09/03/2021
LNK-63277,Fixed Purchase,216388.84,5.769,2025-04-12
LNK-81120,ARM,569525.76,4.109,2019-04-30
LNK-10545,Fixed Refinance,"$437,388.83",6.810,2024-06-13
LNK-60692,Fixed Purchase,564630.43,5.046%,2019-09-18
LNK-55321,ARM,279437.32,3.434,2020-07-29
LNK-83544,Refinance,352632.96,6.057,2025-07-05
LNK-76454,FHA Purchase,219717.31,4.786,2020-05-15
LNK-26485,Fixed Purchase,530298.78,7.255,2021-08-24
LNK-95155,Fixed Purchase,142145.50,4.944,2023-07-31
LNK-92272,Refinance,347341.84,7.195,2022-07-20
LNK-51328,ARM,216795.48,6.002,2020-08-16
LNK-65799,Fixed Refinance,1423444.13,5.823,2019-08-12
LNK-53383,Fixed Refinance,213226.57,4.637,2023-01-26
LNK-32979,Refinance,371177.22,5.170,2019-02-02
LNK-20342,ARM,608226.18,3.434,2021-08-22
LNK-86990,Jumbo Purchase,170721.57,5.130,2026-03-24
LNK-91128,Fixed Purchase,548547.85,7.841,2024-04-13
LNK-1726,FHA Purchase,263006.38,7.746,2020-02-16
LNK-99430,Refinance,355888.96,5.808,2025-02-21
LNK-14970,ARM,1163274.01,5.432,2026-03-10
LNK-56724,ARM,421138.51,3.404,2020-10-08
LNK-29683,Fixed Refinance,495669.94,3.920,2025-08-30
LNK-24053,Fixed Refinance,255878.53,0.0634,
LNK-92214,Refinance,260255.53,3.738,2023-02-14
LNK-68889,Jumbo Purchase,590445.08,4.727,2019-04-05
LNK-61889,Refinance,420245.64,7.297,2021-03-23
LNK-7582,Jumbo Purchase,111633.89,6.362,2020-09-03
LNK-74060,ARM,591775.28,5.759,2023-11-18
LNK-33662,FHA Purchase,527582.74,4.727,2021-04-12
LNK-16906,Jumbo Purchase,503435.24,5.900,2020-06-17
LNK-60829, Fixed Purchase ,200328.13,6.911,2021-02-14
LNK-18477,ARM,"$163,079.43",4.069,2025-12-05
LNK-61901,Fixed Purchase,396853.15,4.123,2024-04-04
LNK-88500,ARM,455767.60,5.739,2023-09-30
LNK-70616,Fixed Purchase,916290.03,4.772,2022-12-22
LNK-74259,FHA Purchase,602457.27,,2019-07-06
LNK-79047,REFINANCE,288801.66,6.085,2020-06-25
LNK-42588, Refinance ,395560.50,5.415,2022-10-21
LNK-99992,Fixed Purchase,254764.80,4.367,2020-04-23
LNK-59008,FHA Purchase,352077.68,4.972,2023-01-16
LNK-81301,Fixed Purchase,554160.97,7.063,2021-12-16
LNK-95276,ARM,173266.34,4.918,2020-09-11
LNK-67162,FHA Purchase,425608.92,4.572,2019-08-12
LNK-56933,Fixed Purchase,224219.82,5.648,2024-07-20
LNK-72810,ARM,464330.59,4.924,2020-08-29
LNK-59446,Fixed Purchase,549472.61,4.482,2024-09-14
LNK-21861,Refinance,439778.66,7.392,2019-01-17
LNK-98472,Refinance,307784.16,6.473,2020-01-22
LNK-63216,Fixed Purchase,449502.10,5.465,2025-08-15
LNK-59991,Fixed Purchase,1018186.54,6.829,2024-05-19
LNK-34972,FHA Purchase,1425816.41,6.604,2024-01-30
LNK-99536,Fixed Refinance,477860.96,5.677,2021-05-15
LNK-33406,Fixed Refinance,236380.40,6.375,2025-02-19
LNK-84579,ARM,298389.30,6.671,2023-06-22
LNK-37347,Jumbo Purchase,172173.27,4.989,2026-05-03
LNK-69327,Fixed Purchase,513588.73,7.759,2025-10-07
LNK-64517,Refinance,530148.29,5.358,2023-05-09
LNK-83149,Refinance,311342.76,6.644,2025-11-19
LNK-32358,Refinance,134726.89,7.293,2021-07-07
LNK-36992,Fixed Refinance,582907.17,5.989,2019-12-10
LNK-58654,ARM,570356.13,3.650,2020-06-07
LNK-11155,Fixed Purchase,218029.63,6.223,2025-03-06
LNK-94525,Fixed Purchase,142583.21,4.161,2026-05-30
LNK-38450,Fixed Refinance,"$275,169.84",0.0648,2019-03-08
LNK-31735,Refinance,181060.42,4.972,2019-12-08
LNK-36614,Fixed Refinance,252961.30,6.429,
LNK-45020,Fixed Purchase,602195.00,4.564,2021-01-28
LNK-42904,FHA PURCHASE,223734.95,,2019-03-15
LNK-71798,FIXED PURCHASE,176878.41,6.759%,2026-05-18
LNK-11561,Refinance,"$345,396.53",7.296,2023-01-17
LNK-19136,FHA Purchase,446179.72,4.131,2020-07-07
LNK-20769,Fixed Purchase,93498.61,7.487,2021-05-07
LNK-31311,Fixed Purchase,214352.42,7.483,01/15/2025
LNK-51205,Fixed Purchase,332932.67,3.845,2020-11-11
LNK-91957,Fixed Refinance,323217.28,3.479,01/16/2024
LNK-21028,Fixed Purchase,389645.30,3.972,2019-02-02
LNK-93591,Jumbo Purchase,316006.55,5.906,2025-06-28
LNK-29043,Refinance,240564.37,5.344,2025-08-17
LNK-9418,FHA Purchase,569214.13,4.759,09/06/2019
LNK-55377,ARM,253979.83,6.404,2023-09-05
LNK-54424,Fixed Purchase,418142.73,5.700,2023-11-22
LNK-44369,Fixed Purchase,187827.69,4.760,2021-06-18
LNK-72121,Refinance,578128.54,6.261,2024-04-02
LNK-62069,Fixed Purchase,465591.07,7.374,2026-04-26
LNK-55496,Fixed Refinance,512868.96,5.887,2022-03-02
LNK-9161,Fixed Purchase,343346.02,4.430,2024-07-08
LNK-28110,ARM,616665.47,3.875,2019-07-12
LNK-56069,ARM,224532.28,3.746,2024-08-24
LNK-52049,Fixed Purchase,315381.95,4.275,2021-07-06
LNK-77556,FHA Purchase,"$504,913.91",7.100,03/31/2025
LNK-92163,Fixed Purchase,454222.54,6.662,2019-07-26
LNK-3560,ARM,329567.57,3.510,2020-03-09
LNK-76456,Refinance,544237.26,0.0565,09/08/2024
LNK-50857,Refinance,550915.17,4.028,2022-04-11
LNK-63518,Fixed Refinance,351639.19,4.017,2023-01-29
LNK-1772,Fixed Purchase,538998.37,5.559,2019-01-27
LNK-47105,Fixed Refinance,267606.24,3.741,2023-03-06
LNK-40139,ARM,"$421,750.62",5.887,2024-12-09
LNK-99759,Fixed Purchase,513946.24,5.530,2024-02-23
LNK-52116,Refinance,449976.27,5.170,2019-02-10
LNK-55921, Refinance ,122225.94,5.007,2020-11-04
LNK-71545,ARM,104845.15,3.659,2025-06-11
LNK-98978,Refinance,466652.69,5.479,2022-04-26
LNK-97289,Jumbo Purchase,459922.86,6.889,2022-07-08
LNK-72582,Fixed Purchase,234682.70,7.754,2023-07-13
LNK-80069,Fixed Purchase,376267.53,6.586,2022-11-15
LNK-29906,Fixed Refinance,301410.55,4.606%,2019-06-01
LNK-64993,ARM,469601.09,5.026,2025-01-24
LNK-29760, Fixed Purchase ,380205.43,7.043,2020-10-17
LNK-36774,Jumbo Purchase,373863.96,7.370,05/29/2022
LNK-58125,FHA Purchase,948383.09,6.477,2022-12-22
LNK-64654,Fixed Refinance,588618.52,5.690,2019-01-22
LNK-4804,FHA Purchase,515882.35,6.210,2026-01-15
LNK-51968,Jumbo Purchase,210103.28,6.651,06/04/2025
LNK-45057,Fixed Refinance,363021.66,4.711,
LNK-88670,Fixed Refinance,328055.63,5.103,2023-08-15
LNK-90016, Fixed Purchase ,560352.47,5.691,2023-02-21
LNK-53994,ARM,384048.12,6.326,2025-07-21
LNK-95919,ARM,320442.78,4.911,2023-09-04
LNK-22632,Fixed Purchase,153011.33,4.313,2024-10-03
LNK-62261,Fixed Purchase,198763.76,6.997,2025-04-08
LNK-17728,FHA Purchase,406856.11,4.276,2025-05-30
LNK-82560,Refinance,147992.08,4.898,04/19/2022
LNK-71008,Fixed Refinance,161044.80,3.595,2022-06-03
LNK-4534,Fixed Purchase,523231.91,4.282,2022-11-29
LNK-52645,Fixed Purchase,342429.39,5.718,2022-10-15
LNK-78580,ARM,470217.92,5.919,2024-08-29
LNK-74975,Fixed Refinance,441963.10,6.311,2020-01-01
LNK-87900,Refinance,304151.15,4.982,2025-01-24
LNK-4552,Refinance,322056.47,3.754,2020-11-09
LNK-12003,Refinance,510944.95,5.644,2020-05-22
LNK-85246,Fixed Purchase,596015.05,7.046,2025-05-24
LNK-57179,Fixed Refinance,1176603.53,5.527,2019-03-19
LNK-18786,Fixed Purchase,528884.44,6.271,2019-12-13
LNK-61515,Refinance,1339579.47,3.493,2023-11-26
LNK-24819,Fixed Purchase,367427.44,4.146,2020-02-11
LNK-7590,Fixed Purchase,182727.88,4.421,2023-07-27
LNK-35099,Fixed Purchase,599200.98,6.853,2022-05-05
LNK-50689,ARM,305860.20,4.489,2020-05-10
LNK-43906,Fixed Purchase,404397.47,5.963,2024-08-28
LNK-28742,Fixed Purchase,"$117,438.11",5.521,2024-06-06
LNK-60598,Refinance,1093260.21,5.745,2020-02-20
LNK-43840,Refinance,505089.59,5.027%,2019-12-10
LNK-45236,Refinance,503841.65,5.562,2020-11-19
LNK-50692,Refinance,311707.56,5.207,2019-01-05
LNK-37471,FHA Purchase,417090.51,4.478,2019-09-04
LNK-99567,ARM,404859.25,4.507,2022-12-10
LNK-56255,Fixed Purchase,53766.04,4.452,2024-12-27
LNK-34065,Fixed Purchase,296488.12,4.357,2025-03-29
LNK-11735,Jumbo Purchase,197804.84,7.239,2022-11-04
LNK-62644,FHA Purchase,463648.44,6.631,2022-08-10
LNK-3540,ARM,1203476.05,5.492,2019-01-09
LNK-99176,Fixed Purchase,90124.56,6.168,2024-06-25
LNK-71702,Refinance,506208.30,3.710,2019-05-07
LNK-7826,Fixed Refinance,323169.57,7.288,2023-03-22
LNK-46870,ARM,179794.85,5.679%,2019-02-04
LNK-30389,ARM,1244515.56,5.906,2023-01-05
LNK-86215,Fixed Refinance,419501.56,4.285,2024-07-15
LNK-9993,Fixed Purchase,348668.26,6.386%,2019-01-30
LNK-86426,Jumbo Purchase,296906.11,6.226,2024-07-16
LNK-6276,Fixed Purchase,480265.93,6.373,2020-12-19
LNK-99858,Fixed Purchase,119801.39,6.229,2021-07-22
LNK-5067,Fixed Refinance,231765.47,3.492,2024-12-22
LNK-33411,Refinance,991691.58,6.092,2026-04-16
LNK-27130,FHA Purchase,316413.27,4.942,2024-10-23
LNK-3671,ARM,491076.62,3.931,2022-02-12
LNK-82439,Refinance,254189.45,4.739,2025-05-31
LNK-20973,FHA Purchase,205710.98,7.916,2021-10-20
LNK-32266,ARM,118621.61,3.203,2023-11-05
LNK-17544,Refinance,420068.95,4.402,2020-03-17
LNK-63070,FHA Purchase,530396.87,6.011%,2021-08-27
LNK-88747,Fixed Refinance,416468.11,0.0590,2025-06-29
LNK-15993,FHA Purchase,575442.19,7.622,2019-09-24
LNK-74920,Fixed Purchase,1138590.91,5.628,2020-02-22
LNK-29569,Refinance,242780.47,3.783,2023-08-11
LNK-61952,Refinance,957136.02,6.581,2025-12-15
LNK-92680,ARM,586607.90,4.780,2022-09-06
LNK-34586,Fixed Purchase,91574.39,6.329,2021-03-04
LNK-49351,Fixed Purchase,357260.43,5.844,2025-12-18
LNK-22992,Fixed Purchase,511408.69,5.106,2023-11-21
LNK-80415,Refinance,276392.85,5.565,2020-08-19
LNK-80593,Fixed Purchase,268451.67,3.785,2025-07-30
LNK-99032,Fixed Purchase,212002.24,6.184,2019-08-12
LNK-95156,Fixed Purchase,192198.97,7.166,2022-10-30
LNK-16012,ARM,455134.94,5.662,2025-06-27
LNK-22465,ARM,245302.90,3.488,2019-06-22
LNK-41768,Jumbo Purchase,426740.37,5.779,2021-05-23
LNK-76849,Fixed Refinance,594634.70,6.360,2021-04-20
LNK-4365,Jumbo Purchase,936309.33,0.0616,2020-08-06
LNK-41888,Fixed Purchase,398342.22,3.941,2019-05-02
LNK-76470,Fixed Purchase,202135.60,4.508%,2025-03-21
LNK-89781,Fixed Purchase,179201.42,4.190,2020-07-16
LNK-50192,Fixed Refinance,144368.42,4.620,2021-09-10
LNK-52990,ARM,176677.50,6.056,2025-12-27
LNK-94718,Jumbo Purchase,119976.97,7.770,2021-02-15
LNK-26995,ARM,285226.59,6.715,2021-09-28
LNK-10961,Fixed Refinance,399219.34,4.577,2020-08-31
LNK-78607,Fixed Purchase,510652.38,7.454,2025-07-20
LNK-91520,Fixed Purchase,128553.12,6.636,2019-09-23
LNK-83213,ARM,557095.82,0.0449,10/26/2024
LNK-32830,ARM,285025.12,5.748,2024-07-19
LNK-14356,Refinance,426386.50,5.999,2021-04-28
LNK-92382,Fixed Purchase,546795.02,5.081,03/25/2023
LNK-40529,FHA Purchase,285147.44,4.334,2019-12-11
LNK-90687,Refinance,1059809.67,4.745,2024-01-22
LNK-79697,ARM,515409.89,4.515,2021-01-05
LNK-16866, Fixed Purchase ,125600.32,5.031,2024-08-17
LNK-75177,Refinance,505442.21,3.794,2019-10-20
LNK-6383,Refinance,263560.45,4.400,2022-01-29
LNK-46508,Refinance,158757.84,6.265,2025-02-02
LNK-70827,Fixed Purchase,245218.67,7.157,2023-07-13
LNK-57148,Jumbo Purchase,1173272.83,8.053,2020-09-03
LNK-87706,Fixed Purchase,471984.70,4.767,2025-08-01
LNK-49571,Fixed Refinance,471543.04,6.568,2022-07-06
LNK-10038,ARM,588932.43,4.723,2025-04-06
LNK-67317,Fixed Purchase,552456.36,6.959,2024-08-09
LNK-85874,Jumbo Purchase,266804.90,6.733,2023-07-11
LNK-45725,Refinance,245305.91,5.670,05/12/2019
LNK-2658,Fixed Purchase,594661.09,6.490,2025-10-05
LNK-56057,Refinance,294123.95,7.195,2019-09-18
LNK-65251,Fixed Purchase,143121.52,5.714,06/01/2022
LNK-14833,Fixed Purchase,120119.64,5.875,2021-02-03
LNK-57822,Jumbo Purchase,291453.35,5.016,2024-11-17
LNK-48472,Fixed Purchase,362414.45,7.490,2023-08-10
LNK-84307,FHA Purchase,154088.65,6.983,2023-05-13
LNK-61258,Jumbo Purchase,154513.77,5.630,2024-04-28
LNK-93708,Refinance,251017.85,6.267,2024-02-23
LNK-21052,Fixed Purchase,161340.21,5.487,2021-10-08
LNK-58080,Jumbo Purchase,555393.07,6.256,2020-01-09
LNK-24086,Jumbo Purchase,329124.04,6.846,2022-05-03
LNK-97180,Jumbo Purchase,539666.48,4.531,2025-12-05
LNK-69386,ARM,572295.71,5.204,2023-05-31
LNK-86256,Fixed Purchase,558764.87,7.589,2025-01-11
LNK-36400,Jumbo Purchase,458453.54,4.695,2024-07-14
LNK-81728,Fixed Refinance,149858.38,6.422,2024-08-28
LNK-71539,ARM,326250.75,4.972,2024-03-08
LNK-64372,REFINANCE,446457.81,4.775%,2023-06-24
LNK-61931,ARM,90744.49,6.493,2022-09-01
LNK-58091,ARM,331825.99,5.531,2023-11-28
LNK-96817,Jumbo Purchase,535235.96,3.829,2020-02-16
LNK-78656,Fixed Purchase,481673.87,6.671,2019-02-15
LNK-36179,Fixed Purchase,276576.54,0.0390,2024-12-20
LNK-43245,Refinance,532528.11,5.964,2026-05-27
LNK-33177,ARM,653732.59,5.958,2021-04-06
LNK-12359,ARM,212619.07,4.660,2019-03-01
LNK-37559,Fixed Purchase,442887.96,7.588,2020-11-18
LNK-60087,Fixed Purchase,"$359,187.55",5.154,2026-01-11
LNK-32963,Fixed Purchase,374810.92,4.275,2021-05-25
LNK-99366,ARM,93022.10,3.144,2021-05-21
LNK-61910,Fixed Purchase,521070.42,5.355,2019-10-03
LNK-75691,ARM,495636.64,6.765,2025-01-05
LNK-80997,FHA Purchase,389524.71,4.162,2022-08-21
LNK-88580,Refinance,447676.78,6.175,2022-09-22
LNK-50674,Fixed Refinance,452879.43,6.065,2019-10-04
LNK-45092,Refinance,397994.75,5.962,2021-08-10
LNK-4761,Fixed Refinance,1257152.82,3.896,08/26/2021
LNK-65789,Fixed Refinance,949618.90,4.586,2020-09-13
LNK-43600,Refinance,212364.22,7.354,
LNK-24834,ARM,233797.65,5.914,2024-11-03
LNK-64904,ARM,519800.14,3.947,2022-09-18
LNK-28802,Fixed Purchase,113929.58,8.049,2021-06-30
LNK-47507,ARM,257075.79,3.122,2024-07-06
LNK-34862,Fixed Purchase,424386.32,4.638,2020-01-11
LNK-45608,Refinance,510449.70,5.430,2023-10-12
LNK-37655,Fixed Purchase,471095.46,4.517,2021-10-16
LNK-79139,Refinance,602733.31,6.850,2024-05-24
LNK-92905,FHA Purchase,298060.79,5.670,2024-08-31
LNK-37211,ARM,168394.98,4.883,2023-04-12
LNK-73848,Fixed Purchase,569954.51,6.087,2025-03-14
LNK-2330,Fixed Purchase,333053.41,5.382,2025-10-18
LNK-68715,ARM,467451.90,6.490,2019-01-18
LNK-26042,Refinance,473059.78,7.103,2023-06-05
LNK-12221,ARM,346909.85,5.277,2023-08-02
LNK-32635,FHA Purchase,151595.47,4.456,2023-11-23
LNK-95381,Fixed Refinance,487093.91,6.237,
LNK-54271,Refinance,433234.89,6.343,2021-09-19
LNK-65038,FHA Purchase,278356.64,3.873,2026-03-28
LNK-73768,Refinance,590181.89,4.390,2025-06-26
LNK-32499,Jumbo Purchase,91600.50,6.553,2023-04-24
LNK-91519,Refinance,567032.67,4.155,2023-09-29
LNK-63402,ARM,455132.69,5.073,2023-04-17
LNK-85659,Fixed Refinance,487567.30,6.878,2020-03-23
LNK-94302,Fixed Refinance,269250.15,6.395,2023-06-19
LNK-65332,Fixed Purchase,175093.30,4.171,2023-09-08
LNK-59743,Refinance,477177.60,4.899,2020-07-04
LNK-3260,Fixed Purchase,592438.57,7.293,2021-01-30
LNK-13196,Fixed Refinance,517910.57,7.332,2023-08-02
LNK-39566,Jumbo Purchase,143419.56,4.097,2019-12-18
LNK-30045,Fixed Purchase,268051.28,,2020-02-17
LNK-54005,Fixed Purchase,596039.35,7.183,2019-06-21
LNK-91673,Refinance,88885.15,7.348,2021-12-24
LNK-32890,ARM,265311.03,4.472,2022-11-06
LNK-41135,Fixed Refinance,588430.21,4.914,2019-08-23
LNK-88026,Jumbo Purchase,1346433.21,5.498,2020-07-22
LNK-77225,Fixed Purchase,"$368,886.70",7.019,2021-10-15
LNK-49368,Refinance,437498.72,,2021-02-08
LNK-63031,Refinance,588936.67,0.0593,2019-07-07
LNK-73544,Fixed Refinance,447692.24,5.338,2025-11-14
LNK-70588,ARM,587410.34,4.862,2026-05-20
LNK-46056,Jumbo Purchase,477838.59,4.599,2020-08-09
LNK-56771, Jumbo Purchase ,504901.14,3.888%,2024-08-01
LNK-98771,Fixed Purchase,445088.26,7.555,2020-11-19
LNK-73140,FHA Purchase,342960.17,4.809,2020-11-29
LNK-44357,Refinance,132846.02,6.263,2020-10-18
LNK-47112,ARM,290167.05,5.761,2024-05-04
LNK-93124,Refinance,441029.86,5.934,2024-07-08
LNK-60473,Refinance,551488.22,6.465,2025-09-26
LNK-36509,ARM,571939.41,5.783,2026-05-02
LNK-41189,Refinance,543035.44,4.294,2020-04-18
LNK-33951,Fixed Purchase,267027.25,4.568,2020-04-20
LNK-31217,Fixed Purchase,252654.18,6.956,2022-06-27
LNK-16814,Refinance,538208.45,4.679,2023-02-04
LNK-95540,FHA PURCHASE,152574.44,6.320,2020-03-12
LNK-26242,Refinance,331422.48,7.172,2021-06-15
LNK-42359,ARM,406784.00,0.0556,2019-05-21
LNK-16670,Fixed Purchase,614829.28,8.086,2025-06-08
LNK-98370,Jumbo Purchase,349838.66,5.389,2022-09-26
LNK-71236,Fixed Refinance,538717.42,4.300,2019-08-04
LNK-91461,Fixed Refinance,543376.66,4.596,2026-05-24
LNK-25267,Fixed Purchase,96537.71,5.588,2024-04-23
LNK-26105,FIXED REFINANCE,294218.76,4.532,2021-03-10
LNK-29361,Refinance,137065.97,6.565,2019-08-10
LNK-97810,Fixed Refinance,329779.89,3.950,05/30/2024
LNK-64464,Fixed Purchase,201703.01,6.949,02/07/2019
LNK-37241,Jumbo Purchase,139542.10,7.484,
LNK-95972,ARM,535288.15,3.455,2024-04-24
LNK-78278,Fixed Purchase,609448.07,6.331,2020-08-31
LNK-69765,ARM,103186.16,4.908,2025-09-07
LNK-79222,Refinance,285823.83,6.581,2026-05-21
LNK-38093,ARM,522734.41,5.440,2023-12-29
LNK-14176,Fixed Purchase,129210.79,6.659,2024-09-18
LNK-26443,Refinance,613231.89,6.175,2020-01-23
LNK-39829,Fixed Purchase,344042.44,5.636,2025-05-29
LNK-30816,ARM,466865.96,5.089,2023-07-19
LNK-48301,Fixed Purchase,382492.19,7.283,2024-06-24
LNK-24519,Jumbo Purchase,373355.26,6.585,2021-04-29
LNK-40618, Jumbo Purchase ,181655.33,4.533,2025-03-22
LNK-2854, Fixed Purchase ,105941.59,6.589,2019-12-26
LNK-93801,Jumbo Purchase,103727.82,5.952,2023-01-29
LNK-17591,Fixed Purchase,607750.16,4.830,07/09/2019
LNK-36954,Refinance,503798.98,5.180,2025-06-21
LNK-6965,Fixed Purchase,572268.99,6.387,2024-09-22
LNK-8146,Fixed Purchase,523573.36,4.568,2022-05-12
LNK-73529,FIXED PURCHASE,156801.28,6.324,2022-02-10
LNK-39290,Refinance,124782.42,4.927,2020-10-30
LNK-92411,Fixed Purchase,220985.98,6.771,2025-01-04
LNK-17551,Refinance,"$229,128.83",5.982,03/05/2023
LNK-84606,Refinance,358613.68,6.686,2022-07-19
LNK-99669,ARM,98861.78,3.387,2020-05-25
LNK-65340,Refinance,302627.98,3.756,2022-09-28
LNK-14446,Fixed Purchase,511982.09,4.176,2021-06-29
LNK-2607,Fixed Purchase,580215.19,6.918,2022-06-09
LNK-76243,Fixed Refinance,136114.20,5.689,03/01/2022
LNK-38268,Refinance,564665.08,7.186,2023-05-15
LNK-62524,Fixed Refinance,447629.36,5.607,2023-07-08
LNK-63746,Fixed Purchase,90081.15,4.426,2020-06-01
LNK-58733,Refinance,228042.90,5.957,02/25/2023
LNK-45657,Fixed Purchase,410656.10,4.547,2022-12-20
LNK-25164,Refinance,232565.29,7.167,2021-07-26
LNK-7734,Jumbo Purchase,591888.24,5.110,2020-01-05
LNK-34092,Fixed Purchase,213419.66,6.253,2019-12-13
LNK-63616,Refinance,348675.04,7.249,2023-10-03
LNK-15953,FHA Purchase,157989.18,6.730,2024-12-20
LNK-9564,ARM,414713.33,5.860,2023-10-07
LNK-53521,Fixed Refinance,215661.04,7.203,2024-12-03
LNK-65454,Fixed Purchase,325028.84,7.796,2024-11-14
LNK-10710,Fixed Purchase,281372.25,5.287,2019-07-28
LNK-76631,ARM,284706.78,6.482,2021-10-20
LNK-83502,Jumbo Purchase,543926.30,5.852,2021-12-20
LNK-90974,Fixed Refinance,389330.44,4.619,2026-03-18
LNK-8026,Jumbo Purchase,585446.70,7.440%,2019-08-24
LNK-20887,Refinance,260775.21,3.421,2021-02-01
LNK-20555,Fixed Purchase,315480.04,6.052,2020-09-21
LNK-74772,Jumbo Purchase,88697.09,4.838%,2024-04-11
LNK-40824,Fixed Purchase,314162.69,7.280,2020-03-21
LNK-12164,Refinance,320055.83,6.388,2019-01-24
LNK-33530,Jumbo Purchase,191178.57,3.925,06/05/2023
LNK-16525,ARM,101909.50,6.609,2021-12-24
LNK-74147,ARM,350128.66,3.572,2023-06-26
LNK-55548,FHA Purchase,536038.66,4.227,2020-03-17
LNK-80471,Fixed Purchase,1197550.13,3.976,2022-11-02
LNK-79135,Refinance,89295.46,4.529,12/05/2019
LNK-82057,Fixed Purchase,166585.21,4.835,2020-04-16
LNK-30581,FHA Purchase,217334.59,4.613%,2020-02-27
LNK-69494,Refinance,181935.71,5.765,2026-02-11
LNK-50856,Fixed Purchase,299686.49,4.586,2020-08-21
LNK-60049,Refinance,975837.75,4.626,2026-02-07
LNK-59028,Fixed Purchase,312950.58,5.608%,2019-07-31
LNK-39974,Fixed Purchase,235097.43,5.569,2022-08-03
LNK-78139,Fixed Purchase,85286.72,5.149,2022-03-14
LNK-57207,Jumbo Purchase,138907.51,7.875,2023-01-29
LNK-41026,Fixed Purchase,442886.93,7.102,2020-06-17
LNK-75531,Fixed Refinance,278340.96,5.515,2023-03-03
LNK-82399,Fixed Purchase,397615.06,4.213,2026-01-22
LNK-8894,Fixed Purchase,398810.38,6.596,02/19/2021
LNK-80905,ARM,137771.01,5.390,2022-05-19
LNK-98004,FHA Purchase,193069.53,3.941,2021-02-24
LNK-14006,Fixed Refinance,561998.86,6.784,2025-04-14
LNK-28235,Jumbo Purchase,324937.99,7.712,2019-10-05
LNK-82987,Refinance,594557.66,4.068,2022-01-27
LNK-28659,Fixed Purchase,109313.20,7.206,2021-02-18
LNK-35687,ARM,451311.44,6.695,2020-11-08
LNK-87563,Refinance,385936.75,5.829,2021-04-27
LNK-11641,Fixed Purchase,201527.13,7.574,2024-10-01
LNK-21585,Fixed Refinance,365914.16,4.281,2022-01-04
LNK-32439,Fixed Purchase,109402.67,3.920,2020-08-29
LNK-23782,Fixed Purchase,"$156,139.70",3.974,2021-10-16
LNK-73350,FIXED PURCHASE,147158.89,6.502,2023-02-20
LNK-10838,FHA Purchase,557932.72,4.331,2025-11-09
LNK-21517,FHA Purchase,934386.52,6.928,2022-02-19
LNK-1350,FHA Purchase,372502.95,7.135,2025-07-17
LNK-54545,Fixed Refinance,289359.82,6.880,2026-02-11
LNK-60048,Fixed Purchase,32168.92,4.637,2026-01-23
LNK-91357,Fixed Refinance,168268.19,6.305,2023-02-18
LNK-78832,ARM,350339.23,6.118,2020-12-22
LNK-62592,ARM,475271.80,3.178,2020-10-29
LNK-39175,Fixed Refinance,452741.25,3.974,2023-10-13
LNK-5278,Jumbo Purchase,604156.22,6.041,2019-02-18
LNK-31340,ARM,96083.01,0.0592,2026-03-24
LNK-38762,Fixed Purchase,497012.93,7.833,2025-09-22
LNK-93662,FHA Purchase,597325.46,6.952,2022-10-18
LNK-38056,Fixed Purchase,159488.10,7.632,2020-10-30
LNK-93141,ARM,215437.74,4.090,2025-02-04
LNK-60510,Jumbo Purchase,140006.19,5.975,2023-08-29
LNK-10329,Jumbo Purchase,97840.47,4.391,2026-05-08
LNK-91096,FHA Purchase,451163.35,6.860,2020-04-05
LNK-31595,FHA Purchase,205119.51,4.976,2019-11-09
LNK-35675,Fixed Purchase,578975.99,7.646,2025-10-12
LNK-82927,ARM,264141.57,4.673,2022-05-20
LNK-78304,Fixed Purchase,553340.16,5.922,2023-02-20
LNK-87662,Fixed Refinance,465549.07,3.409,2020-08-31
LNK-26928,Fixed Purchase,164062.40,7.216,2024-05-13
LNK-56723,Fixed Purchase,313687.44,4.379,2022-08-16
LNK-16043,Fixed Purchase,290984.31,5.594,2023-08-23
LNK-72376,Refinance,158948.38,7.086,2023-04-19
LNK-30466,ARM,370567.30,6.139,2023-04-25
LNK-85886,Fixed Refinance,366916.08,6.645,2021-06-17
LNK-20528,Fixed Purchase,86533.37,3.825,2025-04-06
LNK-35816,Fixed Purchase,143933.63,5.320,2020-07-24
LNK-19643,Fixed Purchase,541522.03,7.721,2021-09-20
LNK-10359,Fixed Purchase,484642.52,6.777,2020-08-09
LNK-8816,Fixed Purchase,601228.56,6.801,2025-07-10
LNK-22747,Jumbo Purchase,942195.37,4.094,2019-11-12
LNK-41319,Jumbo Purchase,307824.76,5.793,2020-07-27
LNK-78993,Refinance,245236.62,4.749,2026-03-26
LNK-99167,Fixed Purchase,168399.72,3.890,2020-12-11
LNK-75607,Fixed Purchase,530483.85,7.560,2025-03-19
LNK-38828,Fixed Purchase,391054.85,4.739,2020-10-04
LNK-58560,Fixed Purchase,286994.75,6.983,2023-06-29
LNK-17299,Fixed Purchase,183276.17,6.183,2019-11-13
LNK-62433,ARM,252556.47,6.161,2020-11-06
LNK-91266, ARM ,311958.71,3.486,2023-01-25
LNK-40857,Jumbo Purchase,"$100,006.14",6.106,2019-09-25
LNK-92715,Fixed Purchase,571682.55,4.628,2019-05-13
LNK-53757,Fixed Purchase,1439195.18,5.855,07/16/2019
LNK-36683,FHA Purchase,89536.12,4.978,2023-06-19
LNK-66597,Fixed Purchase,293993.10,4.313,2020-02-03
LNK-71776,Jumbo Purchase,354414.45,7.122,2019-04-08
LNK-65722,ARM,398701.64,4.173,2020-09-12
LNK-58377,Fixed Purchase,419884.71,4.757,2021-06-02
LNK-11543,Refinance,496321.76,7.255,2024-10-15
LNK-79385,Refinance,364958.59,5.190,2020-06-21
LNK-6224,ARM,542934.62,6.396,2023-05-07
LNK-57626,FHA Purchase,409679.22,6.216,2024-07-30
LNK-97276,Fixed Purchase,494979.76,7.524,2019-12-24
LNK-43247,ARM,175798.94,3.352%,2025-06-19
LNK-80129,Fixed Purchase,180864.65,4.872,2024-04-22
LNK-33816,Fixed Refinance,321494.28,7.159,2025-05-18
LNK-4390,ARM,"$238,344.41",5.393,2020-06-12
LNK-12970,Refinance,419178.07,3.734,2023-08-20
LNK-31005,Fixed Purchase,553412.00,6.450,2026-03-22
LNK-89381,Fixed Refinance,459363.73,4.018,2020-03-07
LNK-76392,Fixed Purchase,298615.02,5.439,2024-03-08
LNK-77955,ARM,335641.45,6.128,2020-03-22
LNK-3719,Fixed Refinance,575841.29,6.473,2021-03-28
LNK-89117,Fixed Purchase,268196.60,0.0467,2024-05-04
LNK-36325,ARM,376618.45,3.638,2021-05-24
LNK-76529,Fixed Purchase,406576.42,7.824,2023-01-20
LNK-6273,FHA Purchase,199180.14,3.850,2023-09-29
LNK-23962,Refinance,129721.34,5.020,2022-05-06
LNK-62669,ARM,309551.20,6.404,2021-01-23
LNK-69021,Fixed Purchase,567378.33,7.026,2020-11-04
LNK-86394,FHA Purchase,342669.51,7.160,2023-11-25
LNK-58963,Refinance,1276457.90,5.789,2019-11-15
LNK-37458, Refinance ,162370.22,6.694,2022-07-20
LNK-24788,Jumbo Purchase,584593.38,5.126,2023-07-23
LNK-77720,Fixed Refinance,613707.65,0.0683,2026-02-11
LNK-58132,FHA Purchase,137133.64,8.009,2023-09-18
LNK-84202,Fixed Refinance,406504.70,4.239,2021-02-21
LNK-65451,Refinance,92688.49,3.465,2022-06-11
LNK-12959,Jumbo Purchase,459134.67,5.734,2023-08-08
LNK-62605,Jumbo Purchase,312829.32,5.211,2020-12-21
LNK-46607,ARM,380723.16,4.713,2022-03-13
LNK-54523,Refinance,319059.11,5.882,2020-02-11
LNK-44687,Fixed Refinance,140539.44,5.865,2023-08-12
LNK-43081,Fixed Refinance,"$418,746.74",5.934,2024-08-23
LNK-88835,Fixed Purchase,240098.89,4.720,2024-02-06
LNK-14710,Fixed Purchase,543143.31,5.275,2024-03-15
LNK-22079,Jumbo Purchase,"$461,551.70",3.783,2023-03-15
LNK-44228,Refinance,228170.89,0.0463,08/26/2023
LNK-54955,Fixed Purchase,670997.45,7.189,2024-10-26
LNK-91921,Refinance,264273.12,7.371,2021-09-17
LNK-65942,ARM,414703.34,3.291%,2025-06-24
LNK-38777,FHA Purchase,293870.26,5.504,2022-07-27
LNK-87846,ARM,138274.19,4.966,2026-01-30
LNK-53488,ARM,492761.95,6.198,2020-10-13
LNK-73102,Fixed Purchase,134896.99,6.486,2025-08-27
LNK-5809,Refinance,375864.78,5.687,2019-04-14
LNK-60614,Fixed Purchase,327732.85,5.308,2021-09-08
LNK-12542,Fixed Purchase,188698.47,6.909,2023-03-29
LNK-42224,Refinance,232106.18,5.910,2026-02-27
LNK-34082,Jumbo Purchase,144348.36,4.284,2020-08-03
LNK-43372,Jumbo Purchase,134635.77,5.322,2021-05-01
LNK-16194,ARM,96746.98,6.649%,2019-11-09
LNK-53976,ARM,560996.73,4.768,2020-10-21
LNK-68449,Fixed Purchase,180592.23,6.389,2019-05-09
LNK-1150,ARM,270529.29,5.320,2019-01-21
LNK-87200,Fixed Refinance,580722.00,3.518,2019-04-05
LNK-72118,Fixed Refinance,200723.99,6.994,2019-05-01
LNK-61552,Fixed Purchase,474342.99,4.914%,2024-05-26
LNK-55165,Fixed Purchase,463824.71,5.782,2024-07-23
LNK-8104,FHA Purchase,578456.23,4.611,2022-02-25
LNK-25586,Fixed Purchase,509336.98,4.471%,2021-04-23
LNK-68952,ARM,557328.67,5.864,2022-07-29
LNK-48419,Refinance,314682.44,4.896,2026-02-04
LNK-82609,ARM,560855.58,4.036,2023-08-06
LNK-66338,Jumbo Purchase,430127.41,5.282,2019-05-03
LNK-82973,Fixed Refinance,314721.94,4.381,2021-05-31
LNK-58939,ARM,502040.29,4.279%,2019-02-14
LNK-7764,Fixed Purchase,388596.05,4.762,2019-09-29
LNK-27680,Refinance,"$367,085.36",4.512,2025-10-25
LNK-36003,Fixed Refinance,444169.56,5.985,2023-11-18
LNK-72987,ARM,190460.94,4.945,2022-01-29
LNK-18172,Fixed Purchase,176559.76,5.415,2025-06-18
LNK-38752,Fixed Purchase,504068.52,3.770,03/06/2024
LNK-58424,Jumbo Purchase,300503.77,7.743,2019-06-10
LNK-92521,Fixed Purchase,336392.94,5.556,2022-05-17
LNK-64532,Fixed Refinance,299184.22,4.653,2025-11-13
LNK-16915,Fixed Purchase,611422.26,6.539,2020-05-12
LNK-4783,FHA Purchase,139967.83,7.341,2020-07-22
LNK-83578,ARM,452865.42,3.730,2021-02-21
LNK-80806,Fixed Refinance,521638.98,3.420,2019-08-04
LNK-32365,FIXED REFINANCE,144279.92,3.700,2022-09-10
LNK-94032,Fixed Refinance,288062.71,7.099,2025-07-17
LNK-21758,Fixed Purchase,546113.77,7.612,2023-08-20
LNK-41730,Refinance,364143.58,5.312,2024-06-30
LNK-73199,ARM,476012.55,4.076,2022-04-28
LNK-2792,ARM,532015.02,5.494,2021-04-23
LNK-73384,Fixed Purchase,349614.08,6.667,2024-04-01
LNK-54476,Fixed Purchase,140926.07,6.319,2024-12-01
LNK-13217,Fixed Purchase,590244.03,6.601,2024-08-28
LNK-15871,Fixed Purchase,575433.03,5.718,2025-12-16
LNK-61482,Fixed Refinance,185555.11,4.057,2022-06-12
LNK-16396,Refinance,139604.43,3.829,
LNK-85896,Jumbo Purchase,1179508.40,5.719,2021-12-23
LNK-21181,Refinance,274618.36,4.988,2023-10-31
LNK-66323,Fixed Purchase,230835.04,6.572%,2023-09-27
LNK-94926,Fixed Purchase,179505.13,6.392,2024-10-25
LNK-39254,Refinance,430794.50,4.278,2019-08-06
LNK-67698,Refinance,212740.42,4.502,2025-12-15
LNK-93459,ARM,295193.70,6.149,2022-01-03
LNK-36838,Fixed Purchase,193912.88,6.820,03/25/2022
LNK-55459,Fixed Purchase,354233.48,5.824,2022-06-04
LNK-64242,Refinance,176074.43,4.067,2022-09-22
LNK-62894,Fixed Purchase,"$91,813.13",5.203,2020-12-28
LNK-32946,Jumbo Purchase,176337.94,3.792%,2022-12-13
LNK-60871,Refinance,346244.43,3.838,2019-03-13
LNK-73255,FHA Purchase,531917.08,4.478,2020-08-23
LNK-19958,Fixed Purchase,515082.55,5.884,2022-12-07
LNK-51277,Fixed Purchase,345273.92,3.809,2022-12-15
LNK-25983,ARM,362039.61,6.301,2025-09-06
LNK-79561,Fixed Purchase,36230.26,4.393,2023-08-08
LNK-67616,Refinance,160773.72,4.377,2023-10-31
LNK-98818,Fixed Refinance,88705.53,5.955,01/26/2022
LNK-18892,Refinance,566083.44,7.233,2024-11-28
LNK-10150,Jumbo Purchase,271632.11,6.313,2022-02-05
LNK-37208,Fixed Purchase,363241.59,6.414,2023-11-11
LNK-55387,Refinance,509001.18,3.841,02/04/2019
LNK-45548,Refinance,334479.85,7.267,2025-12-30
LNK-67550,Fixed Purchase,345451.27,5.032,2024-02-03
LNK-36018,Fixed Purchase,894657.20,5.622,2026-05-28
LNK-1336,Fixed Purchase,"$158,679.55",7.166,08/18/2024
LNK-38072,Fixed Refinance,167944.80,4.483,2021-03-16
LNK-96164, Jumbo Purchase ,1396347.81,4.832,2026-02-22
LNK-40132,ARM,568727.11,6.505,2025-09-11
LNK-77931,Refinance,448223.92,5.713,2021-03-28
LNK-77011,ARM,191744.90,4.200,2026-01-17
LNK-87499,Fixed Purchase,503587.07,4.168,2024-11-26
LNK-65178,Fixed Purchase,585160.70,5.787,2023-10-18
LNK-20476,FHA Purchase,331786.93,3.865,2023-09-21
LNK-59529,FIXED PURCHASE,570164.10,6.274,2023-03-09
LNK-71592,Refinance,387582.41,6.421,2023-05-28
LNK-64483,Refinance,332602.18,5.472,2019-08-11
LNK-46236,Fixed Purchase,612602.83,0.0634,2022-04-05
LNK-44573,Refinance,547408.06,5.738,2024-09-23
LNK-73340,Fixed Purchase,"$194,709.48",6.971,2024-07-21
LNK-72228,Jumbo Purchase,427222.45,6.483,2019-01-27
LNK-50441,Refinance,192374.43,4.012,2020-05-10
LNK-60682,Fixed Purchase,105463.60,5.450,2020-05-13
LNK-43176,ARM,183463.51,6.237,2021-12-02
LNK-25727,Refinance,544732.93,5.129,2026-02-18
LNK-92422,Fixed Purchase,483360.19,5.975,2025-02-17
LNK-32300,ARM,239855.23,5.278,
LNK-75946,ARM,458244.20,4.643,2023-10-07
LNK-51196,Fixed Purchase,149267.68,6.275,2019-05-20
LNK-31613,Jumbo Purchase,1375646.75,7.938,2024-03-31
LNK-54841,ARM,"$89,879.23",4.952,2024-08-23
LNK-6720,Jumbo Purchase,365904.77,4.509,2020-09-12
LNK-42704,Fixed Refinance,266520.73,6.547,2022-02-14
LNK-98609,Refinance,579060.16,6.757,2024-06-04
LNK-93435,ARM,437549.92,6.531,2026-05-22
LNK-50968,Fixed Purchase,258380.99,5.264,2025-12-04
LNK-51604,Fixed Purchase,100794.19,4.758,2020-03-11
LNK-87991,Refinance,258157.77,6.487,2021-08-27
LNK-86461,Jumbo Purchase,474567.29,7.984,2019-09-21
LNK-20936,Fixed Purchase,105018.78,5.671,2023-03-14
LNK-65923,Jumbo Purchase,579099.70,6.789,2023-03-27
LNK-5852,Refinance,382710.50,5.364,2022-03-17
LNK-17547,Fixed Refinance,317223.71,6.560,2019-12-19
LNK-66836,Refinance,442732.16,6.640,2019-01-22
LNK-78356,ARM,377420.75,3.786,2026-03-15
LNK-44515,Fixed Purchase,195999.01,5.929,2022-12-31
LNK-14154,Refinance,158762.34,5.110,2023-03-21
LNK-58711,Refinance,153047.93,3.804,2024-08-04
LNK-14069,Refinance,262042.09,7.162,2021-10-26
LNK-69937,ARM,551756.76,4.166,2024-12-28
LNK-60890,Jumbo Purchase,583517.84,5.487,2019-08-21
LNK-3011,Jumbo Purchase,396783.29,8.034,2026-04-29
LNK-95692,ARM,224571.39,5.930,2020-07-24
LNK-19894,Fixed Refinance,261340.91,7.049,2019-09-13
LNK-54736,Fixed Purchase,592178.71,6.808,2019-05-25
LNK-86823,Fixed Purchase,307688.49,7.793,2025-03-08
LNK-21232,Fixed Purchase,471981.43,5.910,2021-07-11
LNK-10807,ARM,247328.82,6.694,2019-03-29
LNK-62537,Fixed Purchase,503275.07,6.395,2023-04-03
LNK-35737,Fixed Refinance,1262545.21,6.182,2023-10-27
LNK-45375,Refinance,146837.01,5.863,2023-02-15
LNK-82691,ARM,576166.69,3.440,2019-02-11
LNK-91794,Fixed Refinance,560259.41,5.672,2019-03-03
LNK-53098,Fixed Purchase,"$1,000,844.71",4.979%,2022-07-10
LNK-86175,Refinance,215670.72,5.824,2024-05-14
LNK-11527,Refinance,125862.16,4.223,2023-01-02
LNK-44065,Jumbo Purchase,322294.88,5.346,2025-03-08
LNK-89389,Refinance,366861.64,6.191,2024-08-24
LNK-70942,ARM,304796.11,4.899,2019-11-18
LNK-50808,Fixed Purchase,607127.05,6.977,2021-05-13
LNK-42505,FIXED REFINANCE,838084.20,5.161,2024-02-02
LNK-83155,Fixed Purchase,532433.99,6.309,2022-05-15
LNK-95203, Fixed Purchase ,234314.48,5.905,
LNK-64956,Fixed Purchase,195065.61,0.0563,2019-08-03
LNK-71912,Fixed Purchase,493203.03,7.709,2022-10-09
LNK-5705,Jumbo Purchase,518480.37,7.044,2022-10-28
LNK-81931,Refinance,548172.13,7.114,2019-08-22
LNK-9968,Refinance,594573.37,4.550,2024-12-30
LNK-31771,Refinance,389042.13,4.050,2023-04-11
LNK-83727,FHA Purchase,212451.39,4.971,2022-01-28
LNK-90705,Fixed Purchase,75400.44,5.467,2025-11-26
LNK-38667,Fixed Purchase,219024.60,7.106,2019-02-20
LNK-30817,Refinance,256729.32,4.115,2024-03-10
LNK-98880,FIXED PURCHASE,104797.01,6.524,2025-03-29
LNK-12846,Fixed Purchase,587276.33,6.405,2022-07-10
LNK-57881,ARM,223033.72,4.060,2024-07-20
LNK-13903,Refinance,163592.46,3.598,2020-04-13
LNK-84066,Fixed Purchase,356094.76,5.130,2025-03-16
LNK-93260,Fixed Purchase,467284.02,4.870,2022-12-18
LNK-14173,Fixed Purchase,210562.82,5.955,2020-04-08
LNK-59153,Fixed Purchase,259297.14,7.329,2023-08-31
LNK-22805,ARM,1135573.39,4.433,2023-07-30
LNK-91964,ARM,589226.56,3.215,2023-02-17
LNK-40251,FHA Purchase,1137230.52,7.265,2024-09-23
LNK-4794,Fixed Refinance,504154.92,7.160,2023-04-01
LNK-7028,Fixed Purchase,473548.97,8.091,2019-11-18
LNK-43516,FHA PURCHASE,615890.89,8.090,2026-01-25
LNK-8355,ARM,477179.43,5.053,2019-07-30
LNK-39452,Refinance,363379.76,4.180,06/14/2025
LNK-47984, Fixed Purchase ,215044.24,5.325,2024-02-11
LNK-50131,FHA Purchase,455794.13,7.916,2023-08-07
LNK-57450,ARM,355519.24,5.517,2025-10-14
LNK-20080,Fixed Refinance,207923.37,7.347,2025-01-11
LNK-33007,Jumbo Purchase,445646.24,6.384,2022-03-21
LNK-70621,Fixed Purchase,303548.99,4.396,2024-07-17
LNK-55008,Fixed Refinance,566431.77,3.462,2020-05-09
LNK-90364,Fixed Refinance,465589.30,3.804,2019-05-20
LNK-24600,Fixed Purchase,174310.57,5.990,2024-12-08
LNK-23280,Jumbo Purchase,274586.76,6.173,2022-04-16
LNK-23946,Jumbo Purchase,565619.33,6.432,2019-07-05
LNK-11350,FHA Purchase,593206.69,6.494,2023-11-20
LNK-80887,ARM,157013.96,5.934,2024-09-17
LNK-82226,Jumbo Purchase,402551.01,6.575,2023-04-03
LNK-90539,Fixed Purchase,471555.25,7.113,2021-08-09
LNK-32566, ARM ,386810.27,5.245,2023-10-14
LNK-66230,ARM,490155.61,3.255,2021-05-12
LNK-77435,Fixed Purchase,555577.30,5.261,2020-11-09
LNK-19758,Fixed Purchase,319820.46,5.005,2021-11-28
LNK-31433,Fixed Refinance,579615.98,3.964,2021-04-27
LNK-61443,Refinance,175336.04,3.559,2025-01-20
LNK-84611,Fixed Purchase,346275.75,5.358,2022-02-28
LNK-34289,Refinance,476667.84,6.724,2022-04-23
LNK-61236,Fixed Refinance,576763.26,6.956,2024-07-13
LNK-34466,Jumbo Purchase,616296.33,4.257,2022-12-19
LNK-88404,Fixed Refinance,"$204,006.35",4.027,2022-10-05
LNK-2231,REFINANCE,359371.60,6.227,2022-07-13
LNK-61981,Fixed Purchase,138734.76,6.018,02/18/2021
LNK-38700,Refinance,1157597.72,3.432,2020-07-14
LNK-89815,Jumbo Purchase,202812.11,5.795,2024-06-07
LNK-72643,Fixed Refinance,236190.83,0.0690,2024-10-15
LNK-21706,Fixed Refinance,86710.78,5.631,2021-05-04
LNK-10681,Fixed Purchase,453070.19,6.495,2021-08-19
LNK-58898,ARM,436463.42,4.210,2021-08-07
LNK-46293,Refinance,347268.76,5.791,2025-02-03
LNK-78014, Fixed Purchase ,145116.57,7.034,2022-03-22
LNK-40210,ARM,217357.00,3.752,2022-07-30
LNK-84746,ARM,297977.78,6.364,2024-06-26
LNK-56615,Refinance,100494.96,4.260,2023-08-03
LNK-91480,Fixed Refinance,224958.81,4.966,2023-12-16
LNK-33780,Fixed Purchase,114228.85,4.702,2026-02-19
LNK-60878,FIXED PURCHASE,304249.18,4.474,2021-04-24
LNK-40599,Fixed Purchase,603016.82,4.312,2025-01-19
LNK-27111,Fixed Refinance,514290.89,6.219,2022-12-15
LNK-51422,Refinance,435388.40,4.848,2021-03-23
LNK-64335,Jumbo Purchase,296606.56,5.012,2020-10-23
LNK-14979,ARM,200354.08,6.578,2019-05-28
LNK-32091,Fixed Refinance,366707.13,6.565,2019-06-23
LNK-50986,Fixed Purchase,208052.80,4.826,2022-01-20
LNK-75963,Fixed Refinance,287153.35,6.673,2022-01-10
LNK-48049,Fixed Purchase,354912.67,6.937,2019-03-24
LNK-76341,Jumbo Purchase,408606.45,6.951,2023-05-22
LNK-39780,Refinance,252021.49,5.449,04/06/2019
LNK-92655,ARM,138328.38,5.232,2023-03-23
LNK-39696,Fixed Purchase,602284.19,5.853,2024-12-24
LNK-3875,ARM,616337.37,6.620,2025-02-16
LNK-87275,ARM,1266964.63,4.754,2024-05-06
LNK-52879,Refinance,262852.98,7.303,2020-01-26
LNK-36976,Fixed Purchase,589019.90,4.115,2023-07-10
LNK-2061,ARM,471822.34,3.960,2024-07-14
LNK-90889,Fixed Purchase,265759.64,5.148,2025-05-04
LNK-98605,Jumbo Purchase,228457.52,6.196,2024-06-24
LNK-7428,Fixed Purchase,433824.61,6.834,2024-10-08
LNK-80482, Fixed Refinance ,477192.08,5.103,2019-11-14
LNK-98671,Fixed Refinance,171719.82,4.065,2023-11-28
LNK-66107,Fixed Purchase,"$558,744.02",6.474,2024-11-18
LNK-38512,Fixed Refinance,377690.50,4.587,2023-11-19
LNK-31162,Fixed Refinance,555921.01,4.690,03/03/2023
LNK-80569,Fixed Purchase,240255.28,7.242,2023-03-01
LNK-47179,Fixed Purchase,332640.89,7.783,2020-07-08
LNK-29705,Fixed Refinance,338520.67,4.117,2024-04-11
LNK-84442,FHA Purchase,251834.67,6.769,2025-01-11
LNK-25920,Fixed Purchase,419360.43,4.040,2026-02-19
LNK-82381,Fixed Purchase,421419.64,4.944,2023-10-12
LNK-33850,Fixed Purchase,419108.00,4.858,2025-01-25
LNK-89835,Fixed Purchase,402061.93,4.692,2020-12-31
LNK-95493,Fixed Purchase,511333.20,7.082,2022-09-14
LNK-87400,Jumbo Purchase,408554.74,6.957,2025-11-27
LNK-90241,ARM,174933.17,6.760,01/10/2020
LNK-18927,Refinance,161683.33,3.401,2019-11-15
LNK-83345,Fixed Purchase,358762.32,6.642,2022-09-01
LNK-13735,Fixed Refinance,213813.50,6.496,2024-04-27
LNK-83242,Jumbo Purchase,254579.98,6.383,2021-05-26
LNK-85717,FHA Purchase,530978.64,7.403,2025-04-14
LNK-6167,Refinance,219038.39,6.999,2026-04-24
LNK-41492,Fixed Purchase,280642.64,6.665,10/04/2023
LNK-58779,Refinance,618876.56,4.930,2021-01-03
LNK-5373,FHA Purchase,189772.31,4.598,2025-07-29
LNK-76965,Fixed Purchase,282344.07,7.759,2025-10-21
LNK-48823,Refinance,428295.62,7.383,2021-11-02
LNK-96991,Fixed Purchase,1224423.61,5.798,2025-10-24
LNK-18224,ARM,338294.90,5.877,2020-03-01
LNK-12813,Fixed Purchase,563431.85,6.952,2020-06-23
LNK-39680,Jumbo Purchase,148893.32,6.841,2022-07-11
LNK-43823,Refinance,"$611,120.83",5.856,2019-03-10
LNK-98973, Refinance ,566321.57,4.077,2025-07-31
LNK-55460,ARM,92581.60,4.641,2019-09-09
LNK-24021,Jumbo Purchase,353316.25,4.115,2023-12-22
LNK-27318,Refinance,453463.44,5.941,2019-01-14
LNK-18322,Refinance,147977.30,6.744,2019-12-19
LNK-71701,ARM,147200.00,5.799,2021-01-30
LNK-48953,Refinance,95757.44,3.442,2026-02-26
LNK-70579,Fixed Purchase,472488.07,7.392,2026-03-15
LNK-66771,Jumbo Purchase,484863.51,5.101,2023-04-03
LNK-36720,FIXED PURCHASE,160127.95,4.733,2021-02-10
LNK-22567,Fixed Purchase,608913.84,5.662,01/14/2020
LNK-34681,Refinance,271639.67,5.199,2026-01-28
LNK-64156,Fixed Purchase,593070.84,4.427,2025-05-18
LNK-39684,Fixed Refinance,270603.02,6.585,2021-04-29
LNK-98853,FHA Purchase,380112.00,4.920,2024-10-03
LNK-45396,Fixed Purchase,742238.55,6.614,2021-02-02
LNK-16095,ARM,257800.16,5.536,2019-05-19
LNK-62385,Fixed Purchase,277003.02,4.441,2024-05-01
LNK-10869,REFINANCE,138611.11,4.625,2024-03-27
LNK-19449,Fixed Refinance,319869.66,5.774,2023-11-17
LNK-99848,ARM,215319.97,5.323,2024-05-30
LNK-30571,Fixed Purchase,"$604,359.63",7.070,2024-09-07
LNK-89647,ARM,229108.13,5.294,2020-11-02
LNK-95924,FHA Purchase,559328.46,7.851,2021-03-23
LNK-89395,Refinance,159658.82,6.554,2019-08-09
LNK-53089,Fixed Purchase,"$494,715.36",5.745,2020-11-08
LNK-74048,Refinance,192217.50,4.630,2021-01-26
LNK-48942,Fixed Purchase,133239.29,,2023-03-13
LNK-12836,Fixed Purchase,138453.71,5.464,2021-05-20
LNK-52717,Refinance,529770.64,6.452,2020-01-28
LNK-2824,Fixed Purchase,585365.38,5.173,2022-03-05
LNK-35663, Fixed Refinance ,312156.96,3.687,2024-06-23
LNK-71329,FHA Purchase,99389.50,4.525,2021-08-21
LNK-17199,ARM,525432.41,5.881,2019-11-13
LNK-60609,Fixed Purchase,185564.24,5.644,10/22/2022
LNK-49311,Fixed Purchase,165649.95,6.687,2024-05-22
LNK-89188,FHA Purchase,310629.24,6.718,2020-03-11
LNK-99174,Fixed Purchase,452045.11,7.502%,2019-02-20
LNK-89125,Fixed Purchase,356229.18,3.800%,2026-05-02
LNK-35362,ARM,497677.42,4.057,2026-02-10
LNK-77619,Fixed Refinance,570892.82,6.524,2022-10-04
LNK-50941,FHA Purchase,144744.59,5.595,
LNK-84695,Fixed Purchase,88721.85,6.828,2021-11-22
LNK-49689,Fixed Refinance,474281.39,3.594,2022-02-27
LNK-15201,Jumbo Purchase,1129462.58,5.356,2023-10-10
LNK-89452,Fixed Purchase,523255.60,4.527,2023-01-01
LNK-31647,ARM,739346.63,5.808,2024-12-16
LNK-62797,Fixed Purchase,129965.07,6.912,2026-02-05
LNK-4280,Jumbo Purchase,269781.66,6.435,2024-11-14
LNK-82205,Fixed Purchase,1137482.79,6.899,2020-02-19
LNK-74584,FHA Purchase,127139.20,7.009,2023-09-27
LNK-43992,Fixed Purchase,484520.36,6.981,2019-11-21
LNK-80964,ARM,147287.61,4.066,2022-05-26
LNK-30015,Refinance,509642.05,3.595,2025-06-06
LNK-85889,Fixed Refinance,318765.91,6.513,2022-02-07
LNK-9285,Fixed Purchase,298288.79,4.989,2019-01-21
LNK-84283,Fixed Purchase,306663.79,0.0491,2025-09-19
LNK-61852,Refinance,136974.02,6.236,2021-06-24
LNK-92891,Fixed Purchase,465937.98,6.307,2026-02-13
LNK-40608,Refinance,339447.54,4.772,2022-08-02
LNK-86097,ARM,332141.94,3.879,2020-11-27
LNK-54516,Fixed Purchase,102262.58,7.960,2026-01-30
LNK-16292,FHA Purchase,129454.22,6.054,2022-05-30
LNK-19320,Fixed Purchase,1149890.16,4.475,2022-12-11
LNK-6943,ARM,494242.98,4.150,2024-07-03
LNK-5877,ARM,372612.10,6.611,2020-05-20
LNK-40893,Fixed Purchase,615790.03,4.527,2020-10-13
LNK-65569,FHA Purchase,608709.63,5.281,2021-06-10
LNK-16220,Refinance,255880.87,3.823,02/06/2026
LNK-13739,Fixed Purchase,371560.47,7.487%,2024-07-19
LNK-31775,Fixed Purchase,"$579,634.43",7.549,2023-06-27
LNK-71457,Refinance,"$263,719.34",4.089,2020-02-07
LNK-18781,Refinance,606222.35,5.946,2025-12-09
LNK-51940,Refinance,354298.27,5.682,2023-08-02
LNK-60459,ARM,218718.30,4.846%,2020-01-08
LNK-49629,Fixed Purchase,406718.28,5.444,2024-09-25
LNK-88881,Jumbo Purchase,171337.91,7.555,2020-12-18
LNK-98404,Fixed Refinance,191885.14,3.659,2019-05-07
LNK-92289,ARM,216100.13,6.762,2020-12-25
LNK-71804,Refinance,144469.15,4.725,2020-10-14
LNK-55935,Fixed Refinance,122365.62,6.128,2023-07-23
LNK-77983,FHA Purchase,546260.40,5.564,2021-12-01
LNK-98290,Refinance,467950.25,7.357,2019-04-08
LNK-96236,Jumbo Purchase,116985.65,7.353,2019-06-13
LNK-21253,Fixed Refinance,358684.44,5.114,2020-05-23
LNK-55379,Jumbo Purchase,490498.13,7.194,2020-11-23
LNK-86841,Refinance,160943.30,5.330,2021-12-19
LNK-13978,Refinance,124627.21,5.366,2021-09-29
LNK-65139,ARM,453718.85,4.766,2021-11-22
LNK-81694,Refinance,492307.66,4.554,2021-06-24
LNK-54492,Refinance,466884.67,6.263,2025-05-14
LNK-37666,ARM,320326.36,5.852,2020-06-10
LNK-5288,Fixed Purchase,290561.27,3.872,05/16/2021
LNK-91476,Fixed Purchase,91455.69,5.962,2024-10-17
LNK-49566,Refinance,176169.42,4.024,2024-08-14
LNK-29477,ARM,"$547,993.65",3.726,2024-11-21
LNK-59115,ARM,288231.72,3.340,2021-07-09
LNK-59287,Fixed Purchase,233898.82,7.183,2026-04-16
LNK-31947,ARM,389633.28,3.145,2024-11-16
LNK-48537,Fixed Refinance,1151121.62,7.208,
LNK-14022,Refinance,371093.32,6.890,2019-08-18
LNK-90873,Refinance,215910.35,4.131,2026-04-19
LNK-49147,Fixed Purchase,468798.47,8.010,2021-12-24
LNK-72364,Fixed Purchase,186657.58,4.027,2020-06-26
LNK-85518,Fixed Purchase,206758.64,6.279,03/16/2024
LNK-48012,Jumbo Purchase,112329.30,4.068,2024-05-13
LNK-8936,Fixed Purchase,190606.99,4.685,2024-06-18
LNK-53184,Fixed Purchase,314919.27,6.882%,2023-12-19
LNK-37160,Fixed Purchase,516084.74,5.735,01/03/2019
LNK-25878,ARM,229847.61,4.316,2024-06-02
LNK-17011,FHA Purchase,245305.94,4.833,2022-02-01
LNK-60600,Refinance,419868.12,6.426,2021-01-16
LNK-13015,Fixed Purchase,606279.60,4.460,2019-09-26
LNK-87870,Refinance,135593.87,4.770,2025-01-15
LNK-28801,Fixed Purchase,143160.76,5.086%,2022-06-04
LNK-85109,Refinance,140060.66,5.838,2025-05-27
LNK-84819,ARM,187668.68,3.736,2020-10-08
LNK-79269,Fixed Purchase,596838.24,6.593,2023-09-04
LNK-3799,Fixed Purchase,584071.30,7.475,2022-05-28
LNK-7629,Fixed Purchase,473789.66,5.122,2022-06-15
LNK-44713,ARM,308161.15,4.595,2023-08-02
LNK-32925,FIXED REFINANCE,606617.38,3.478,2021-04-08
LNK-17505,Fixed Refinance,242716.34,4.687,2023-04-16
LNK-75000,Refinance,191706.90,5.412,2022-01-27
LNK-27896,Fixed Purchase,259133.42,6.887,2024-04-08
LNK-9992,FHA Purchase,502956.95,7.925,2024-06-17
LNK-73641,FHA Purchase,694891.65,5.241,2025-01-12
LNK-28152,FHA Purchase,144401.47,7.012,2022-08-22
LNK-77858,Fixed Refinance,526006.22,5.759,2025-06-09
LNK-29305,Fixed Purchase,216196.27,7.068,2021-12-03
LNK-31539,Fixed Refinance,453920.02,6.480,2022-07-09
LNK-44064,ARM,498396.10,3.895,2022-08-08
LNK-20340,ARM,263161.47,5.705,2021-11-11
LNK-79116,FHA Purchase,160044.42,0.0561,2024-06-15
LNK-1371,Jumbo Purchase,117253.20,5.375,2025-05-06
LNK-37342,Fixed Purchase,354753.18,7.187,2024-07-08
LNK-19964,ARM,120903.57,3.441,2025-04-05
LNK-18038,Refinance,512246.17,3.751,2024-04-02
LNK-71807,FHA Purchase,487270.43,5.625,2022-02-08
LNK-33853,Jumbo Purchase,616977.08,5.187,2021-01-14
LNK-23871,ARM,367326.97,6.135,2023-11-07
LNK-15408,ARM,242190.38,4.543,2019-02-04
LNK-87646,ARM,223486.33,5.596,2022-08-30
LNK-4379,Refinance,192177.38,7.101,2025-06-20
LNK-18275,Fixed Refinance,195287.13,3.505,2025-10-01
LNK-2947,Fixed Purchase,153118.10,4.051,2022-07-15
LNK-47955,Refinance,192910.26,7.364,2021-08-12
LNK-32186,Fixed Purchase,275109.45,7.660,2023-12-06
LNK-78182,FHA Purchase,"$98,601.78",7.466,2021-05-04
LNK-43437,ARM,298560.34,4.508,2020-05-25
LNK-3068,Fixed Purchase,573606.52,4.279,2021-05-08
LNK-23838,ARM,408593.90,4.272,2021-02-21
LNK-35782,Fixed Purchase,356196.95,5.963,2024-02-15
LNK-7868,ARM,309707.46,3.470,2023-01-16
LNK-17614,Jumbo Purchase,317269.65,5.058,2019-12-12
LNK-98218,Fixed Refinance,1421387.57,6.319,2022-08-17
LNK-56176,Jumbo Purchase,1064897.62,4.360,2024-04-08
LNK-69955,Fixed Purchase,514273.45,6.625,2023-03-03
LNK-15896,Jumbo Purchase,309292.95,6.006,2020-09-12
LNK-98735,Fixed Refinance,182163.86,3.838,2020-10-27
LNK-9330,Fixed Purchase,300955.05,7.410,2025-12-22
LNK-63422,Fixed Refinance,262396.40,0.0354,2020-08-14
LNK-59756,Fixed Purchase,286714.67,6.035,2020-10-09
LNK-48453,ARM,204144.33,3.345,2024-05-02
LNK-68271,ARM,565506.72,,
LNK-78812,ARM,56658.71,4.295,2025-01-20
LNK-15293,Refinance,468228.68,6.395,2025-05-28
LNK-60245,Fixed Purchase,154447.07,4.731,2019-12-03
LNK-67039,Fixed Refinance,236030.38,4.399,2021-10-23
LNK-30038,Refinance,260814.78,6.073,2024-10-30
LNK-81623,FHA Purchase,227698.34,5.177,2023-03-16
LNK-6683,Refinance,1374811.62,4.940%,2019-07-16
LNK-96321,FHA Purchase,92662.13,7.384,2021-09-01
LNK-87363,ARM,391066.40,4.372,2026-01-19
LNK-69347,FHA Purchase,302026.42,5.721,2021-12-12
LNK-40535,Fixed Purchase,234428.28,7.769,10/13/2022
LNK-61036,Fixed Purchase,"$267,425.90",7.108,2024-02-13
LNK-85323,Refinance,268170.64,3.652,2023-02-05
LNK-5082,Fixed Purchase,375675.55,7.992,03/31/2020
LNK-8972,Fixed Refinance,152570.10,5.210,03/16/2025
LNK-63781,Fixed Purchase,548827.61,5.479,2024-09-23
LNK-53640,Jumbo Purchase,1236729.86,5.290,2025-09-27
LNK-56872,Refinance,1076525.00,5.558,2024-12-14
LNK-90928,Fixed Purchase,449012.34,7.486,2021-07-15
LNK-15150,Fixed Refinance,166347.33,5.839,2021-04-08
LNK-65260,FHA Purchase,592661.02,7.669,2023-09-22
LNK-94375,ARM,157824.13,3.101,2021-10-26
LNK-59138,Refinance,196683.82,5.776,2019-10-01
LNK-10632,ARM,161928.49,5.929,2021-09-20
LNK-11589,FIXED PURCHASE,309169.96,4.831,2022-12-06
LNK-43219,FHA Purchase,232776.56,4.287%,2025-07-27
LNK-80730,Fixed Purchase,"$322,209.03",7.059,2019-02-14
LNK-20442,Refinance,365468.91,5.794,2021-08-09
LNK-9609,Fixed Purchase,151802.50,5.726,2019-10-16
LNK-17540,Fixed Refinance,470203.65,7.198,2019-06-17
LNK-37046,Jumbo Purchase,145368.10,6.295,2024-06-18
LNK-82830,Fixed Purchase,140131.84,6.374,2025-09-19
LNK-83978,Fixed Purchase,539731.50,6.802,2023-11-07
LNK-77724, Refinance ,547864.48,6.296,2022-02-03
LNK-72874,Refinance,260923.87,4.405,2022-12-31
LNK-94343,Fixed Purchase,516205.45,5.903,2025-08-18
LNK-43622,Fixed Purchase,618556.86,0.0587,2025-10-20
LNK-50925,ARM,362647.23,4.516,2025-09-30
LNK-79301,Jumbo Purchase,428832.61,4.163,2021-09-04
LNK-70541,Refinance,568527.44,4.975,2019-06-13
LNK-39652,Fixed Refinance,540944.67,5.491,2023-06-22
LNK-60469,Refinance,501032.46,3.503,2025-05-11
LNK-67263,Refinance,260994.80,5.049,2019-04-27
LNK-80354,Jumbo Purchase,220630.11,5.247,2021-10-15
LNK-57387,Fixed Refinance,258614.14,5.939,2020-10-19
LNK-13999,Fixed Refinance,377793.58,5.005,2022-11-28
LNK-92983, Fixed Purchase ,352412.48,5.280,2025-01-13
LNK-15996,Jumbo Purchase,206750.44,4.191,2020-01-06
LNK-86814,FIXED PURCHASE,350998.09,5.415,2021-12-20
LNK-86316,ARM,265295.67,4.437,2020-10-14
LNK-73264,ARM,144642.12,6.463,2026-03-15
LNK-95481,Fixed Refinance,"$372,966.08",6.183,2021-03-24
LNK-29183,Fixed Refinance,574363.06,6.809,08/20/2020
LNK-57370,Refinance,297264.86,0.0381,2022-04-18
LNK-60186,FHA Purchase,258252.42,7.344,2021-10-04
LNK-30949,Refinance,231476.74,6.733,2021-06-15
LNK-55239,Fixed Purchase,431623.85,3.804%,2021-09-25
LNK-45424,Jumbo Purchase,343551.21,6.170,2025-05-15
LNK-60441,Fixed Purchase,362435.69,0.0625,2023-05-05
LNK-53262,Fixed Refinance,610325.16,4.454,2023-02-25
LNK-55524,FHA Purchase,210567.61,4.085,2020-07-04
LNK-96631,Jumbo Purchase,460802.63,6.268,2020-01-31
LNK-13463,Fixed Refinance,356487.80,4.654,2025-10-10
LNK-41966,ARM,460647.30,6.138%,2021-07-06
LNK-56936,Refinance,113462.78,5.389,11/22/2023
LNK-41963,FHA Purchase,96831.62,6.579,2022-11-24
LNK-88177,Fixed Refinance,119120.61,7.219,2022-02-04
LNK-34408,FHA Purchase,474351.87,5.885,2020-06-30
LNK-50060,Fixed Purchase,326879.77,6.685,2022-09-15
LNK-21006,Fixed Refinance,356755.89,6.465,2025-07-31
LNK-91023,Fixed Purchase,411133.02,5.309,2020-05-05
LNK-63163,Fixed Purchase,119041.37,4.451,2021-03-08
LNK-9799,Refinance,490969.24,4.125,2026-04-13
LNK-12957,Fixed Refinance,262507.71,5.014,2023-05-06
LNK-12188,ARM,338808.05,3.777,2022-06-28
LNK-13219,Fixed Refinance,555299.52,4.138,2023-07-03
LNK-57606,ARM,431265.52,4.771,2020-01-21
LNK-13656,Fixed Purchase,409295.29,4.007,03/09/2023
LNK-98594,Fixed Purchase,911487.73,5.082,2025-05-15
LNK-97835,Jumbo Purchase,596305.76,6.451,2021-01-14
LNK-49843,FHA Purchase,136876.69,4.423,2023-03-13
LNK-18054,Jumbo Purchase,462906.65,4.522,2020-09-01
LNK-73924,ARM,417814.20,6.386,2020-05-07
LNK-8861,Fixed Purchase,240915.55,4.535,2024-10-24
LNK-77869,Fixed Purchase,188340.44,6.417,2022-10-13
LNK-74608,FHA Purchase,378169.53,5.699,2020-04-21
LNK-74620,Fixed Purchase,216728.86,7.928,2024-07-03
LNK-44207,ARM,276701.95,6.508,2026-05-25
LNK-88819,Jumbo Purchase,137847.50,6.636,2022-08-05
LNK-17021,Refinance,460680.16,6.428,2026-03-19
LNK-54845,ARM,324628.95,6.594,2023-10-13
LNK-47346,ARM,347398.96,4.290,2024-06-05
LNK-88207,Fixed Purchase,615873.74,0.0710,2019-08-14
LNK-99341,Fixed Purchase,591527.22,6.305,2025-05-28
LNK-56435,Refinance,480502.52,3.589,2022-05-25
LNK-95510,ARM,372703.56,5.631,2023-11-12
LNK-7743,Refinance,180385.21,6.197,2021-05-28
LNK-79696,FHA Purchase,562410.50,4.067,2021-04-13
LNK-41953,Refinance,955190.98,7.001,2020-04-21
LNK-47090,Fixed Purchase,213607.25,7.366,2020-12-26
LNK-14579,Jumbo Purchase,283904.32,3.945,2020-08-03
LNK-76748,Refinance,223129.13,6.122,2026-01-08
LNK-67507,FHA Purchase,434534.95,5.530,2019-02-11
LNK-28884,ARM,233776.38,6.122,2024-06-22
LNK-21280,Fixed Purchase,"$1,263,701.29",4.311,2021-07-02
LNK-87079,Fixed Purchase,170024.25,4.039,2025-01-08
LNK-64201,FHA Purchase,222227.05,7.798,2023-06-20
LNK-30392,Fixed Purchase,542696.83,7.060,2023-06-06
LNK-15184,Jumbo Purchase,593361.85,5.916,2020-06-04
LNK-46890, Fixed Purchase ,341168.59,3.915,2023-05-09
LNK-73910,Fixed Refinance,516428.88,5.861,2023-11-30
LNK-49176,ARM,496482.71,4.963,
LNK-16058,Fixed Refinance,772168.42,6.838,2021-10-24
LNK-37512,ARM,192347.37,4.548,2020-09-19
LNK-76248,Refinance,205501.04,4.744,2023-12-03
LNK-30643,ARM,536230.93,4.165,2020-10-21
LNK-57244,FHA Purchase,115341.52,0.0553,2024-12-28
LNK-74526,Fixed Refinance,472382.46,3.554,2020-03-01
LNK-82490,Fixed Purchase,960021.82,6.216,2021-07-08
LNK-81422,Fixed Purchase,1309198.72,5.822,2025-05-29
LNK-89470,Fixed Purchase,414586.26,7.004,2024-07-02
LNK-85239,ARM,613567.95,6.502,2020-09-19
LNK-73972, Jumbo Purchase ,204754.31,6.930%,2023-05-11
LNK-4441,Jumbo Purchase,1294360.38,4.376,2024-02-27
LNK-80822,Jumbo Purchase,540650.75,4.294,2026-01-10
LNK-87223,FHA Purchase,310310.25,6.941,2023-12-24
LNK-91894,ARM,265723.71,3.593,2024-12-10
LNK-36054,Fixed Purchase,187166.32,7.550,2026-05-24
LNK-24647,ARM,332906.12,6.031,2023-03-16
LNK-36818,Fixed Purchase,160612.35,6.587,2022-05-15
LNK-93104,FHA Purchase,550509.34,4.617,2022-10-15
LNK-41499,Fixed Purchase,290595.42,4.534,2023-12-20
LNK-45541,Fixed Purchase,388555.20,8.029,2025-04-26
LNK-47009,Refinance,392661.99,4.003,2022-07-20
LNK-1800,Jumbo Purchase,154846.97,5.126,2025-11-13
LNK-24777,Refinance,103886.37,,2019-03-29
LNK-19776,Jumbo Purchase,113222.70,5.113,2023-01-01
LNK-75228,Fixed Purchase,198961.34,5.329,2022-07-16
LNK-87159,Jumbo Purchase,339171.72,5.010,2020-02-20
LNK-53531,Fixed Purchase,556100.31,4.265,2025-12-07
LNK-10120,Refinance,421345.13,4.525,2021-10-18
LNK-19595,Refinance,163455.77,0.0642,2020-07-09
LNK-98120,ARM,340130.82,5.269,2023-01-24
LNK-83991,Refinance,182281.01,7.281,2025-05-10
LNK-5018,ARM,130480.62,3.756,2025-12-31
LNK-13026,ARM,164975.01,6.027,03/18/2021
LNK-98794,ARM,465603.38,3.407,2025-10-05
LNK-70531,ARM,417696.27,6.769,2023-02-04
LNK-29197,Fixed Purchase,234931.52,7.734,2024-06-28
LNK-50308,Fixed Purchase,432431.74,4.895,2023-11-09
LNK-56028,Fixed Purchase,617376.73,6.618,2022-09-25
LNK-60460,Fixed Purchase,608363.03,6.946,2019-03-20
LNK-45681,Fixed Purchase,336514.72,6.775,01/12/2022
LNK-21631,ARM,514683.13,6.001,2023-07-26
LNK-49503,Fixed Purchase,270237.92,4.589,2022-02-27
LNK-41846,Jumbo Purchase,576545.22,6.648,
LNK-95581,Jumbo Purchase,97308.99,7.065,2021-09-22
LNK-43517,ARM,167393.28,,2019-11-05
LNK-75395,Fixed Purchase,516737.64,6.436,2020-10-01
LNK-79148,FHA Purchase,603473.72,5.189,2020-03-09
LNK-12135,Fixed Purchase,159212.49,7.781,2021-01-30
LNK-7895,FHA Purchase,87055.01,4.764,2019-07-24
LNK-21392,ARM,419616.68,6.125,2024-07-21
LNK-21632,Fixed Purchase,"$239,113.97",7.513,2019-09-08
LNK-99885,Refinance,127563.69,4.453,2025-01-29
LNK-81981,Fixed Purchase,151345.51,4.569,2022-08-09
LNK-7522,Fixed Purchase,296147.37,5.041,2023-08-16
LNK-89338, Fixed Purchase ,313189.97,,2024-12-13
LNK-11693,Jumbo Purchase,450689.10,4.451,2019-09-10
LNK-36665,ARM,477109.09,6.126,2019-11-24
LNK-59079,Jumbo Purchase,323573.62,6.684,07/28/2022
LNK-87761,Jumbo Purchase,278391.69,6.700,2019-09-27
LNK-56576,Fixed Refinance,255699.23,6.644,2023-02-26
LNK-64656,Fixed Refinance,252708.95,4.161,2025-08-02
LNK-80570,Refinance,304206.83,4.697,2023-07-10
LNK-55287,Jumbo Purchase,326914.38,7.015,2023-09-15
LNK-36804,Jumbo Purchase,506721.94,7.536,2020-09-03
LNK-29255,FIXED PURCHASE,508385.68,4.502,2025-08-25
LNK-99951,Fixed Purchase,93768.31,4.928,2021-03-21
LNK-68154,ARM,247384.34,5.133,07/21/2021
LNK-15918,Refinance,352038.24,6.806,2024-06-19
LNK-46242,Fixed Purchase,599370.09,5.156,2024-05-06
LNK-57349,Fixed Purchase,362538.04,4.691,2024-07-02
LNK-15534,Fixed Purchase,169852.28,6.726,2023-10-24
LNK-38125,Refinance,368355.65,4.893,2020-06-08
LNK-89895,FHA Purchase,118771.87,5.564,2021-05-07
LNK-89930,Refinance,571928.18,5.935,2024-05-04
LNK-78743,Refinance,393812.59,4.178,2020-06-04
LNK-64783,Fixed Refinance,"$391,167.10",6.232,2025-11-01
LNK-70066,Fixed Refinance,346394.54,3.478,2024-09-23
LNK-88442,ARM,164370.17,5.058,03/10/2024
LNK-41425,Jumbo Purchase,597675.92,5.705,2021-03-02
LNK-6952,Fixed Purchase,161549.60,4.007,2021-10-07
LNK-29903,FIXED PURCHASE,275550.29,6.194,2022-01-22
LNK-52807,ARM,253080.03,3.840,2026-03-30
LNK-79554,FHA Purchase,408718.55,4.013,2021-03-09
LNK-8180,Refinance,217801.16,6.203,2019-02-14
LNK-2007,Fixed Purchase,1165190.62,5.583,2023-02-18
LNK-27794,Jumbo Purchase,163973.89,6.165,2025-08-29
LNK-40507,Fixed Purchase,586243.09,4.610,2025-10-20
LNK-28686,Fixed Purchase,153766.59,4.289,2022-08-30
LNK-18987,ARM,253668.77,5.135,2026-01-19
LNK-34491,ARM,180229.16,5.914,2026-03-21
LNK-38938,Refinance,389163.35,3.623,2020-06-24
LNK-44007,FHA Purchase,159852.62,4.461,2021-08-20
LNK-16726,ARM,276038.35,4.371,2019-10-12
LNK-2013,Refinance,365703.45,4.984,2020-09-26
LNK-66193,Fixed Purchase,195881.19,7.068,2021-12-04
LNK-57446,Fixed Purchase,1164322.05,6.783,2024-05-14
LNK-24028,Fixed Purchase,209476.12,7.537,2024-08-12
LNK-17932,ARM,"$424,366.87",4.988,04/01/2022
LNK-50834,Refinance,"$457,961.74",3.561,2025-08-12
LNK-70806,Fixed Purchase,347933.80,4.101,2023-02-16
LNK-93231,Jumbo Purchase,297492.10,3.782,2026-01-14
LNK-66570,Fixed Purchase,"$382,600.55",4.445,2021-04-05
LNK-74233,Fixed Purchase,189738.25,0.0546,2026-04-18
LNK-88562,Fixed Purchase,407801.80,5.976,2023-07-20
LNK-47421,Fixed Purchase,292286.85,7.809,2021-04-22
LNK-10447,Refinance,484791.08,6.097,2025-08-26
LNK-53044,ARM,114086.64,0.0520,2021-10-30
LNK-98260,Fixed Purchase,91612.78,7.493,2021-04-25
LNK-6544,Fixed Refinance,470183.56,4.963%,2020-11-07
LNK-58176,ARM,404256.10,5.568,2021-10-14
LNK-3456,Fixed Purchase,"$690,022.43",3.799,2022-01-28
LNK-61260,Fixed Purchase,289060.19,4.444,2019-08-08
LNK-11205,Refinance,"$604,453.01",4.891,2022-02-20
LNK-42033,Fixed Purchase,497187.37,5.064,2021-12-12
LNK-76465,FHA Purchase,611056.44,4.273%,2026-02-20
LNK-57267,Refinance,101246.67,5.306,2019-02-28
LNK-76156,Fixed Refinance,328555.85,6.180,2022-01-23
LNK-54008,Fixed Refinance,341652.87,4.013,2019-09-24
LNK-93995,ARM,104881.22,4.823,2020-12-17
LNK-84904,Refinance,108558.04,6.478,2022-02-24
LNK-55747,Fixed Refinance,193443.77,6.085,2021-02-09
LNK-38947,ARM,86042.49,6.332,2023-11-19
LNK-16096,Fixed Refinance,508700.62,6.370,2022-03-19
LNK-54088,Refinance,329097.75,4.056,2026-05-21
LNK-3733,Fixed Refinance,374310.35,5.957,2023-07-26
LNK-43568,ARM,335104.03,4.182,2024-07-18
LNK-23527,ARM,599341.73,4.037,2020-07-17
LNK-82018,ARM,334607.02,6.289,2020-11-03
LNK-61305,ARM,576289.80,3.637,2022-10-31
LNK-91388,Jumbo Purchase,170293.96,4.357,2021-04-23
LNK-48428,ARM,525542.20,6.765,2025-02-06
LNK-12551,Fixed Purchase,87161.67,6.641%,2020-11-05
LNK-58240,Refinance,506432.47,4.702,2023-03-10
LNK-14875,ARM,436437.16,5.235%,2023-07-30
LNK-32891,FHA PURCHASE,205810.93,4.427,2021-02-10
LNK-58104,JUMBO PURCHASE,603565.05,5.904,2019-10-23
LNK-78184,Fixed Purchase,489353.31,4.660,02/27/2026
LNK-53487,Fixed Refinance,746860.43,4.143,10/20/2019
LNK-69676,ARM,148639.82,5.548,2019-02-13
LNK-11308,Fixed Purchase,292444.81,5.614,2025-08-12
LNK-52873,Refinance,402434.86,7.308,2024-08-09
LNK-41668,Fixed Purchase,459837.85,5.419,2025-01-16
LNK-98754,ARM,"$399,111.72",6.612,2024-07-01
LNK-45500,ARM,600081.02,3.421,2021-10-29
LNK-30041,Fixed Purchase,472489.07,7.762,2024-02-06
LNK-44655,ARM,407930.67,4.295,2025-03-13
LNK-23037,Jumbo Purchase,200857.11,3.795,2020-06-09
LNK-11011,Refinance,100106.13,3.676,2021-01-12
LNK-67910,Refinance,292675.29,6.015,2019-07-19
LNK-83998,Fixed Purchase,361453.93,5.715,2020-10-28
LNK-15945,Refinance,313301.41,7.274,2019-11-11
LNK-70547,ARM,88045.49,6.085,2020-12-24
LNK-67840,Fixed Purchase,182732.62,6.721,07/13/2024
LNK-26415,ARM,459917.31,3.476,2020-07-24
LNK-46793,FHA Purchase,1046916.53,7.205,2023-10-28
LNK-47019,Refinance,456189.47,3.825,2024-04-24
LNK-96339,ARM,460595.55,3.423,2023-01-04
LNK-85599,Refinance,215129.10,3.950,2019-04-09
LNK-20358,Refinance,440582.91,7.386,2023-03-10
LNK-31968,ARM,604412.98,5.254,2020-04-19
LNK-14474,Fixed Purchase,163852.17,6.801,2019-02-15
LNK-20194,Refinance,91508.50,,2024-12-13
LNK-34550,Jumbo Purchase,158328.06,7.494,2021-05-24
LNK-26856,ARM,341122.88,4.535,02/07/2026
LNK-23740,Jumbo Purchase,122941.42,7.482,2020-08-18
LNK-79957,Fixed Purchase,359660.75,6.213,2021-10-08
LNK-21036,ARM,419708.57,6.164,2023-07-23
LNK-86918,ARM,"$550,807.77",3.202,2023-03-11
LNK-10876,Refinance,548810.45,3.909,2025-11-23
LNK-24218,Refinance,302494.53,5.941%,2021-09-15
LNK-83306,Fixed Purchase,498608.06,3.884,2019-09-29
LNK-65764,Fixed Refinance,500720.69,3.560,2022-02-10
LNK-61811,ARM,516644.09,4.223,2025-01-01
LNK-99886, Jumbo Purchase ,542627.71,5.872,2025-08-11
LNK-74889,FHA Purchase,408784.58,6.247,2024-04-06
LNK-76952,Refinance,606746.26,5.865,2019-09-15
LNK-59838,Fixed Purchase,230119.39,5.984,2022-07-06
LNK-90277,ARM,213086.91,6.698,2021-02-24
LNK-74989,Refinance,305173.50,5.095,2026-05-23
LNK-85278,Refinance,505987.96,6.153,2021-02-17
LNK-84269,ARM,375385.12,6.053,2025-07-10
LNK-82857,Fixed Purchase,471667.26,4.825,
LNK-43363,Jumbo Purchase,182946.64,5.912,2021-10-03
LNK-83210,Fixed Refinance,583878.89,4.766,2021-11-09
LNK-42436,Fixed Purchase,602084.83,8.030,2019-01-14
LNK-20786,Fixed Refinance,221323.81,7.139,2025-03-05
LNK-58640,Fixed Purchase,388587.70,3.972,2023-10-18
LNK-9950,ARM,142822.36,4.259,2020-07-26
LNK-62462,ARM,1327739.77,4.126,2025-02-24
LNK-58961,Fixed Purchase,136301.48,5.591,2019-06-13
LNK-83756,Refinance,90273.01,5.897,2022-02-09
LNK-40691,Fixed Purchase,202934.12,7.020,2025-03-13
LNK-37002,Fixed Purchase,97280.43,7.066,2020-12-04
LNK-78518,Jumbo Purchase,193680.55,7.902,2020-01-09
LNK-8362,Refinance,606136.02,3.898,10/05/2021
LNK-47129,Fixed Purchase,330836.04,4.505,2021-06-21
LNK-67497,Fixed Purchase,444071.45,7.495,2023-05-03
LNK-10724, Fixed Purchase ,538295.98,5.682,2020-09-07
LNK-41685,ARM,414053.31,5.103,01/17/2022
LNK-61521,Refinance,318607.90,4.769,2019-03-26
LNK-60233,Refinance,533447.14,4.892,2019-11-13
LNK-5929,Refinance,287050.38,4.229,2022-07-11
LNK-8456,Fixed Purchase,467489.57,5.401,2024-04-07
LNK-49331,Refinance,386370.38,3.659,2019-03-31
LNK-38627,ARM,288819.45,5.779,2023-10-04
LNK-11057,Fixed Purchase,207277.91,8.087,2024-05-14
LNK-85497,FIXED PURCHASE,"$398,239.60",6.060,2021-03-12
LNK-12835,FHA Purchase,280045.93,4.141,2020-10-12
LNK-81610,Refinance,111784.81,7.128,01/30/2024
LNK-78867,Fixed Purchase,318203.17,4.559,2023-08-05
LNK-67462,Refinance,209021.36,3.609,2026-05-05
LNK-51394,Jumbo Purchase,548741.77,5.004,2024-04-10
LNK-61648,Jumbo Purchase,211391.19,4.600,2019-11-12
LNK-77064,Fixed Purchase,522250.02,4.290,2024-03-09
LNK-73655,ARM,180724.33,3.791,2019-02-05
LNK-97851,Fixed Purchase,230700.53,5.929,2019-08-21
LNK-6376,FIXED PURCHASE,335950.79,4.802,2025-10-30
LNK-59947,Refinance,234413.22,4.101,2020-03-26
LNK-75928,Fixed Purchase,1436285.04,4.341,2022-03-22
LNK-86437,Fixed Refinance,447476.10,5.566,2023-07-13
LNK-25672,ARM,431333.99,6.010,2025-06-23
LNK-43143,Fixed Refinance,487122.73,5.031%,2024-08-22
LNK-80299,Fixed Purchase,104482.92,8.077,2022-05-07
LNK-63341,Jumbo Purchase,289676.17,3.854,2024-06-18
LNK-66715,Fixed Purchase,318012.58,4.390,2025-08-15
LNK-20773, Fixed Refinance ,432253.16,4.378,2019-03-09
LNK-9109,Jumbo Purchase,220312.17,6.851,2023-03-02
LNK-60050,ARM,1408180.34,6.419,2020-02-19
LNK-14566,FIXED PURCHASE,333822.84,6.592,2023-11-11
LNK-46015,Fixed Purchase,524285.41,3.926,2024-05-17
LNK-94626,ARM,25132.85,3.141,2020-02-19
LNK-12053,Fixed Refinance,82455.04,5.484,04/09/2019
LNK-67132,ARM,412915.43,4.308,2023-02-16
LNK-85689,Refinance,150964.32,5.350,2024-10-06
LNK-23617,Fixed Refinance,474835.48,3.669,2020-09-20
LNK-6130,ARM,438429.70,5.773,2021-12-30
LNK-33472,Fixed Refinance,190038.82,4.503,2021-06-21
LNK-93749,Fixed Purchase,595154.42,6.226,2023-09-07
LNK-58595,Jumbo Purchase,313397.65,,2021-05-12
LNK-69690,Fixed Purchase,544479.75,5.850,2019-09-28
LNK-69517,Jumbo Purchase,173598.11,4.247,2024-02-26
LNK-80928,ARM,474438.21,4.835,2021-11-23
LNK-21807,Refinance,567209.37,5.926,2022-08-30
LNK-48696,Refinance,531916.88,6.130,2025-08-29
LNK-49870,Fixed Purchase,520988.54,4.934,2024-09-15
LNK-38079,FHA Purchase,1123354.28,7.237,2021-11-21
LNK-51779,Fixed Purchase,204639.49,7.581,2021-10-15
LNK-54578,Fixed Purchase,137749.52,5.329,2023-06-26
LNK-45350,ARM,128404.12,4.880,2019-09-29
LNK-89984,FHA Purchase,115443.13,5.630,2023-08-24
LNK-79366,Fixed Purchase,586612.80,4.775,2024-07-07
LNK-7863,ARM,199505.29,3.970,2021-09-23
LNK-83691,Fixed Purchase,170167.72,5.389,2019-12-06
LNK-85843,Fixed Purchase,479525.16,5.614,2020-01-14
LNK-44863,Fixed Refinance,458100.18,3.605,2024-04-14
LNK-9639,Fixed Purchase,611280.07,6.733,2023-01-03
LNK-44213,Fixed Purchase,173393.54,4.185,2025-07-15
LNK-13387,Fixed Purchase,85114.02,7.185,2023-05-20
LNK-74133,ARM,228021.71,6.196,2019-10-21
LNK-89916,Fixed Purchase,119744.25,4.881,2026-03-20
LNK-51667,Refinance,350582.30,4.535,2023-05-31
LNK-38243,Refinance,456776.19,4.835,2024-09-15
LNK-34029,Refinance,"$520,831.34",7.122,2022-06-20
LNK-95861,Fixed Purchase,331788.42,3.910,2019-08-29
LNK-87057,Fixed Purchase,142605.85,4.400,2019-10-28
LNK-79997,ARM,256173.46,4.882,2023-08-06
LNK-20709,Refinance,589279.62,5.751,2021-05-09
LNK-44694,Refinance,279851.99,4.780,2019-07-20
LNK-11682,Jumbo Purchase,219917.35,5.915,2026-05-20
LNK-77380,Fixed Refinance,546477.30,6.663,2023-09-26
LNK-87980,FHA Purchase,487060.05,4.550,2020-11-03
LNK-19537,ARM,345488.40,3.648%,2020-07-28
LNK-46851,Refinance,597028.50,6.283,2023-09-08
LNK-41662,Fixed Purchase,277989.23,,2022-10-13
LNK-92551,ARM,526013.36,3.881,2022-09-23
LNK-87787,Jumbo Purchase,483068.07,5.450,2024-12-05
LNK-52374,Refinance,412540.11,7.199,2019-06-11
LNK-17901,Fixed Refinance,377710.90,6.423,2019-07-02
LNK-93908,Fixed Purchase,400286.34,4.023,2023-09-06
LNK-12104,Jumbo Purchase,410686.85,5.121,2025-08-17
LNK-41577,Fixed Purchase,561959.56,7.303,2025-07-01
LNK-50372,Fixed Purchase,1411606.87,,2023-06-15
LNK-85343,Fixed Purchase,125716.56,6.078,2025-02-16
LNK-44054,Fixed Purchase,54972.07,7.085,2022-06-08
LNK-17750,Refinance,350700.05,5.536,2025-03-12
LNK-88833,Fixed Purchase,210635.88,6.189,2022-09-07
LNK-93121,Refinance,92603.07,4.715,2021-10-02
LNK-97832,Fixed Purchase,154484.45,4.873,2026-05-16
LNK-90838,Fixed Purchase,171595.89,0.0692,2023-01-20
LNK-69995,FHA Purchase,250578.45,6.137,2019-10-08
LNK-13249,Fixed Purchase,149970.87,7.898,2019-09-28
LNK-85675,Fixed Refinance,590234.69,3.853,2024-01-23
LNK-88878,Refinance,531827.35,5.443,2024-05-25
LNK-56496,Fixed Purchase,129548.43,5.287,2023-05-08
LNK-67648,Refinance,1381103.89,6.618,2019-12-20
LNK-48425,Fixed Purchase,268024.14,6.749,2021-03-06
LNK-3389,FHA Purchase,1332804.98,7.198,2023-11-07
LNK-48526,Refinance,519318.05,4.161,2026-02-24
LNK-41483,Refinance,458084.76,6.379,2026-05-15
LNK-24627,Fixed Refinance,383239.90,4.689,2023-02-19
LNK-29074,Fixed Purchase,934337.17,8.046,2023-03-06
LNK-45791,ARM,533072.73,6.289,2019-12-16
LNK-64736,Fixed Purchase,363475.09,6.329,2024-04-23
LNK-26166,FHA Purchase,473358.47,6.469%,2019-05-14
LNK-30693,Refinance,216630.10,5.103,2019-06-09
LNK-19030,Fixed Purchase,245609.74,4.346,2021-11-23
LNK-21308,FHA Purchase,235157.42,8.019,2024-12-14
LNK-11114,ARM,480166.19,3.197,2022-03-13
LNK-39770,Fixed Refinance,550185.11,5.812,2020-02-15
LNK-14256,Fixed Purchase,226346.92,7.615,2021-01-18
LNK-67543,Refinance,899190.82,6.443,2025-01-26
LNK-71748,Fixed Purchase,466355.43,7.536,02/14/2025
LNK-97815,Refinance,244187.14,6.409,2019-06-16
LNK-70013,Jumbo Purchase,134737.60,6.974,2020-07-14
LNK-5947,FHA Purchase,399742.78,0.0583,2024-04-05
LNK-87760,ARM,142186.65,6.577,2021-10-11
LNK-45140,Fixed Purchase,431939.88,7.520,2026-01-27
LNK-82006,ARM,474880.53,0.0583,2024-09-18
LNK-18176,ARM,449554.99,5.234%,02/07/2021
LNK-79282,Fixed Purchase,314901.87,5.440,2024-12-01
LNK-50377,Fixed Purchase,605941.00,6.266%,2022-01-08
LNK-21218,Jumbo Purchase,151687.11,,
LNK-22266,Fixed Purchase,401044.49,6.757,2025-06-19
LNK-24703,Refinance,149187.82,3.930,2019-06-14
LNK-91812,Fixed Purchase,109911.85,5.467,2021-06-12
LNK-82885,Fixed Purchase,86507.45,4.232,2019-02-26
LNK-22697,ARM,324184.86,5.497,2020-05-19
LNK-95526,ARM,304952.86,5.617,2023-12-22
LNK-58366,Jumbo Purchase,163064.78,4.568,2021-09-21
LNK-6726,FHA Purchase,319036.19,5.635,2020-10-11
LNK-54852,Jumbo Purchase,116881.89,5.007,08/21/2023
LNK-48749,FIXED PURCHASE,236643.70,7.095,2024-04-22
LNK-89652,Refinance,398769.18,5.977,2024-01-15
LNK-95317,Jumbo Purchase,534115.36,4.923,2024-05-21
LNK-32133,Jumbo Purchase,94172.99,5.864,2021-06-15
LNK-59222,Refinance,428410.35,4.471,2023-02-27
LNK-81031,Refinance,230419.48,6.598,2023-07-12
LNK-38346,Refinance,558372.61,4.531,2021-09-27
LNK-99617,Refinance,382437.66,6.596,2024-12-10
LNK-99112,Refinance,1416897.21,4.710,2025-03-18
LNK-59841,ARM,342345.30,5.811,2023-10-07
LNK-31671,Fixed Refinance,398612.91,6.079,2025-09-30
LNK-70993,ARM,288258.01,6.394,2022-08-23
LNK-32348,ARM,337190.35,4.334%,2021-07-21
LNK-41562,Refinance,454005.17,6.984,2021-08-05
LNK-62474,Fixed Purchase,334889.34,6.963,2020-02-25
LNK-26430,FHA Purchase,32085.43,6.960,2021-06-13
LNK-49213,Fixed Purchase,91258.34,4.273,2022-02-22
LNK-89907,Jumbo Purchase,562809.96,7.768,11/10/2025
LNK-75766,Fixed Refinance,508238.26,5.916,2021-09-14
LNK-58749,Refinance,374475.20,6.183,2019-01-27
LNK-61513,ARM,615857.47,6.384,2020-02-14
LNK-37932,Refinance,57973.92,5.108,2022-11-30
LNK-51052,Fixed Refinance,"$382,613.47",6.356,2026-01-13
LNK-66916,Refinance,188011.37,4.337,2019-07-05
LNK-70135,Fixed Purchase,196852.94,5.755,01/16/2024
LNK-55874,Fixed Purchase,148063.78,4.638,2026-01-12
LNK-22241,Fixed Refinance,531589.32,6.152,2020-10-13
LNK-27174,Fixed Purchase,285376.57,6.727,2023-09-18
LNK-80254,Fixed Refinance,198305.07,3.834,2021-07-28
LNK-19140,Fixed Purchase,466827.90,7.595,2024-12-14
LNK-33768,FHA Purchase,565951.66,8.032,2024-01-30
LNK-7839,FHA Purchase,370073.56,7.898,2023-10-07
LNK-85040,Jumbo Purchase,323115.55,6.387,03/24/2019
LNK-63991,Fixed Purchase,498318.57,4.146,2025-07-09
LNK-49655,Refinance,566944.55,6.201,2020-04-08
LNK-73684,ARM,432565.57,6.122,2019-08-05
LNK-94244,Refinance,209013.23,7.032,2024-09-13
LNK-68621,Refinance,124682.52,3.734,2024-11-20
LNK-17341,FIXED PURCHASE,262660.59,4.526,2023-10-18
LNK-38363,Jumbo Purchase,159746.15,6.790,2020-01-02
LNK-11993,Refinance,123217.85,5.587,2022-08-11
LNK-22012,Refinance,"$616,122.26",3.532,2019-02-17
LNK-36755,Fixed Refinance,454622.69,6.292,2019-12-09
LNK-59893,Fixed Refinance,517265.09,3.731,2021-02-18
LNK-68286,Fixed Refinance,319853.80,5.990,2019-08-23
LNK-58340,Fixed Refinance,408605.86,7.354,2022-07-05
LNK-13021,Fixed Purchase,"$574,128.57",7.024,2021-12-04
LNK-30102, Refinance ,164149.83,5.560,2022-03-22
LNK-60130,Jumbo Purchase,125983.07,7.070,2024-08-15
LNK-46820,Fixed Purchase,997751.94,3.864,2025-09-20
LNK-4495,Refinance,558899.13,5.947,2019-12-30
LNK-55381,Refinance,368568.84,5.652,2021-08-23
LNK-7980,Fixed Refinance,358750.18,4.878,2019-07-20
LNK-52964,Jumbo Purchase,505049.85,3.932,2019-06-11
LNK-66799,Fixed Purchase,196235.34,7.474,2025-04-05
LNK-50015,ARM,619326.45,5.981,2024-11-23
LNK-31903,Fixed Purchase,747928.37,5.454,2024-12-05
LNK-51615,Refinance,"$1,150,462.73",4.435,2026-03-21
LNK-11696,FHA Purchase,351669.26,5.993,2023-03-29
LNK-50140,Fixed Purchase,431542.27,4.804,2019-09-26
LNK-30430,ARM,447678.13,5.030,
LNK-4694,Fixed Refinance,303088.05,4.371,2023-09-16
LNK-42770,Fixed Purchase,471403.47,5.624,2020-03-02
LNK-13987,Fixed Refinance,128960.03,6.688,2022-04-09
LNK-94677,Refinance,168819.53,4.895,2022-04-05
LNK-86191,Fixed Purchase,300754.36,6.690,2022-10-24
LNK-44947,Fixed Purchase,187544.55,6.922,2019-12-13
LNK-20142,Fixed Purchase,508770.17,5.981,2024-12-12
LNK-19035,Jumbo Purchase,498039.74,5.352,2025-03-27
LNK-6020,Refinance,529272.37,6.302,2020-07-03
LNK-38601,Jumbo Purchase,117918.59,3.913,2026-03-02
LNK-62925,Jumbo Purchase,212767.15,4.659,2022-12-25
LNK-92235,Refinance,399110.03,3.889,2021-06-27
LNK-19191,Fixed Refinance,133180.83,5.219,2024-03-25
LNK-93476,Fixed Refinance,376242.19,4.194,2025-08-27
LNK-62487,REFINANCE,348530.87,5.976,07/13/2021
LNK-59799,ARM,103595.25,3.410,2025-11-11
LNK-81654,ARM,599510.02,3.453,2024-08-12
LNK-1688,Fixed Refinance,470353.05,3.434,2021-01-27
LNK-11384,Fixed Purchase,518717.64,5.205,2023-08-27
LNK-3490,Fixed Purchase,404500.22,4.813,2023-03-26
LNK-34544,Refinance,351083.14,6.692,2025-09-07
LNK-29266,Fixed Refinance,1146846.48,4.255,2023-02-15
LNK-20597,ARM,558947.91,5.334,2020-05-19
LNK-72932,Refinance,392640.09,4.569,2021-08-05
LNK-96320,ARM,533364.90,5.899,2023-07-27
LNK-80807,Fixed Refinance,169357.79,5.808,2020-08-28
LNK-70176,ARM,264327.33,3.441,2019-05-30
LNK-56476,Jumbo Purchase,242262.38,5.522,2019-06-25
LNK-15573,Refinance,501239.87,5.370,2023-06-08
LNK-32147,FHA Purchase,482910.07,4.168,2020-06-11
LNK-40472,Jumbo Purchase,587282.19,7.556,2019-08-15
LNK-16970,Fixed Purchase,293965.51,4.134,04/22/2019
LNK-7258,REFINANCE,12383.48,4.251,2020-12-19
LNK-32252,Fixed Purchase,993834.75,6.144,2023-11-22
LNK-56027,ARM,538375.97,5.177,2020-08-07
LNK-82633,FHA Purchase,529794.47,7.940,2020-04-19
LNK-60914,Jumbo Purchase,87653.07,5.696,2021-03-05
LNK-9232,Fixed Purchase,546616.02,6.954,2024-12-05
LNK-15530,Fixed Purchase,210054.89,6.899,2019-08-07
LNK-66513,ARM,1307805.49,4.977,05/01/2025
LNK-79215,Fixed Purchase,239802.04,7.817,2024-01-30
LNK-71261,Refinance,173596.56,6.225,2025-12-29
LNK-3154,ARM,419098.89,6.317%,2026-05-14
LNK-83831,Refinance,408493.13,6.319,2024-02-12
LNK-68551,Refinance,162671.86,5.717,2026-02-21
LNK-76372,Fixed Purchase,261739.29,3.843,2024-08-11
LNK-32711,Refinance,508879.73,7.213,2021-02-18
LNK-95181,Jumbo Purchase,516786.42,7.145,2023-10-27
LNK-19818,Refinance,586578.03,0.0620,2025-04-04
LNK-39177,ARM,147978.42,6.698,2019-05-06
LNK-57261,Fixed Purchase,200510.17,8.077,2021-07-23
LNK-1205,Fixed Purchase,443528.41,5.324,2021-09-26
LNK-81584,Refinance,436633.66,3.470,2022-03-12
LNK-47244, Jumbo Purchase ,598610.99,4.262,2020-08-06
LNK-32531,Refinance,1293668.21,6.536,2023-07-22
LNK-75798,ARM,446956.49,4.084,2025-03-05
LNK-55600, ARM ,302704.85,6.168,2019-03-03
LNK-25551,Fixed Refinance,137565.24,6.929,
LNK-88080,Fixed Purchase,265216.08,4.273%,2021-02-25
LNK-88584,ARM,164689.34,5.961,2024-09-15
LNK-69614,Jumbo Purchase,542230.75,,2021-07-05
LNK-48265,Refinance,359935.75,0.0703,2023-05-14
LNK-9870,Fixed Purchase,531035.00,5.942,2019-11-04
LNK-69951,Fixed Purchase,412361.08,7.331,2019-04-15
LNK-72313,Fixed Purchase,367379.62,4.965,2022-04-15
LNK-67496,Fixed Purchase,976232.84,4.521,2026-01-22
LNK-67535,Jumbo Purchase,592941.69,6.477,2019-07-26
LNK-73633,Fixed Purchase,1046215.04,5.676,2022-02-27
LNK-3665,Fixed Purchase,589468.05,6.908,2023-08-14
LNK-52177,Refinance,269334.51,3.768,2024-07-08
LNK-62621,Jumbo Purchase,578713.46,8.022,2025-05-04
LNK-6706,Refinance,496475.53,4.989,2024-11-16
LNK-84318,Fixed Purchase,604108.88,5.724,01/01/2020
LNK-51709,FHA Purchase,253097.08,4.495,2022-11-13
LNK-49929,ARM,334948.14,4.818,2021-04-19
LNK-34246,Jumbo Purchase,172885.99,6.373,2019-01-02
LNK-98952,Fixed Purchase,310716.26,8.011,2022-07-25
LNK-3128,ARM,391788.07,3.549,2021-06-12
LNK-47805,Jumbo Purchase,376676.00,6.328,11/21/2020
LNK-9855,ARM,"$160,355.36",4.988,2020-01-23
LNK-46193,Fixed Purchase,113301.57,6.717,2020-02-21
LNK-32604, Refinance ,581310.91,6.364,2024-08-08
LNK-97068,Fixed Purchase,779181.55,4.151,2024-07-06
LNK-87127, Refinance ,527617.69,4.174,2024-10-28
LNK-83346,ARM,391298.09,6.170,2025-10-20
LNK-14587,Fixed Refinance,548622.19,6.690,2021-09-22
LNK-77271,Jumbo Purchase,179810.89,5.135,2019-04-30
LNK-97362,Refinance,325559.15,5.371,2025-08-07
LNK-44583,Refinance,300488.05,3.876,2024-05-13
LNK-18486,ARM,586933.99,4.599,2020-08-23
LNK-6811,Fixed Purchase,"$494,026.78",4.375,2026-05-22
LNK-47176,Fixed Purchase,421608.59,4.443%,2023-05-31
LNK-72567,Refinance,92935.20,7.355,2020-03-05
LNK-45374,ARM,165432.18,5.510,2020-12-14
LNK-85252, Refinance ,260155.01,5.227,2025-08-30
LNK-23949,Refinance,370828.83,4.341,2025-12-28
LNK-90742,Fixed Purchase,776669.57,7.631,2019-06-04
LNK-61899,Fixed Refinance,593998.99,4.319,2025-01-30
LNK-92146,Fixed Refinance,468461.82,7.276,2026-04-09
LNK-63722,Jumbo Purchase,265680.71,5.978,2026-01-22
LNK-83802,Fixed Purchase,270526.96,5.958,2019-05-27
LNK-24891,ARM,275961.76,6.412,2023-07-04
LNK-18675,ARM,373509.50,3.791,
LNK-9270,ARM,126725.64,5.762,2024-03-04
LNK-94853,Refinance,290693.80,5.895,2023-11-23
LNK-60988,Fixed Refinance,167344.70,4.680,2025-06-20
LNK-5847,FHA Purchase,105426.26,,2024-11-17
LNK-39462,Refinance,450051.22,4.875,2022-01-08
LNK-27422,Refinance,549266.32,4.961,2025-12-12
LNK-6741,ARM,105498.95,3.721,2025-01-28
LNK-27144,Fixed Refinance,541077.66,4.130,2024-11-14
LNK-6492,Refinance,189917.38,6.661%,2022-04-19
LNK-42365,Fixed Purchase,594127.32,6.966,01/07/2022
LNK-41642,Jumbo Purchase,203875.48,6.126,2025-06-03
LNK-68552,ARM,172965.52,5.618,2022-09-04
LNK-53196,Fixed Refinance,471495.15,4.112,2022-11-07
LNK-72176,FHA Purchase,"$176,943.60",4.714,2021-06-29
LNK-63049,Refinance,452244.05,6.842,2024-08-28
LNK-34202,Fixed Refinance,1166656.66,5.476,2023-05-02
LNK-5799,Refinance,9363.34,5.351,2022-03-22
LNK-99735,Fixed Purchase,188875.35,4.272,2024-09-29
LNK-85790,Fixed Purchase,530332.46,6.356,2020-11-06
LNK-26048,Refinance,462007.07,4.477,2019-06-04
LNK-38501,ARM,296073.95,4.187,2020-03-16
LNK-47789,ARM,142363.89,4.455,2021-05-28
LNK-7265,ARM,537543.35,3.981,2023-10-12
LNK-86948,Fixed Purchase,93590.37,7.894,09/05/2020
LNK-44506,Refinance,143371.01,6.570,2019-05-25
LNK-36811,Fixed Purchase,289868.83,8.090,2025-08-20
LNK-17315,Refinance,408713.39,6.431,2019-01-28
LNK-49237,FIXED PURCHASE,536915.67,7.476,2022-11-27
LNK-58272,Jumbo Purchase,"$585,318.08",7.721,2023-10-20
LNK-53431,FHA Purchase,547258.41,5.557,2024-01-17
LNK-98426,Fixed Purchase,546487.09,6.822,2024-09-20
LNK-58637,Fixed Refinance,443083.40,4.758,2025-08-06
LNK-51678,ARM,548734.62,6.214,2022-03-25
LNK-45438,Fixed Purchase,597532.74,7.959,2023-10-20
LNK-25486,FIXED PURCHASE,681521.75,4.428,2022-06-10
LNK-66038,Fixed Purchase,431326.93,7.919,2020-06-21
LNK-91710,Jumbo Purchase,615292.07,5.168,2022-07-23
LNK-66211,Fixed Purchase,813273.02,6.504,2025-03-25
LNK-49148,Refinance,236891.57,5.479,2025-12-01
LNK-69062,Refinance,617378.73,5.398,2021-06-28
LNK-35959,Jumbo Purchase,507022.79,5.023,2023-08-20
LNK-11828,Fixed Purchase,280967.35,6.964,2020-11-17
LNK-96300,Fixed Purchase,593091.19,4.700,2020-12-09
LNK-56640,Fixed Refinance,141635.74,6.745,2020-06-01
LNK-11345,Fixed Purchase,893895.56,4.153,2023-03-25
LNK-57440,Jumbo Purchase,362980.97,5.879,2021-04-15
LNK-79964,ARM,97960.58,4.845,2024-10-25
LNK-24652,Refinance,179663.52,4.800,2024-03-16
LNK-72496,Fixed Refinance,279305.26,5.335,2023-04-02
LNK-39504,Refinance,102491.17,3.761,2024-02-01
LNK-43101,Refinance,213982.59,3.612,2021-01-14
LNK-14447,FHA Purchase,430299.86,5.739,2021-05-30
LNK-11494, Fixed Refinance ,474642.35,6.022,2021-02-01
LNK-43981,FHA Purchase,259315.10,6.258,05/10/2025
LNK-87628,Fixed Purchase,305388.05,4.189,2023-10-16
LNK-39750,Refinance,398069.55,4.345,2025-03-05
LNK-41173,Jumbo Purchase,258929.84,7.944,2025-06-23
LNK-59447,Refinance,256308.98,4.467,2020-05-15
LNK-79986,Refinance,479356.49,4.275,2023-05-30
LNK-95065,FHA Purchase,390508.39,4.854,2024-08-02
LNK-56851,Fixed Refinance,181546.35,6.699,2025-07-12
LNK-22842,Fixed Purchase,178266.85,3.991,2021-10-06
LNK-91408,Refinance,491463.91,6.275,2021-05-27
LNK-59183,Jumbo Purchase,259879.07,6.179%,2024-10-26
LNK-47077,Fixed Purchase,519591.61,4.179,2023-02-01
LNK-59606,Fixed Refinance,546693.32,4.093,2019-07-02
LNK-6551,Refinance,409520.28,6.939,2024-10-25
LNK-96265,Jumbo Purchase,319527.92,6.766,
LNK-47210,ARM,211685.78,6.520,2019-06-15
LNK-81589,Fixed Purchase,246625.39,6.558,2025-06-03
LNK-58008,Refinance,143572.25,6.741,10/29/2020
LNK-36986,Jumbo Purchase,390226.13,4.157,2020-09-03
LNK-84816,Fixed Purchase,580871.06,7.009,2019-04-09
LNK-8518,Fixed Purchase,233293.54,5.975,2019-08-21
LNK-10835,FIXED PURCHASE,87628.18,5.795,2021-05-11
LNK-88973,ARM,10653.00,4.572,2026-02-06
LNK-84560,Fixed Purchase,195876.41,6.738,2024-02-29
LNK-54242,Fixed Refinance,159704.75,6.486,2020-01-01
LNK-48619,ARM,140910.46,3.255,2025-12-04
LNK-68251,ARM,471804.66,6.524,2023-11-28
LNK-99290,Fixed Purchase,418291.10,3.911,2025-05-31
LNK-90051,ARM,793070.15,5.507,2022-05-19
LNK-5081,Fixed Purchase,493932.64,4.187,2022-03-11
LNK-19714,Refinance,296209.28,7.088,2019-02-05
LNK-80635,ARM,157029.32,4.490,2019-03-12
LNK-89878,Refinance,45934.75,7.271,04/08/2023
LNK-58432,Fixed Purchase,482029.95,7.253,2021-05-29
LNK-5561,Refinance,269702.75,5.734,2019-03-11
LNK-17545,Fixed Purchase,327747.87,4.580,2023-01-10
LNK-9812,Refinance,292242.28,3.921,2019-04-21
LNK-31932,Fixed Purchase,482315.29,4.363,2024-05-27
LNK-85562,ARM,278575.08,3.954,2024-07-19
LNK-49015,Fixed Purchase,416392.26,6.889,2019-12-16
LNK-48467, Jumbo Purchase ,96973.51,4.300,2022-02-26
LNK-51181,FHA Purchase,142266.23,7.895,2020-10-11
LNK-75349,Refinance,428491.93,6.241,2022-03-15
LNK-5244,Fixed Purchase,94020.17,7.687,2024-07-26
LNK-80310,Fixed Refinance,326538.39,6.547,2025-12-26
LNK-21111,ARM,447231.63,4.476,2023-10-08
LNK-90006,FHA Purchase,219435.45,4.345,2021-10-25
LNK-59972,Fixed Purchase,744807.67,7.159,2020-05-17
LNK-49623,Fixed Purchase,572635.32,6.159,2020-02-16
LNK-49760,Fixed Purchase,589617.15,5.594,06/24/2019
LNK-59188,Refinance,519599.85,5.191,2020-08-29
LNK-11077,Jumbo Purchase,142877.17,4.014,2019-12-12
LNK-76225,Fixed Purchase,327335.27,5.759,2021-07-27
LNK-19047,FHA Purchase,519953.48,7.969,2022-02-02
LNK-70397,Fixed Purchase,299330.17,4.605,2019-03-13
LNK-49096,Fixed Purchase,369455.06,5.296,2023-10-11
LNK-53171,Refinance,350453.17,5.645,2022-09-29
LNK-42207,Refinance,551609.93,5.010,2023-12-06
LNK-86139,Jumbo Purchase,"$560,955.53",4.398,2022-12-17
LNK-37528,Refinance,529420.77,5.300,2019-05-12
LNK-33717,Fixed Purchase,306920.15,7.948,2026-01-11
LNK-15869,Fixed Refinance,120811.43,6.066,2020-05-24
LNK-4396,Fixed Purchase,485727.13,4.776,03/11/2025
LNK-97426,Fixed Refinance,490148.67,5.924,2022-01-09
LNK-25385,Fixed Purchase,442224.68,5.127%,2020-12-06
LNK-66410,Refinance,353482.28,4.591,2025-09-15
LNK-68861,FHA Purchase,296325.11,8.055,03/01/2026
LNK-51723,Fixed Purchase,332837.55,4.273,2023-08-26
LNK-74619,Refinance,241549.57,4.928,2020-02-12
LNK-16435,ARM,594612.31,5.213,
LNK-35311,Fixed Purchase,257440.95,6.956,
LNK-35116,Refinance,396832.21,7.383,2024-01-02
LNK-93279,Fixed Purchase,525062.10,7.593,2026-05-28
LNK-59493,Fixed Purchase,112274.73,7.683,2020-12-03
LNK-29124,ARM,534949.68,5.539,2026-01-27
LNK-81199,Refinance,135866.76,7.146,2019-12-09
LNK-38431,Refinance,486745.23,5.782,2025-07-22
LNK-91961,Fixed Purchase,144896.84,7.937,2025-01-10
LNK-65382,Refinance,240025.16,3.522,2019-10-17
LNK-27237,FHA Purchase,563377.52,4.351,2020-05-07
LNK-17074,Jumbo Purchase,275487.21,7.783,2025-05-28
LNK-18790,FHA Purchase,284982.62,6.095,2019-09-10
LNK-10706,Fixed Purchase,110049.95,5.809,2020-01-19
LNK-60250,Fixed Purchase,186069.17,5.053,2023-07-10
LNK-23630,Refinance,129957.40,6.964,2025-08-15
LNK-94502,Fixed Purchase,443670.60,5.945,2024-03-12
LNK-59341,ARM,589649.54,6.237,2026-02-15
LNK-12506,Fixed Purchase,274733.07,0.0488,2019-12-29
LNK-90381,ARM,1369669.59,5.477,2020-12-26
LNK-42889,Refinance,517536.76,4.297,2023-03-26
LNK-88535,Fixed Refinance,331228.13,6.619,2026-03-11
LNK-46537,Fixed Purchase,109164.65,5.584,2026-03-05
LNK-94000,Refinance,290295.91,4.459,2025-11-10
LNK-9511,Fixed Purchase,358759.83,5.681,2020-09-18
LNK-73089,Fixed Purchase,"$161,151.74",5.297,2021-09-22
LNK-72063,ARM,375301.52,4.959,2025-06-08
LNK-39058,Fixed Refinance,227266.25,6.187,2021-07-22
LNK-40315,Jumbo Purchase,158540.77,5.836,2024-11-29
LNK-21644,REFINANCE,312329.22,3.654,2022-05-13
LNK-94298,FHA Purchase,145426.22,8.075%,2021-10-13
LNK-94003,Fixed Refinance,405834.18,7.394,2021-04-17
LNK-92779,Fixed Purchase,199138.93,7.641,2022-10-31
LNK-84584,Fixed Purchase,576317.59,5.973,2023-06-29
LNK-23818,Jumbo Purchase,96733.02,7.693,2022-02-14
LNK-48381,ARM,225267.76,4.687,2026-04-17
LNK-67683,Fixed Purchase,1103775.47,5.499,2019-09-16
LNK-30391,Fixed Refinance,564668.00,3.661,2024-10-13
LNK-16907, Fixed Purchase ,372958.48,6.493,2025-02-17
LNK-27342,Jumbo Purchase,86525.58,7.375,2020-08-18
LNK-19202,Fixed Purchase,229915.49,8.079,2021-07-16
LNK-65752,Refinance,576727.45,7.189,2025-02-14
LNK-4445, Refinance ,415312.56,6.196,2025-07-10
LNK-48303,Refinance,320585.45,4.925,2022-07-03
LNK-73616,Jumbo Purchase,260119.74,8.008,2026-05-26
LNK-76009,Fixed Purchase,157100.71,4.536,2024-05-10
LNK-49353,FIXED PURCHASE,581880.36,3.944,2020-04-09
LNK-62263,Fixed Purchase,450279.84,7.371,2025-01-11
LNK-73305,Refinance,296263.88,4.394,2026-04-06
LNK-18009,Refinance,224049.36,,2024-06-11
LNK-81209,Fixed Purchase,435994.24,7.260,2022-05-08
LNK-12300,REFINANCE,180726.23,4.905,2023-03-17
LNK-9617,Fixed Purchase,568120.85,6.418,2023-11-02
LNK-41539,Fixed Purchase,507210.19,3.812,2022-06-26
LNK-53187,Jumbo Purchase,347165.68,6.088,2019-04-30
LNK-94969,Fixed Refinance,250058.95,4.283,2024-09-05
LNK-95223,Fixed Purchase,155007.87,5.357,2023-07-15
LNK-63739,Fixed Refinance,542044.20,5.075,2022-03-30
LNK-69903, ARM ,263691.11,,2019-08-08
LNK-54843,FHA Purchase,312640.17,4.265,2020-09-15
LNK-54665,FHA Purchase,512032.67,7.584,2026-05-13
LNK-76353,ARM,493637.77,4.544,2020-02-29
LNK-10666,Fixed Purchase,611169.25,0.0771,2024-08-23
LNK-17426,Fixed Purchase,511331.84,8.071,2019-01-26
LNK-42553,FHA Purchase,93032.49,5.996,2023-06-11
LNK-85192,ARM,383973.71,3.393,2025-06-24
LNK-10720,FHA Purchase,322587.26,3.809,2022-01-24
LNK-59979,FHA Purchase,303573.54,4.464,2023-10-07
LNK-62057,Fixed Refinance,1073009.51,4.315,2024-05-14
LNK-90143,ARM,457592.35,6.306,2024-12-20
LNK-68811,Refinance,605931.06,4.874,2021-12-20
LNK-46156,Fixed Purchase,153435.44,6.772,2021-08-10
LNK-17821,Jumbo Purchase,278685.61,7.883,2019-07-13
LNK-73260,FHA Purchase,221138.60,4.991,2024-03-28
LNK-84859,FIXED PURCHASE,190292.99,4.235,2021-03-03
LNK-78042,Fixed Refinance,324385.43,5.859,2024-07-05
LNK-24850,Refinance,521345.41,5.154,2023-06-19
LNK-17912,Fixed Purchase,242006.36,6.979,2024-06-27
LNK-57704,Fixed Purchase,530443.16,6.730,2019-10-26
LNK-66911, ARM ,91749.34,6.064,2019-10-03
LNK-8263,ARM,913161.05,5.451,2019-05-16
LNK-17274,FHA Purchase,608690.56,6.122,2020-08-16
LNK-68908,Jumbo Purchase,262097.88,5.079,2019-05-27
LNK-21056,Jumbo Purchase,506494.00,5.989,2023-06-12
LNK-40862,Refinance,360090.89,5.100,2020-12-06
LNK-22581,FIXED PURCHASE,443463.88,4.889,2019-08-08
LNK-22229,Fixed Purchase,371267.92,4.037,2025-10-04
LNK-43291,ARM,504588.85,5.475,2026-04-20
LNK-93973,Fixed Refinance,443192.19,5.783,2020-08-25
LNK-30552,FHA Purchase,359183.40,6.094,2023-05-01
LNK-46353,Refinance,312687.95,5.458,2020-09-26
LNK-69012,Fixed Refinance,405384.98,7.341,2024-05-25
LNK-38230,Fixed Purchase,341447.58,5.705,2020-07-17
LNK-11336,Fixed Purchase,518469.75,8.041,2025-01-22
LNK-33847,ARM,220158.78,6.447,
LNK-26729,Refinance,172062.71,5.672,2020-02-27
LNK-84238,Fixed Purchase,430648.17,3.881,2020-10-05
LNK-36972,REFINANCE,611121.91,5.459,2019-07-22
LNK-17406,Refinance,198468.75,3.579,2020-04-24
LNK-82922,Fixed Purchase,1203331.97,5.429,2023-11-13
LNK-81534,Fixed Purchase,100943.26,6.346,2025-04-05
LNK-70924,Refinance,467453.29,5.591,2022-04-25
LNK-13245,ARM,134723.15,5.781,2025-03-15
LNK-66873,Fixed Purchase,215523.21,6.315,2019-07-14
LNK-85015,Fixed Purchase,503925.53,6.144%,2020-07-20
LNK-23103,Fixed Purchase,548499.69,7.369,2020-02-05
LNK-78569,FIXED PURCHASE,1318240.86,,2021-01-17
LNK-77106,Fixed Refinance,"$234,237.02",6.369,2023-04-03
LNK-21210,Fixed Purchase,95456.66,5.646,2023-05-17
LNK-23439,Fixed Purchase,91977.42,7.735,2022-05-10
LNK-87341,Fixed Refinance,461682.62,,2022-03-01
LNK-82851,ARM,258303.09,6.126,2025-08-19
LNK-95454,Refinance,107447.35,4.869,2025-04-19
LNK-80316,ARM,378305.60,3.621,2024-12-28
LNK-45252,Refinance,301812.18,5.236,2019-03-05
LNK-74874,Refinance,383546.09,5.941,2020-04-29
LNK-6399,FHA Purchase,438320.33,6.422,2023-01-31
LNK-4718,Fixed Refinance,314383.56,6.776,2025-05-21
LNK-11646,ARM,455869.20,3.182,2019-12-23
LNK-6958,Jumbo Purchase,493740.27,7.444,2026-01-28
LNK-85076,Refinance,551884.75,4.611,2019-11-19
LNK-76598,Fixed Purchase,589830.34,5.353,2020-07-24
LNK-35688,Fixed Refinance,278245.70,7.286,2020-04-27
LNK-86344,ARM,462745.49,3.610,2022-04-30
LNK-28631, Fixed Purchase ,124926.13,7.218,2026-03-26
LNK-75991,Fixed Purchase,410575.14,7.839,2023-11-20
LNK-55602,FIXED PURCHASE,407689.82,5.978,2019-11-01
LNK-82016,Fixed Refinance,556678.17,4.457,2023-02-09
LNK-84753,Fixed Purchase,525469.51,5.027,2024-06-14
LNK-4969,Fixed Purchase,317787.95,3.763,2025-06-25
LNK-66278,Jumbo Purchase,281435.35,6.840,2019-03-15
LNK-83203,Fixed Purchase,423183.27,6.813,2022-11-02
LNK-72509,FHA Purchase,330756.61,4.342,2024-04-09
LNK-38967,Refinance,576955.18,,2022-02-20
LNK-85136,Fixed Purchase,363291.30,7.303,2021-01-18
LNK-40596,Fixed Purchase,327153.82,0.0807,2019-10-24
LNK-64300,FHA Purchase,579444.85,5.373,2024-05-26
LNK-33096,Fixed Refinance,589489.56,6.412,2019-08-30
LNK-90783,Refinance,606477.64,6.775,2020-03-23
LNK-54227,Refinance,253516.10,6.390,2019-06-28
LNK-39985,Fixed Purchase,522063.15,3.982,2025-05-21
LNK-60446,Fixed Purchase,332370.87,,2019-03-02
LNK-10564,ARM,569737.26,5.518,2024-08-27
LNK-91257,Fixed Purchase,465586.43,4.737,2026-03-30
LNK-8852,Refinance,335553.99,5.692,2023-08-16
LNK-21719,Refinance,234280.27,3.862,2019-12-27
LNK-58619,Fixed Refinance,360348.66,5.297,2022-06-27
LNK-55476,Fixed Purchase,567407.64,4.058,2021-11-22
LNK-64471,Fixed Purchase,499455.51,5.504,2021-01-20
LNK-61875,Jumbo Purchase,199134.63,7.189,2023-01-14
LNK-27741,Refinance,556500.29,6.885,09/12/2020
LNK-45589,Fixed Purchase,546193.65,5.644,2023-10-25
LNK-19830,Refinance,202180.73,4.405,2022-05-12
LNK-41970,REFINANCE,377731.92,4.672,2021-07-22
LNK-95157,FHA PURCHASE,570648.28,5.046%,2020-07-18
LNK-42853, ARM ,113394.04,6.530,2019-07-25
LNK-97233,ARM,264526.50,6.655,2020-10-15
LNK-46268,Fixed Purchase,526188.79,6.103,2022-09-27
LNK-53260,ARM,10740.27,4.245,2019-04-23
LNK-18139,Refinance,560873.52,3.733%,2020-02-15
LNK-49567,Refinance,292526.63,6.147,2020-08-05
LNK-68499,Fixed Purchase,589199.77,3.985,2020-12-26
LNK-74616,Fixed Purchase,468641.42,4.767,2022-01-02
LNK-14917,Fixed Purchase,"$716,154.40",4.338,2023-11-28
LNK-42827,Fixed Refinance,566552.33,7.248,2019-02-13
LNK-32685,ARM,"$519,663.97",3.392,2020-03-30
LNK-62141,Jumbo Purchase,582818.25,5.260,2026-05-05
LNK-17059,Refinance,320482.68,4.759,2023-11-30
LNK-36058,FHA Purchase,348387.29,6.813,2020-06-12
LNK-59929,Refinance,582951.43,5.760,2023-02-08
LNK-33495,Jumbo Purchase,441538.48,3.959,2023-05-28
LNK-19465,Refinance,200684.01,6.285,2021-04-12
LNK-13689,Refinance,86607.24,7.151,2021-05-28
LNK-7632,Refinance,458820.39,3.658,
LNK-39038,Refinance,135180.46,6.016,2025-11-25
LNK-51351,Fixed Purchase,376812.20,7.013,2023-03-12
LNK-81658,ARM,109451.96,3.223,2023-07-28
LNK-55805,Refinance,394020.83,4.991,2023-10-22
LNK-33541,Jumbo Purchase,377911.44,5.433,2023-12-05
LNK-21932,Fixed Purchase,457066.74,5.834,2021-12-29
LNK-43917,Fixed Purchase,561023.44,4.593,2022-03-29
LNK-76718,Refinance,612804.49,3.482,2023-05-28
LNK-95519,ARM,538715.44,4.314,2021-06-11
LNK-41988,ARM,90913.99,6.746,2022-07-06
LNK-25881,Jumbo Purchase,183250.02,6.087,2021-01-22
LNK-21885,REFINANCE,438897.93,6.516,2021-06-15
LNK-66308,Fixed Purchase,542966.13,6.957,2019-05-11
LNK-68466,Refinance,562405.65,,2021-09-27
LNK-62186,Fixed Refinance,374442.42,5.442,2021-09-22
LNK-66373,Jumbo Purchase,147406.82,5.682,2020-07-11
LNK-41441,Fixed Purchase,564565.82,7.992,2024-02-13
LNK-66191,Jumbo Purchase,385976.45,6.112,2022-08-17
LNK-4037,Jumbo Purchase,131933.86,6.332,2023-10-01
LNK-12802,ARM,208555.67,4.651,2021-01-03
LNK-52543,Jumbo Purchase,160683.94,6.015,2019-11-15
LNK-67249,FHA Purchase,561111.55,4.298,12/28/2023
LNK-60930,Fixed Refinance,535391.74,6.408,2019-01-26
LNK-32552,ARM,597227.84,6.042,
LNK-29199,ARM,572056.39,5.032,2024-06-25
LNK-77460,Refinance,387565.71,6.491,2024-08-22
LNK-47254,Refinance,262788.92,6.321,2022-07-05
LNK-7377,ARM,605454.45,5.656,2023-04-13
LNK-7624,Fixed Purchase,111934.00,5.228,2021-08-26
LNK-37877,Fixed Refinance,459159.85,3.669,2023-03-18
LNK-65866,Fixed Purchase,571108.96,4.500,2024-09-16
LNK-79317,FHA Purchase,726779.59,5.986,11/19/2020
LNK-86755,ARM,85652.25,3.891,2022-04-21
LNK-89148,Refinance,533695.22,6.050,2020-09-28
LNK-62680,Fixed Purchase,234128.37,6.599,2020-06-23
LNK-38453,Jumbo Purchase,485058.37,7.987,2023-01-14
LNK-71345,Fixed Refinance,460088.92,6.343,2019-02-23
LNK-2071,Refinance,608591.41,6.258,2020-09-03
LNK-15089,Fixed Purchase,468562.64,7.450,2020-06-04
LNK-57482,Fixed Purchase,284517.93,7.659,2020-06-19
LNK-18555,ARM,559189.70,4.565,2019-01-12
LNK-96355,Jumbo Purchase,269272.38,4.754,2023-12-08
LNK-48943,ARM,568154.95,5.088,2020-06-24
LNK-53855,Refinance,"$433,692.28",3.759,2019-10-31
LNK-48964,ARM,410343.38,3.689,2024-12-14
LNK-6930,FHA PURCHASE,100606.82,7.949,2025-01-25
LNK-53505,Fixed Purchase,292098.16,6.219,2021-04-11
LNK-7705,ARM,974690.24,6.374,2023-09-07
LNK-75747,Jumbo Purchase,331369.95,7.626,2023-04-19
LNK-74638,ARM,166839.84,6.075,2023-01-22
LNK-26513,Fixed Purchase,238512.75,4.858,2026-05-11
LNK-48516,FHA Purchase,294461.19,5.082,2021-02-11
LNK-38827,Refinance,268927.60,5.818,2020-11-16
LNK-10637,Fixed Purchase,175384.67,7.587,2020-04-26
LNK-51639,FHA Purchase,221813.64,6.645,2022-11-08
LNK-67093,Refinance,256500.35,3.806,2024-10-09
LNK-60028,Refinance,595903.48,5.372,08/30/2025
LNK-73070,Refinance,480849.33,3.990,2021-09-10
LNK-37663,Jumbo Purchase,465500.44,6.233,2023-04-07
LNK-82689,Fixed Purchase,266276.98,4.333,2022-02-27
LNK-90181,FHA Purchase,184862.56,4.001,2024-12-17
LNK-81090,Fixed Purchase,"$592,840.83",3.901,2021-09-13
LNK-16572,Fixed Refinance,280726.72,5.398,2019-04-25
LNK-17864,Fixed Refinance,282840.29,6.311,2025-04-27
LNK-13672,ARM,510895.33,5.735,2022-01-03
LNK-52629,FHA Purchase,575159.84,4.617,2021-09-09
LNK-49915,Refinance,615253.59,4.947,2025-09-01
LNK-45444,ARM,516687.91,6.452,2020-06-02
LNK-74116,ARM,82917.41,6.461,2025-06-03
LNK-48920,Jumbo Purchase,415804.08,5.960,2022-10-31
LNK-99954,ARM,161288.53,4.473,2023-04-11
LNK-19909,Jumbo Purchase,182222.26,4.792,2024-01-31
LNK-27090,Fixed Purchase,213184.57,6.310,2020-05-01
LNK-79966,ARM,584221.97,6.791,2021-12-20
LNK-67731,Refinance,217579.62,7.164,2020-04-21
LNK-53610,Fixed Purchase,250286.25,3.993,2025-05-09
LNK-66546,Refinance,329975.30,7.030,2019-03-16
LNK-6938,Refinance,476015.79,5.523,2022-12-30
LNK-6100,Fixed Purchase,149332.28,6.138,2020-01-14
LNK-18961,Refinance,255309.57,6.663,2026-05-18
LNK-94531,Jumbo Purchase,316625.88,7.219,2021-11-29
LNK-44652,Refinance,561307.03,3.850,2021-03-05
LNK-63094,Fixed Purchase,431736.04,3.860,2024-12-06
LNK-69069, ARM ,481954.95,6.448,03/10/2024
LNK-60898,Refinance,299163.18,,2024-04-01
LNK-20521,Fixed Purchase,118140.79,7.774,2026-01-21
LNK-80463,Fixed Refinance,520314.20,3.652,2023-02-14
LNK-68568,Refinance,1386619.89,5.335,2020-12-30
LNK-19321,Fixed Purchase,184675.09,7.433%,2021-03-09
LNK-43987,Fixed Purchase,246101.30,6.762,2020-05-20
LNK-81356,Fixed Purchase,297927.87,6.769,2024-07-17
LNK-42750,Jumbo Purchase,191175.82,6.458,2022-12-08
LNK-52505,Refinance,294059.50,3.507,2026-03-26
LNK-81805,Fixed Refinance,542930.68,4.776,2023-03-10
LNK-97904,ARM,562889.45,3.889,2021-08-19
LNK-40221,Fixed Purchase,455875.38,4.737,2025-11-27
LNK-78820,Refinance,"$940,872.46",5.295,2021-06-28
LNK-45089,Fixed Purchase,206250.89,5.957,2019-05-23
LNK-67494,Fixed Purchase,111190.89,3.948,2021-02-06
LNK-67809,ARM,598390.76,6.086,2021-03-29
LNK-70774,Fixed Purchase,347894.82,4.184,2026-03-26
LNK-65205,Jumbo Purchase,381187.78,6.178,2025-04-13
LNK-93895,Fixed Purchase,132957.70,6.648%,2026-01-25
LNK-74783,Fixed Refinance,225244.03,6.517,
LNK-40294,ARM,225520.75,6.725,2021-06-06
LNK-63245,FHA Purchase,160774.40,6.848,2019-03-11
LNK-3180,Fixed Refinance,241239.75,4.784,2025-05-07
LNK-49281,Fixed Refinance,615084.64,4.137,2022-12-19
LNK-44416,ARM,524263.29,6.774,2021-05-14
LNK-89317,Fixed Purchase,293442.06,6.514,2024-05-15
LNK-15366,Fixed Purchase,542469.72,3.991,2023-06-14
LNK-55596,ARM,140929.64,4.897,2022-07-15
LNK-77507,Refinance,248116.41,0.0565,2020-08-31
LNK-41327,Refinance,202567.08,5.005,2019-08-23
LNK-96069,Fixed Purchase,298623.61,6.882,05/14/2026
LNK-91183,Fixed Purchase,475816.20,3.946,2022-07-28
LNK-83478,Fixed Purchase,178239.75,4.043,2019-12-21
LNK-4492, Fixed Refinance ,123531.17,7.073,2022-11-02
LNK-79238,Fixed Purchase,389722.86,6.257,03/20/2023
LNK-63205,Fixed Purchase,256756.70,5.306,2021-01-27
LNK-35803,Fixed Refinance,784981.82,7.306,2019-03-03
LNK-86929,Jumbo Purchase,350429.77,6.628,2020-09-05
LNK-76821,FHA Purchase,390791.89,5.620,2025-12-15
LNK-76711,Refinance,431287.46,5.666,2024-11-13
LNK-30824,Fixed Purchase,313103.91,4.756,2025-10-01
LNK-95555,Fixed Purchase,319249.27,7.076,2024-02-29
LNK-7731,Refinance,600651.58,5.301,2025-02-09
LNK-77483,Fixed Purchase,426010.32,6.495,2025-05-30
LNK-63973,Refinance,250190.55,3.767,2023-04-15
LNK-23349,FIXED PURCHASE,595289.91,7.168,2026-02-21
LNK-69712,Fixed Purchase,162431.47,6.300,2022-12-12
LNK-83447,Fixed Refinance,345165.13,7.373,2025-04-25
LNK-82230,Fixed Refinance,689953.33,3.961,2025-04-17
LNK-50832,Fixed Purchase,376444.21,5.909,2022-05-04
LNK-20369,Refinance,578996.13,3.756,2021-04-04
LNK-90224,ARM,1336320.76,3.222,2023-07-24
LNK-32745,Fixed Purchase,203016.08,6.312,2023-05-01
LNK-5138,Refinance,414805.40,5.166,2020-03-26
LNK-76047,Refinance,27659.97,4.921,2022-08-08
LNK-92818,Refinance,02556.98,4.117,2022-12-03
LNK-15404,Refinance,332529.81,5.106,2021-08-19
LNK-26006,Jumbo Purchase,413533.61,6.450,2025-04-11
LNK-3482,Fixed Refinance,412272.37,4.527,05/16/2026
LNK-58807,Fixed Purchase,261768.06,7.670,2022-04-11
LNK-42116,Fixed Purchase,222707.86,7.651,2025-11-11
LNK-55890,Refinance,407862.13,5.830,
LNK-20848,ARM,206132.00,6.345,2021-12-16
LNK-55127,Fixed Refinance,532672.76,4.085,2021-07-08
LNK-91505,ARM,309768.61,4.865,2021-06-14
LNK-27724,Refinance,370250.55,5.490,2022-01-09
LNK-54788,Fixed Purchase,602525.92,7.057,2023-12-30
LNK-66774,Refinance,"$146,601.79",3.573,2022-08-31
LNK-81147,Jumbo Purchase,271045.00,6.837,2023-08-18
LNK-62814,ARM,398298.74,3.565,2021-09-28
LNK-97447,Fixed Purchase,388176.47,5.410,2019-09-20
LNK-96342,Refinance,388116.84,3.966,2022-12-28
LNK-9163,Fixed Refinance,194161.49,4.733,2023-05-31
LNK-93507,Refinance,403274.49,5.729,2026-01-16
LNK-19098,ARM,86239.50,6.692,2019-11-20
LNK-68984,Refinance,590244.28,4.842,2022-05-07
LNK-28176,Refinance,297153.59,3.690,2025-01-29
LNK-74516,Fixed Purchase,194516.41,4.579,2023-07-27
LNK-43604,Refinance,157616.55,4.180,2024-02-17
LNK-87799,Fixed Purchase,196233.07,5.060,2024-01-21
LNK-63701,ARM,481676.56,5.535,2025-01-21
LNK-69875,Fixed Purchase,508436.31,6.582,2020-07-30
LNK-50391,Fixed Purchase,487995.83,0.0442,2026-05-02
LNK-42124,Refinance,345703.12,3.658,2021-12-15
LNK-23699,Fixed Purchase,196194.04,4.425,2025-01-06
LNK-61249,Jumbo Purchase,591778.31,7.296,2025-11-01
LNK-70878,ARM,266012.14,4.346,2020-10-15
LNK-45869,Fixed Purchase,616798.71,4.767,2020-07-12
LNK-72601,ARM,391885.05,3.856,2019-02-10
LNK-47437,Fixed Purchase,220696.81,4.045,2020-05-18
LNK-89587,ARM,329117.42,3.140,2023-10-15
LNK-90226,ARM,411329.22,4.266,2019-08-21
LNK-85319,Refinance,197676.02,7.014,2021-08-03
LNK-91873,Refinance,223198.59,4.340,06/06/2021
LNK-35650,Jumbo Purchase,1082147.01,5.744,2025-07-09
LNK-80963,Fixed Refinance,"$1,013,375.11",4.052,2020-10-31
LNK-64462,Fixed Purchase,"$112,883.77",5.661,2023-08-22
LNK-26200,Fixed Purchase,557457.34,7.126,2020-02-21
LNK-33311,ARM,425293.33,6.152,2023-08-23
LNK-37569,Fixed Refinance,406385.31,7.103,2019-07-24
LNK-74149,Refinance,206653.65,5.163,2024-04-05
LNK-40124,ARM,551632.27,3.676,2025-09-18
LNK-30473,FHA Purchase,503338.50,5.465,2024-12-26
LNK-40008,Fixed Purchase,356316.28,7.870,2024-06-11
LNK-38880,Fixed Purchase,391770.83,7.206,2020-02-13
LNK-93392,Fixed Purchase,110223.26,7.952,2019-06-21
LNK-28168,ARM,453272.61,6.497,2025-11-20
LNK-91471,Jumbo Purchase,607158.91,7.470,2024-06-08
LNK-93404,Fixed Purchase,421664.55,4.407,2020-02-29
LNK-65094,Refinance,219723.25,5.793,2020-03-24
LNK-42555,Fixed Purchase,161026.16,5.437,2021-11-08
LNK-63888,Refinance,1335724.01,3.999,2020-04-07
LNK-46718,ARM,256468.95,5.287,2026-03-31
LNK-74464,FHA Purchase,571192.82,3.757,2025-01-19
LNK-95589,FIXED PURCHASE,240094.78,7.566,2019-03-17
LNK-36842,Jumbo Purchase,352016.23,7.763,2019-02-18
LNK-38721,Fixed Purchase,173922.41,6.420,2023-03-27
LNK-16974,Refinance,123183.72,4.653,2024-01-10
LNK-76166,Refinance,568518.96,5.939,2021-05-06
LNK-89686, Jumbo Purchase ,481478.28,4.916,01/27/2024
LNK-72197,ARM,510212.87,4.427,2020-09-21
LNK-50767,Fixed Purchase,298661.60,4.367,2025-10-12
LNK-52712,Refinance,391396.97,4.004,2022-03-16
LNK-46237,ARM,547606.67,4.619,2019-06-22
LNK-20198,Fixed Purchase,490236.20,5.500,2023-11-21
LNK-39070,Refinance,519614.75,4.089,2025-12-24
LNK-6513,Refinance,951586.57,4.741,2021-11-27
LNK-94603,Fixed Purchase,442820.40,4.596,
LNK-11358,Refinance,1109117.30,6.807,2021-07-08
LNK-46398,Fixed Purchase,523123.30,7.450,2020-01-22
LNK-58983,Fixed Purchase,"$125,804.15",5.974,2020-04-06
LNK-86979,Refinance,550305.66,5.543,2023-07-03
LNK-34612,Fixed Purchase,493513.11,5.171,2025-03-28
LNK-98955,ARM,614019.67,6.198,2019-01-04
LNK-63793,ARM,389959.24,6.550,2023-12-17
LNK-29047,ARM,530070.94,5.971,2023-05-08
LNK-27485,Fixed Purchase,550565.71,7.122,2020-05-01
LNK-36537,Fixed Refinance,201475.67,3.847,2020-07-31
LNK-74664,ARM,162484.36,3.777,2022-06-05
LNK-92248,Fixed Purchase,172255.91,4.694,2020-04-06
LNK-36601,ARM,358427.75,5.958,2020-04-03
LNK-18992,Jumbo Purchase,323884.73,5.517,2025-11-01
LNK-15316,Refinance,392821.51,6.007,2024-10-05
LNK-81698,Fixed Purchase,1350146.71,5.587,2019-03-27
LNK-98110,Fixed Refinance,462833.25,4.791%,2021-03-16
LNK-77917,Refinance,188464.61,6.892,2019-01-16
LNK-32363,Fixed Purchase,518143.01,7.605,2021-08-20
LNK-32779,Fixed Purchase,275073.76,7.773,2025-11-27
LNK-7653,Fixed Refinance,495508.91,5.204,2024-12-27
LNK-88796,Fixed Purchase,329702.92,4.812,2021-07-19
LNK-70604,Refinance,560901.43,5.406,2023-04-28
LNK-30579,Jumbo Purchase,194057.95,5.523,2019-12-08
LNK-84616,Refinance,557550.96,7.052,2023-07-07
LNK-31518,ARM,217590.21,,2020-03-21
LNK-7880,Fixed Purchase,167953.11,4.432,2021-07-13
LNK-14133,Fixed Purchase,445069.39,6.930,2021-07-05
LNK-55172,Fixed Purchase,479387.62,4.025,2024-05-07
LNK-44292,FHA Purchase,478911.51,5.516,2024-05-29
LNK-95025,Fixed Purchase,108245.08,6.897,2025-07-11
LNK-62918,Refinance,584867.82,6.825,2021-12-27
LNK-14178,Fixed Purchase,153178.08,7.911,2020-04-23
LNK-90285,Refinance,144207.91,5.076,2024-12-24
LNK-19018,Refinance,244916.09,4.113,2019-03-10
LNK-1679,Jumbo Purchase,165611.28,5.354,2023-06-24
LNK-73135,Fixed Refinance,412225.02,6.718,2020-07-20
LNK-21701,Fixed Purchase,414957.32,7.626,2020-10-27
LNK-54334,Fixed Purchase,230963.36,6.519,2023-12-26
LNK-86575,Jumbo Purchase,394942.39,5.686,2026-01-13
LNK-63350,Fixed Refinance,305423.07,7.388,2019-09-15
LNK-63580,Refinance,653077.79,6.527,2024-02-17
LNK-86267, Refinance ,221376.90,5.871,2025-05-27
LNK-27143,Fixed Purchase,595180.45,6.396%,2024-08-26
LNK-38649,Fixed Purchase,332193.18,5.744,2026-01-24
LNK-43096,ARM,396115.86,3.495,2023-04-09
LNK-38409,Refinance,99955.59,3.440,2025-10-13
LNK-8754,Refinance,516318.89,4.707,2020-12-01
LNK-12725,Jumbo Purchase,101798.48,7.931,2019-06-10
LNK-86498,Fixed Purchase,406978.68,7.403,2021-01-03
LNK-76252,Jumbo Purchase,276834.55,4.713,2025-03-28
LNK-31437,Refinance,186625.33,3.565,2024-05-30
LNK-71143,Fixed Refinance,379819.90,6.348%,2021-12-08
LNK-97821,Fixed Refinance,141702.68,7.337,2021-08-26
LNK-95780,FHA Purchase,324186.83,3.805,2019-01-03
LNK-5888,Refinance,470309.06,5.013,2025-08-22
LNK-55773,Fixed Refinance,275401.67,7.045,2023-01-04
LNK-24040,Fixed Purchase,224666.69,7.341,2025-01-26
LNK-5763,Jumbo Purchase,242391.49,3.975,05/19/2024
LNK-53034,Jumbo Purchase,434690.82,4.455,2026-03-17
LNK-65930,Fixed Purchase,422597.51,5.370,2020-05-18
LNK-25420,Fixed Purchase,243160.13,4.846,2025-09-29
LNK-99173,Fixed Purchase,343912.16,7.903,2025-04-07
LNK-38941,ARM,575352.08,6.578,2023-03-28
LNK-5910,Fixed Refinance,147503.60,5.845,2023-11-22
LNK-2214,Fixed Purchase,583854.81,4.551,2021-01-10
LNK-40110,Fixed Purchase,211212.83,6.567,2022-04-22
LNK-75443,Fixed Purchase,351913.61,5.441,2025-01-25
LNK-80007,Fixed Refinance,284215.50,5.148,2020-11-30
LNK-15064,Jumbo Purchase,208991.74,3.777,2019-12-02
LNK-44914,Fixed Purchase,474829.97,4.473,2025-09-06
LNK-38298,FIXED REFINANCE,295996.75,7.186,2019-10-06
LNK-60552,Fixed Refinance,211703.28,3.973,2024-03-12
LNK-85058,ARM,229824.47,0.0581,12/04/2025
LNK-72211,ARM,446182.12,3.733,07/21/2025
LNK-69723,Fixed Purchase,535308.51,7.488,2020-02-20
LNK-65738,FHA Purchase,260315.08,0.0412,2019-09-30
LNK-18589,Jumbo Purchase,368064.76,5.330,2025-09-20
LNK-67088,ARM,249382.13,5.929,2026-02-28
LNK-62344,Fixed Refinance,244196.26,6.327,2022-04-26
LNK-36761,Fixed Refinance,331765.59,4.601,2025-05-28
LNK-26272,Fixed Purchase,538361.88,3.909,2021-08-05
LNK-15764,Refinance,"$203,901.36",4.271,2019-12-07
LNK-44343,Fixed Purchase,192555.99,6.017,2025-09-27
LNK-22298,ARM,105027.49,5.079,2020-12-18
LNK-96829,Refinance,273655.11,,2021-03-15
LNK-61150,Jumbo Purchase,317615.29,4.022,2021-01-13
LNK-85972,Refinance,303597.63,4.251,2022-09-03
LNK-34720,ARM,516090.70,3.476,2025-05-01
LNK-95188,ARM,451774.11,4.133,2023-04-12
LNK-25405,Fixed Refinance,321840.80,4.050,2023-06-17
LNK-2846,Fixed Purchase,251059.53,5.473,2025-08-04
LNK-97549,Fixed Purchase,286197.77,4.890,2022-10-30
LNK-45185,Refinance,679544.96,3.593,2025-09-05
LNK-39669,ARM,393930.10,3.966,2022-10-26
LNK-75420,Fixed Refinance,374061.88,5.488,2022-03-23
LNK-26318,Fixed Purchase,233160.41,7.128,2022-05-03
LNK-24002,FHA Purchase,534064.31,5.742,2023-02-27
LNK-81079,REFINANCE,554110.32,6.959%,2022-09-07
LNK-84719,Refinance,488515.04,5.473,2020-03-31
LNK-54148,Fixed Purchase,161750.68,6.290,2025-01-15
LNK-57059,Jumbo Purchase,537464.67,7.317,2022-05-10
LNK-68538,Fixed Purchase,410513.20,7.659,2024-03-07
LNK-43982,ARM,395620.73,6.672,2022-09-08
LNK-12368,Fixed Refinance,51020.69,5.385,2020-10-16
LNK-53538, ARM ,365002.99,5.787,2026-02-27
LNK-88720,REFINANCE,267819.67,5.546,2019-12-02
LNK-13502,Refinance,612424.43,3.719,10/10/2022
LNK-25219,Jumbo Purchase,97125.20,6.607,2025-06-04
LNK-19430,Fixed Purchase,141370.89,3.954%,2022-07-16
LNK-43415,Jumbo Purchase,"$579,667.24",4.711,2023-03-11
LNK-33512,Jumbo Purchase,252498.32,7.016,2024-03-18
LNK-1895,Fixed Purchase,532331.97,4.300,2023-06-05
LNK-35181,Fixed Refinance,150195.39,5.738,2019-02-12
LNK-51275,Jumbo Purchase,152222.87,5.813,2020-07-04
LNK-31870,Fixed Purchase,149875.48,3.934,2019-08-30
LNK-59554,ARM,371231.15,4.958,2020-05-18
LNK-99796,ARM,555435.99,5.744,2021-04-26
LNK-35995,Jumbo Purchase,"$583,976.41",6.060,2021-04-22
LNK-44204,ARM,574531.75,5.654,2024-09-18
LNK-40576,ARM,216260.12,6.054,2019-09-05
LNK-77344, Refinance ,376335.68,7.306,2023-10-29
LNK-95749,Refinance,241165.84,3.744,2022-10-01
LNK-76088,Jumbo Purchase,213083.70,4.559,2022-11-21
LNK-2498,Fixed Purchase,288209.51,7.911,2025-11-17
LNK-35282,Fixed Purchase,356811.08,5.865,2024-02-15
LNK-86679,Fixed Purchase,403058.22,,2023-08-06
LNK-48127,Jumbo Purchase,242817.12,5.393,2021-11-10
LNK-91802,Fixed Refinance,"$450,382.34",6.973%,2025-12-28
LNK-31972,ARM,592602.48,3.858,01/02/2025
LNK-9142,Refinance,245293.00,3.571,2023-03-10
LNK-88528,Fixed Purchase,443064.17,,2021-05-26
LNK-16495,Fixed Purchase,309538.66,7.811,09/16/2024
LNK-62000,Fixed Purchase,223652.24,4.255,2025-06-29
LNK-41213,Fixed Purchase,979409.16,7.218,2023-09-10
LNK-21934,Fixed Purchase,489551.73,7.492,2026-01-10
LNK-54138,Jumbo Purchase,389772.27,6.084,2022-02-13
LNK-90925,Refinance,494414.51,6.418,2022-12-07
LNK-66866,Fixed Refinance,529669.61,5.551,2024-02-02
LNK-93216,ARM,327629.32,3.179,2023-10-07
LNK-41760,FHA Purchase,612038.83,7.045,2022-01-14
LNK-91477,Fixed Refinance,103786.41,4.233,2024-08-25
LNK-16389,Jumbo Purchase,356382.56,5.794,2026-04-24
LNK-84717,FHA Purchase,204007.91,5.510,2024-04-29
LNK-39671,Jumbo Purchase,135446.80,6.382,2025-12-25
LNK-49174,FHA Purchase,271772.04,6.521,2023-09-13
LNK-81560,Fixed Purchase,153328.22,4.901,2020-11-14
LNK-29947,FHA Purchase,121283.74,7.501,2021-08-10
LNK-29721,Refinance,472426.23,5.247,2019-01-30
LNK-18507,Fixed Purchase,95528.94,5.902,2025-08-20
LNK-63676,FIXED PURCHASE,387288.99,5.365,2021-09-10
LNK-21078,Refinance,116831.02,5.865,2020-02-09
LNK-60634,FHA Purchase,162146.14,7.892,2019-04-26
LNK-99007,Fixed Refinance,338948.15,7.332,2025-06-10
LNK-80395,Fixed Purchase,284658.95,7.413,2020-08-13
LNK-49971,Fixed Purchase,530324.23,6.680,2020-12-07
LNK-55505,Fixed Purchase,803935.12,5.414,2023-11-03
LNK-93004,ARM,1086924.28,4.760,2026-04-27
LNK-72989,FHA Purchase,1125645.45,7.141,2021-08-26
LNK-62712,Fixed Refinance,470971.31,4.842,2023-08-04
LNK-71453,Refinance,90337.37,5.820,2019-05-03
LNK-88044,ARM,158060.40,5.183,2019-02-20
LNK-29627,ARM,414204.73,5.885,2019-05-22
LNK-33435,Fixed Purchase,135035.44,7.287,2025-05-08
LNK-90173,Refinance,558260.73,5.382,2021-01-30
LNK-99925,Fixed Refinance,220828.92,6.240,2022-02-18
LNK-79094,Fixed Refinance,619354.58,4.069,2019-10-08
LNK-11730,Fixed Purchase,222406.90,3.984,2020-08-15
LNK-69879,Fixed Refinance,241827.63,7.010,2021-01-22
LNK-59556,Fixed Purchase,297561.61,4.538,2025-08-04
LNK-70228,Fixed Purchase,595577.17,6.640,2019-03-11
LNK-93244,Fixed Purchase,525461.67,0.0581,2021-01-08
LNK-11237,Fixed Purchase,445805.57,6.471,2022-07-17
LNK-74946,FHA Purchase,336623.75,5.775,2022-05-14
LNK-15707,FIXED PURCHASE,604310.90,7.874,2023-01-10
LNK-9094,ARM,289511.74,3.493,2020-03-28
LNK-72781,FHA Purchase,396071.57,4.493,2023-10-27
LNK-67255,ARM,490234.71,5.345,2025-01-03
LNK-27497,Fixed Purchase,382461.39,7.701,2024-10-05
LNK-76065,Fixed Purchase,333030.80,7.699,2024-08-10
LNK-71341,FIXED PURCHASE,223467.58,4.754,2026-05-16
LNK-20641,FIXED PURCHASE,387036.99,5.885,2025-12-13
LNK-22566,Fixed Purchase,972931.14,6.956,2024-12-07
LNK-69202,Fixed Refinance,589177.40,5.832,2026-01-05
LNK-16235,Fixed Purchase,259428.92,6.100,2024-09-19
LNK-90167,ARM,593562.40,3.534,2025-06-09
LNK-27922,ARM,231761.76,5.743,2019-02-09
LNK-94967,FHA Purchase,191626.49,6.735,2020-08-30
LNK-77434,ARM,260936.61,5.917,2019-01-09
LNK-65071,Fixed Purchase,362663.48,5.019,2023-07-10
LNK-12919,Refinance,1066873.82,6.472%,2025-05-16
LNK-67895, Fixed Purchase ,148724.36,3.851,2020-01-14
LNK-59390,Fixed Refinance,420859.94,3.955,2024-07-18
LNK-8292,ARM,529943.02,6.597,2025-06-22
LNK-60432,Fixed Refinance,415510.12,5.567,2022-10-11
LNK-18294,FHA Purchase,593760.86,7.520,2025-02-21
LNK-68272,FHA Purchase,668446.14,6.346,
LNK-55450,Refinance,218237.03,3.787,2021-09-27
LNK-60873,Fixed Purchase,136424.89,5.135,2025-10-10
LNK-74912,ARM,223638.78,5.909,2022-06-19
LNK-8567,Fixed Purchase,425218.25,6.642,2019-10-08
LNK-74242,ARM,212957.83,3.211,2022-08-10
LNK-61604,Refinance,404518.29,0.0696,01/24/2022
LNK-89181,ARM,696848.15,3.610,2026-03-22
LNK-41392,Fixed Refinance,462891.88,3.766,2024-09-07
LNK-95801,Fixed Purchase,204033.33,7.763,2022-03-29
LNK-3853,Fixed Purchase,561515.36,6.059,2024-08-13
LNK-52897,ARM,453522.54,4.830,2023-01-08
LNK-34352,Fixed Purchase,251691.57,4.717,2024-02-05
LNK-1395,Fixed Purchase,170316.64,7.106,2020-07-25
LNK-29560,ARM,378689.35,6.572,2026-01-17
LNK-76800,Refinance,260139.73,4.547,2023-06-17
LNK-10572,Fixed Purchase,333586.82,3.991,2023-10-13
LNK-6936,Fixed Purchase,153365.95,4.373,2019-12-21
LNK-56534,Fixed Refinance,"$483,916.12",7.334,2020-06-04
LNK-46158,FHA Purchase,420523.49,4.140,2019-05-01
LNK-92800,Fixed Purchase,369808.11,5.915,2023-10-25
LNK-9357,ARM,596310.35,5.803,2021-11-25
LNK-71931,Fixed Refinance,604295.10,4.111,2020-08-14
LNK-8897,ARM,202038.22,4.516,2019-04-14
LNK-10046,Fixed Purchase,211579.83,6.878,2026-01-07
LNK-62875,FHA Purchase,250383.29,4.879,2022-12-03
LNK-5159,ARM,347775.43,3.726,2022-07-25
LNK-38629,Fixed Refinance,152526.42,7.211,2023-06-03
LNK-54591,Fixed Purchase,294711.77,7.270,2022-12-09
LNK-24590,Fixed Refinance,"$594,696.40",4.504,2019-11-10
LNK-18750,Refinance,321432.44,0.0681,2023-12-16
LNK-85085,Jumbo Purchase,507707.20,5.782,2019-11-26
LNK-96589,Refinance,426924.89,3.546,2020-03-21
LNK-85656,Fixed Purchase,387609.54,7.985,2020-05-29
LNK-56097,Jumbo Purchase,519256.84,5.086,2023-09-14
LNK-50081,Fixed Refinance,378010.81,4.003,2022-10-09
LNK-51132,ARM,220236.13,4.418,2023-01-01
LNK-59790,Fixed Refinance,94197.67,6.164,2022-03-05
LNK-50479,Fixed Purchase,"$151,192.76",6.414,2021-03-12
LNK-50236,Fixed Purchase,163512.17,7.479,2023-10-24
LNK-11518,Fixed Purchase,447285.00,5.927,
LNK-90486,Fixed Refinance,367605.77,6.605,2025-01-07
LNK-87742,ARM,223923.65,4.385,2020-02-07
LNK-71687,FHA Purchase,182233.49,7.570,2022-06-27
LNK-18431,Fixed Refinance,129010.03,4.389,2019-05-01
LNK-86660,ARM,251361.12,5.053,2019-01-18
LNK-46582,Fixed Purchase,161118.52,6.542,2024-08-31
LNK-16549,FHA Purchase,193410.13,6.790,2020-03-06
LNK-24392,Refinance,401841.27,7.232,11/25/2019
LNK-71419,Fixed Purchase,587021.74,7.748,2024-04-28
LNK-52518,Fixed Purchase,486363.66,4.180,2024-03-26
LNK-70316,Refinance,109389.14,6.939,2023-05-09
LNK-17691,Fixed Purchase,613416.73,6.862,2019-07-28
LNK-96401,Fixed Purchase,396281.41,8.005,2024-03-26
LNK-30188,ARM,746384.26,3.862,2023-11-28
LNK-1455,ARM,173621.93,4.848,2020-11-12
LNK-3979,Refinance,532859.72,3.414,2020-07-17
LNK-40107,Refinance,115087.38,3.848,2023-08-29
LNK-61686,Fixed Purchase,454288.79,6.428,2020-09-25
LNK-89276,Fixed Purchase,403711.21,6.507,2023-04-23
LNK-95253,ARM,149528.74,4.354,2021-07-17
LNK-72361,Jumbo Purchase,384417.14,7.678,2021-01-15
LNK-56591,Refinance,445448.98,4.865%,2022-12-12
LNK-70721,FHA Purchase,101840.64,4.867,2022-04-15
LNK-50712,Fixed Refinance,199108.69,4.145,2020-05-12
LNK-31102,Fixed Purchase,616423.09,7.071,2025-03-08
LNK-33441,ARM,298149.77,4.539,2023-12-18
LNK-61375,ARM,318757.90,4.010,2023-02-02
LNK-46371,FHA Purchase,589677.22,3.989,04/17/2020
LNK-21332,Jumbo Purchase,525546.52,3.769%,2019-02-09
LNK-37129,ARM,608885.44,5.500,2021-11-22
LNK-25704,Fixed Purchase,538966.02,6.773,2025-12-14
LNK-96030,Fixed Purchase,158270.15,5.024,09/28/2019
LNK-15790,Fixed Purchase,573387.98,6.363,2019-11-02
LNK-5222,Fixed Purchase,207318.74,5.352,2019-10-19
LNK-87533,Fixed Refinance,493553.11,7.357,
LNK-55950,Fixed Refinance,208632.29,5.858,2022-09-13
LNK-81599,Refinance,135007.73,6.681%,02/05/2022
LNK-3050,ARM,496258.46,4.971,2025-07-25
LNK-32544,Jumbo Purchase,150419.52,6.150,2022-08-07
LNK-28011,Jumbo Purchase,144474.39,4.082,2024-01-14
LNK-9819,ARM,137687.10,4.477,2025-04-24
LNK-14224,FIXED PURCHASE,278820.11,7.465,2026-03-04
LNK-78849,Refinance,405228.49,6.337,2019-03-19
LNK-5400,Fixed Refinance,317795.45,7.363,2022-02-21
LNK-59515,ARM,160620.34,4.734,2019-04-22
LNK-79352,Fixed Purchase,352521.53,5.422,2021-12-15
LNK-89083,ARM,617275.74,4.880,2019-09-08
LNK-93181,ARM,249189.16,3.159,01/30/2021
LNK-7380,Fixed Purchase,123999.35,7.433,2024-02-24
LNK-33077,ARM,171668.74,4.060,2023-06-04
LNK-98064,ARM,163912.81,5.154,2022-05-14
LNK-6798,ARM,34306.77,4.748,2023-03-26
LNK-53725,Fixed Purchase,590893.54,6.823,2022-10-17
LNK-58535,Refinance,577653.07,6.167,2023-01-06
LNK-31715,Fixed Purchase,368022.40,7.386,2025-10-23
LNK-71747,Jumbo Purchase,456334.20,5.999,2024-11-13
LNK-99878,Refinance,917687.12,4.882,2021-08-21
LNK-8398, ARM ,98588.65,6.187,2020-08-16
LNK-19367,Refinance,482078.98,4.709,2024-01-15
LNK-67046,Fixed Purchase,89726.49,6.605,2022-08-10
LNK-38914,Fixed Purchase,338424.14,5.766,2022-10-20
LNK-31692,Fixed Purchase,540038.03,7.503,09/15/2021
LNK-96881,Refinance,163731.98,4.240,2023-07-07
LNK-76511,Fixed Purchase,474823.85,6.822,2020-12-19
LNK-42799,Fixed Purchase,140258.78,7.386,2023-02-28
LNK-76690,ARM,409609.80,3.494,2020-11-04
LNK-79370,Fixed Purchase,414981.63,4.246,2022-01-03
LNK-89150,ARM,790577.14,3.483,2023-10-07
LNK-43030,Fixed Purchase,397715.06,4.564,2021-01-08
LNK-32051,FHA Purchase,611411.61,3.811,2021-12-26
LNK-40552,ARM,350068.78,4.663,2019-04-14
LNK-19777,ARM,557692.87,6.510,2019-11-26
LNK-87535,Fixed Purchase,923946.69,3.797,2019-05-15
LNK-69321,Fixed Purchase,183841.06,4.548,2022-02-19
LNK-29972,Fixed Purchase,145525.87,4.446,2022-02-15
LNK-55206,ARM,214291.30,5.098,2025-04-24
LNK-40387,ARM,582351.01,3.678,2022-12-03
LNK-37064,Refinance,612852.76,6.196,2021-06-15
LNK-73970,Fixed Purchase,332179.27,7.048,01/08/2021
LNK-78550,Fixed Purchase,563722.11,5.436,2022-11-26
LNK-97365,Fixed Purchase,498236.19,4.009,2023-10-30
LNK-23955,ARM,430546.69,4.778,2020-11-11
LNK-83050,Fixed Purchase,607818.31,4.902,2026-01-10
LNK-89965,Fixed Purchase,471690.49,6.126,2022-05-19
LNK-56994,ARM,349911.51,4.627,2019-03-30
LNK-73856,Refinance,440832.43,5.660,2020-12-04
LNK-65962,Fixed Purchase,497831.27,7.128,2022-05-10
LNK-7145,Fixed Purchase,102427.32,6.240,2019-05-22
LNK-46143, Fixed Purchase ,168929.44,,2020-12-10
LNK-85320,Fixed Purchase,1297670.00,7.691,2022-09-19
LNK-88994,FHA Purchase,145734.32,4.734,2022-10-14
LNK-50958,Fixed Refinance,1334252.96,5.724,2025-03-20
LNK-69742,Fixed Purchase,504101.75,7.034,2021-10-02
LNK-42777,Fixed Purchase,539644.01,4.460,2023-10-14
LNK-92266,Fixed Refinance,"$99,258.98",6.362,2026-03-27
LNK-55568,Fixed Purchase,61766.17,4.925,2020-10-24
LNK-54511,Fixed Purchase,502340.52,5.459,2025-11-10
LNK-20558,Fixed Purchase,115196.38,0.0796,2023-07-03
LNK-40306,ARM,250309.65,3.692,2019-03-02
LNK-50343,Refinance,548825.86,5.665%,2024-01-10
LNK-25101,FHA Purchase,137317.07,5.471,2019-11-08
LNK-99882,Fixed Purchase,284221.72,4.307,2023-10-01
LNK-71507,Fixed Purchase,255398.53,5.963,2023-06-21
LNK-63065,Fixed Purchase,569552.84,7.623%,2023-10-10
LNK-32584,Fixed Refinance,1124473.19,6.039,2024-12-23
LNK-30536,Fixed Purchase,158524.29,4.473,2020-03-09
LNK-40418,Refinance,545132.02,4.671,2022-01-14
LNK-93743,Fixed Refinance,138696.62,4.598,2019-07-22
LNK-19920,ARM,575769.09,3.617,2024-03-24
LNK-61689,Fixed Purchase,455446.91,4.321,2020-01-18
LNK-8552,Fixed Purchase,522971.60,6.688,2025-01-19
LNK-74713,Refinance,"$478,735.27",4.610,2025-02-01
LNK-55090,FIXED PURCHASE,348599.48,6.249,2021-05-05
LNK-55592,Fixed Refinance,400067.76,5.120,2020-01-26
LNK-74044,Refinance,115580.49,6.266,2022-04-02
LNK-70467,Fixed Purchase,557629.92,5.940,2023-01-11
LNK-18575,Refinance,528805.15,7.291,2022-08-06
LNK-51910,Fixed Refinance,340636.88,4.088,2024-09-11
LNK-32831,ARM,437277.25,4.441,2021-06-06
LNK-34422,Refinance,255601.94,6.543,2023-05-24
LNK-27651,Fixed Purchase,183208.29,7.034,2024-12-24
LNK-44288,Fixed Refinance,440073.21,4.072,2022-05-13
LNK-85765,Refinance,185956.08,6.923,2026-03-31
LNK-11363,Jumbo Purchase,175696.98,7.761%,2019-12-24
LNK-59954,Refinance,402801.58,5.822,2026-05-07
LNK-49637,Fixed Purchase,977927.47,3.751,2022-11-04
LNK-13119,Fixed Purchase,395681.16,4.555,2024-05-08
LNK-71206,Refinance,95038.23,3.699,2019-12-12
LNK-25966,Fixed Purchase,493213.31,4.523,2020-10-18
LNK-7755,ARM,131461.27,4.515,2019-01-24
LNK-36187,ARM,96378.21,4.807,2026-05-23
LNK-50436,ARM,299124.80,5.869,2019-08-13
LNK-89299,ARM,154442.52,5.722,2022-12-20
LNK-80294,Refinance,207124.01,4.486%,2020-01-05
LNK-80026,ARM,163438.03,3.512,2021-03-22
LNK-6183,Fixed Purchase,428959.06,4.877,2020-01-17
LNK-10539,Fixed Purchase,587199.81,5.443,2022-02-04
LNK-25662,Fixed Purchase,574735.35,4.527,2024-04-08
LNK-78015,ARM,278676.55,6.409,2019-05-10
LNK-95936,Refinance,507670.92,4.120,2019-07-04
LNK-89008,Jumbo Purchase,517735.82,7.484,2020-02-14
LNK-74249,ARM,618932.89,4.929,2025-11-26
LNK-29444,Fixed Purchase,784960.07,6.188,2023-12-29
LNK-63835,Fixed Refinance,126606.64,4.276,2022-11-15
LNK-28379,ARM,190058.28,5.219,2024-01-12
LNK-44642,FHA Purchase,173546.67,7.111,2023-02-23
LNK-40739,ARM,492169.85,5.201,2022-02-24
LNK-3009,Fixed Purchase,360908.97,0.0491,2026-04-28
LNK-28762,FHA Purchase,403656.76,7.554,2026-01-07
LNK-25906,ARM,589829.48,4.546%,2022-02-14
LNK-98186,Fixed Refinance,407822.15,3.530,2021-06-21
LNK-16376,Fixed Purchase,1040983.00,6.567,2023-08-09
LNK-98894,Fixed Purchase,328751.72,0.0602,2022-02-03
LNK-99871,Fixed Purchase,474341.67,7.023,2026-04-23
LNK-63773,ARM,307366.22,6.242,2020-06-22
LNK-32797,ARM,210104.43,6.094,2019-10-03
LNK-92177,Fixed Purchase,456293.65,7.302,2025-10-30
LNK-80220,FHA Purchase,164796.70,6.777,2025-06-20
LNK-27805,Fixed Purchase,361607.41,6.784,2026-04-15
LNK-52987,Refinance,95932.12,4.853,2023-10-21
LNK-32369,Jumbo Purchase,206923.09,4.911,2023-10-07
LNK-73362,Fixed Purchase,99471.63,5.664,2021-05-14
LNK-43154,ARM,459951.03,3.545,2020-07-09
LNK-38101,Fixed Purchase,304517.25,7.714,2026-03-16
LNK-50894,Fixed Purchase,93637.41,5.960,2024-09-07
LNK-62112,Fixed Purchase,491561.22,7.266,2019-07-11
LNK-70946,Fixed Refinance,391363.00,6.119,2020-11-23
LNK-86029,Refinance,549625.01,5.326,2023-06-26
LNK-48088,Jumbo Purchase,512368.68,7.439,2026-02-21
LNK-35283,Fixed Purchase,528213.17,4.005,2026-04-07
LNK-48139,ARM,459584.96,0.0630,2023-12-19
LNK-68215,ARM,184948.18,3.358,2020-10-29
LNK-66179,FHA Purchase,803326.28,7.272,2025-07-09
LNK-62080,Jumbo Purchase,534028.39,8.079,2025-01-06
LNK-13924,ARM,385590.97,4.295,2021-04-15
LNK-95688,Fixed Purchase,133383.81,7.761,2024-12-26
LNK-42973,Jumbo Purchase,"$411,749.09",6.305,2020-10-08
LNK-27624,Fixed Refinance,401376.75,6.059,2019-12-23
LNK-49589,Fixed Purchase,259856.69,6.533,2019-03-20
LNK-42015,ARM,387585.73,4.764,2023-04-08
LNK-55254,FIXED PURCHASE,266888.54,4.576,2023-02-15
LNK-6992,Refinance,171887.25,4.328,2024-09-30
LNK-74731,Fixed Purchase,505697.09,6.784,2019-11-05
LNK-30002,Refinance,306642.63,7.110,2023-05-02
LNK-98157,FHA Purchase,230027.43,4.245,2026-03-27
LNK-20126,Jumbo Purchase,490863.56,4.198,2026-04-18
LNK-3125,Jumbo Purchase,395791.54,4.367,2026-05-02
LNK-35180,ARM,191846.54,3.272,2024-05-03
LNK-73523,Refinance,168500.62,3.570,2019-07-16
LNK-77550,Refinance,373590.36,6.993,2019-09-26
LNK-76909,ARM,367850.29,4.634,2020-12-13
LNK-95373,Fixed Refinance,530614.11,4.705,2019-05-04
LNK-55732,Fixed Purchase,163808.26,6.271,2022-10-20
LNK-39691,Fixed Purchase,431062.53,4.136,2023-09-13
LNK-20976,ARM,401899.93,5.319,2023-04-26
LNK-26715,Fixed Purchase,337652.60,3.818,2019-05-16
LNK-44236,Jumbo Purchase,213457.64,3.997,2020-12-18
LNK-31149,ARM,444797.04,4.138,2021-06-13
LNK-50786,Refinance,422164.53,4.412,2024-11-07
LNK-75683,Jumbo Purchase,566494.79,3.798,2022-04-24
LNK-33208,FHA PURCHASE,161293.23,7.565,2021-05-30
LNK-66444,Fixed Purchase,133163.26,7.912,02/22/2024
LNK-73173,Fixed Purchase,379956.04,5.713,2019-08-29
LNK-86800,ARM,1384632.65,4.186%,2023-03-18
LNK-90764,Jumbo Purchase,561897.54,5.281,2021-06-29
LNK-45245,ARM,353159.21,5.071,2023-12-06
LNK-34728,Fixed Refinance,844457.26,5.000,2022-01-19
LNK-65044,Jumbo Purchase,377529.63,7.553,2025-05-23
LNK-95838,ARM,362007.36,5.736,2023-08-11
LNK-85108,Fixed Purchase,153037.62,5.408,2024-03-13
LNK-97940,Refinance,367982.68,3.695,2023-03-08
LNK-65303,Refinance,344262.00,6.950,2020-12-14
LNK-61401,Fixed Purchase,222266.18,5.433,2020-11-10
LNK-23050,Refinance,153913.81,4.993,2024-02-02
LNK-97045,Refinance,303377.06,4.779,2025-11-04
LNK-47160,Jumbo Purchase,592170.92,4.421,2025-10-06
LNK-23185,Fixed Refinance,217652.36,5.611,2024-05-09
LNK-19344,ARM,360400.82,4.768,2021-02-06
LNK-95412,Fixed Refinance,91611.16,4.419,2020-12-08
LNK-72636,FHA Purchase,517001.49,7.287,2020-01-27
LNK-65004,Refinance,484129.08,5.798,2020-09-25
LNK-25123,ARM,100692.06,4.171,07/23/2019
LNK-72058,Refinance,334529.54,6.760,2019-10-03
LNK-85123,Fixed Purchase,433853.84,3.897,2022-03-10
LNK-8698,Refinance,201484.03,4.217,2025-06-12
LNK-69674,Fixed Purchase,425028.76,4.326,
LNK-5433,ARM,260065.37,4.199,2020-07-08
LNK-10742,Fixed Purchase,417280.33,4.408,2024-10-25
LNK-7358,ARM,209188.21,4.893,2023-10-14
LNK-1836,FHA Purchase,139733.12,6.180,2025-12-16
LNK-55053,Jumbo Purchase,389085.99,7.129,2019-05-20
LNK-19021,Jumbo Purchase,300229.56,3.769,2024-04-24
LNK-83667,Fixed Purchase,585354.83,5.527,2020-02-16
LNK-31334,ARM,263264.96,5.903,2026-04-23
LNK-9908,REFINANCE,"$497,615.55",3.427,2021-10-12
LNK-93690,FIXED PURCHASE,222830.71,0.0513,2019-10-25
LNK-20795,ARM,415989.95,3.459,2019-08-01
LNK-2198,ARM,428664.52,6.765,2022-12-03
LNK-29668,ARM,490299.59,3.764,2019-07-04
LNK-67287,ARM,417777.35,5.311,2019-10-18
LNK-60770,Refinance,188456.28,4.160,2021-01-23
LNK-49916,Jumbo Purchase,251122.26,,2025-10-30
LNK-8923,Fixed Purchase,315719.77,7.921,2023-08-31
LNK-81980,Fixed Refinance,253639.08,7.275,2019-01-22
LNK-84588,ARM,256923.73,5.351,2024-04-14
LNK-88392,FHA PURCHASE,453112.72,7.991,2020-01-03
LNK-81808,Fixed Purchase,436714.32,6.330,2019-11-18
LNK-64334,ARM,1301154.44,5.166,2022-12-21
LNK-87413,ARM,376365.84,5.825,2020-01-26
LNK-64944,Jumbo Purchase,224406.04,6.443,2023-02-07
LNK-3061,REFINANCE,1043517.55,5.291,2019-07-27
LNK-1866,Refinance,562359.49,6.267,2022-07-30
LNK-70758,Fixed Purchase,1258911.61,6.378,2025-02-14
LNK-54914,Fixed Purchase,373700.79,6.310,2023-06-01
LNK-2553,Fixed Refinance,1060993.21,7.061,2025-02-06
LNK-3192,Refinance,234105.14,6.375,2026-05-27
LNK-70391,Refinance,166080.19,5.832,2022-10-16
LNK-95659,Jumbo Purchase,236129.24,6.361,2021-04-14
LNK-37010,ARM,308375.17,6.550,2025-10-13
LNK-71220,Fixed Purchase,539752.25,5.956,2019-08-07
LNK-38576,Jumbo Purchase,345749.38,7.948,2025-04-06
LNK-3246, FHA Purchase ,1193599.10,4.261,2025-11-24
LNK-66826,Jumbo Purchase,524943.73,8.009,2021-06-29
LNK-92469,Fixed Purchase,543044.99,5.446,2020-02-15
LNK-89346,Refinance,381146.48,4.772,2023-06-24
LNK-57436,Refinance,144619.53,3.529,2024-02-06
LNK-24496,Refinance,830712.23,0.0702,2019-01-29
LNK-15026,FHA Purchase,279396.78,5.839,2019-08-21
LNK-13624,Refinance,448217.70,5.962,2021-03-16
LNK-69732,Fixed Refinance,239762.37,6.691,2025-06-02
LNK-20516,Fixed Purchase,230680.13,5.864,2023-05-07
LNK-26156,Fixed Purchase,302983.17,6.809,2025-06-18
LNK-82235,Fixed Purchase,1249232.24,4.070,2024-12-29
LNK-70003,Fixed Purchase,345096.57,0.0570,2021-06-04
LNK-34084,Refinance,110904.00,3.607,2021-08-26
LNK-47457,ARM,685213.44,5.804,2026-03-10
LNK-36038,Refinance,1086014.93,3.883,2021-06-05
LNK-53022,Refinance,1242623.94,5.956,2020-08-09
LNK-11357,Fixed Purchase,225326.39,4.620,2024-02-28
LNK-49896,Refinance,457420.89,6.830,2025-06-11
LNK-54218,FIXED PURCHASE,1223286.26,5.622,2020-06-28
LNK-61161,ARM,575718.83,6.557,2022-08-10
LNK-75055,Fixed Purchase,422138.00,3.941,2022-03-16
LNK-32877,FHA Purchase,235611.00,5.183,2024-10-05
LNK-92388,Refinance,422382.61,0.0559,2023-05-14
LNK-30603,ARM,198078.33,6.227,2022-09-14
LNK-40318,ARM,548821.37,5.638,2020-09-03
LNK-90658,Refinance,112998.11,4.920,2021-08-19
LNK-11566,ARM,518810.14,4.246,09/29/2023
LNK-86686,Fixed Purchase,325166.71,7.046,2023-07-22
LNK-86182,Fixed Purchase,512880.69,5.942,2019-04-22
LNK-5152,FHA Purchase,449278.96,4.752,
LNK-13255,ARM,517795.37,3.300,2024-11-26
LNK-54120, Fixed Purchase ,153987.47,4.076,2021-10-01
LNK-50710,Fixed Purchase,950300.94,4.899,2023-02-05
LNK-73443,Refinance,256132.57,7.072,07/18/2025
LNK-63390,Fixed Refinance,150862.91,3.720,2026-03-18
LNK-84459,Refinance,369361.65,6.374,2022-05-15
LNK-2238,ARM,199922.32,6.375,2025-03-18
LNK-93123,Jumbo Purchase,466713.44,6.478,2025-04-10
LNK-23463,Refinance,88699.83,3.597,2021-01-30
LNK-11837,FHA Purchase,456324.76,7.236,2019-12-30
LNK-66517,Fixed Purchase,88198.86,6.202,2020-11-02
LNK-57873,ARM,"$346,544.87",6.246,2020-08-11
LNK-85529,Refinance,341296.02,3.933%,2025-05-05
LNK-44420,ARM,223605.80,5.174,2020-06-30
LNK-75167,Fixed Refinance,521280.28,6.983,2024-02-28
LNK-13499,Jumbo Purchase,434216.33,0.0566,2021-08-27
LNK-70226,Fixed Refinance,204751.39,4.753,2020-07-30
LNK-6577,Fixed Purchase,182563.07,4.843,2019-01-01
LNK-31115,Refinance,206954.96,5.465,2022-04-16
LNK-28710,FHA Purchase,349634.55,6.321,2020-09-03
LNK-91739,Fixed Purchase,444877.30,5.147,2019-12-11
LNK-75289,Fixed Purchase,26021.63,4.000,2023-12-18
LNK-63324,REFINANCE,411003.22,5.604,2021-06-24
LNK-36532,Fixed Purchase,530300.98,8.033,2021-05-24
LNK-7102,Fixed Purchase,490726.91,6.902,2020-09-08
LNK-10744,ARM,335080.09,6.575,2023-08-24
LNK-90709,Refinance,598648.41,5.007,2022-05-08
LNK-37749,Fixed Purchase,1096809.35,3.978,03/31/2023
LNK-74860,ARM,252557.69,0.0605,2020-07-08
LNK-87259,Fixed Purchase,525889.00,7.191,2022-05-03
LNK-5312,Fixed Purchase,1168403.01,0.0564,2023-02-11
LNK-24508,ARM,309832.68,0.0653,2023-10-27
LNK-42220,Fixed Purchase,106405.25,4.580,2024-09-13
LNK-3052,ARM,538117.99,4.593,2021-12-10
LNK-77943,Fixed Refinance,236257.61,4.660,2024-06-12
LNK-19899,Fixed Purchase,364654.46,6.304,2025-05-26
LNK-99599,Fixed Refinance,533673.93,6.768,2025-09-16
LNK-94416,Fixed Purchase,"$573,933.73",3.900,2025-12-15
LNK-53205,Fixed Refinance,92600.23,6.209,2021-04-30
LNK-11084,ARM,551730.41,3.572,2021-06-30
LNK-40226,Fixed Purchase,288838.22,4.433,2025-02-22
LNK-22292,FHA Purchase,370512.09,6.623,2020-03-03
LNK-74919,Fixed Purchase,584040.31,3.821,2019-10-27
LNK-32519,ARM,481602.19,6.340,2020-07-17
LNK-75277,Fixed Refinance,605110.45,4.617,2024-07-31
LNK-52007,Jumbo Purchase,582092.02,5.480,2024-03-03
LNK-89740,Refinance,119354.48,5.405,2020-08-01
LNK-71852,Fixed Purchase,325884.41,6.573,2019-08-25
LNK-44480,Refinance,538583.74,5.489%,2023-04-24
LNK-51311,FHA Purchase,191961.75,6.254,2023-02-24
LNK-97959,ARM,"$609,054.89",6.698,2022-01-15
LNK-19343,Fixed Refinance,258643.50,5.175,2022-01-08
LNK-91349,Fixed Refinance,188146.80,4.366,2019-01-16
LNK-95917,JUMBO PURCHASE,322954.10,7.247,2019-07-27
LNK-11279,Fixed Purchase,555830.47,,2020-06-26
LNK-66639,ARM,275635.82,4.764,2024-09-05
LNK-98708,Fixed Purchase,352105.30,7.870,2022-08-13
LNK-46332,Fixed Refinance,560330.11,7.365,2020-12-06
LNK-8038,ARM,1069019.92,4.349,2023-08-27
LNK-13803,Jumbo Purchase,707032.89,5.414,2021-11-11
LNK-58290,Fixed Purchase,562099.15,4.881,2024-09-29
LNK-31427,ARM,243416.76,6.238%,2021-04-06
LNK-10963,ARM,370909.69,4.996,2021-08-13
LNK-45642,Jumbo Purchase,548985.69,5.719,2021-10-01
LNK-80320,Fixed Purchase,417882.86,4.915,2021-05-19
LNK-81460,ARM,177746.78,4.331,2019-07-18
LNK-79067,Fixed Refinance,204486.28,6.507,2022-02-12
LNK-52996,Fixed Purchase,1266126.40,6.525,10/23/2025
LNK-43778,ARM,536879.05,5.231,2024-06-17
LNK-4883,Fixed Purchase,614667.46,4.226,2023-01-25
LNK-84115,Fixed Purchase,92052.65,3.934,2021-04-18
LNK-36825,Fixed Refinance,487208.76,7.351,2019-02-28
LNK-60054,ARM,426949.68,4.029,2019-03-19
LNK-65304,Refinance,420946.46,,2023-11-06
LNK-30902,Fixed Refinance,219271.44,6.888,2019-07-01
LNK-47636,FHA Purchase,274269.22,0.0799,2020-07-27
LNK-73487,Fixed Purchase,802967.84,5.108,2019-06-17
LNK-50207,Refinance,320409.90,4.543,2023-11-25
LNK-57603,Refinance,596282.12,4.635,2024-10-04
LNK-25345,Fixed Refinance,616484.95,,2021-04-05
LNK-90088,Refinance,472291.20,4.680,2026-03-12
LNK-77791,ARM,360152.08,3.492,2023-09-18
LNK-87595,Refinance,202583.96,5.117,2026-03-18
LNK-50816,Refinance,468290.86,4.063,2023-09-17
LNK-12232,Fixed Purchase,361249.25,8.023,2021-02-27
LNK-82083,ARM,182259.42,5.532,2026-03-15
LNK-39715,Fixed Purchase,134365.91,7.766,2020-01-05
LNK-33302,Refinance,242772.06,4.926,2023-01-21
LNK-94468,Refinance,306660.91,6.744,2023-09-18
LNK-10634,Fixed Purchase,331189.99,6.594,2020-05-02
LNK-11752,Refinance,394910.26,6.936,2021-07-22
LNK-36123,Jumbo Purchase,15288.50,7.215,2023-10-21
LNK-21214,Fixed Purchase,512707.46,6.524,2019-08-16
LNK-50807, Refinance ,518307.10,5.724%,2021-11-28
LNK-94280,Fixed Refinance,310084.81,4.210,2024-11-19
LNK-84086,Fixed Refinance,547718.73,6.142,2024-01-28
LNK-21221,ARM,120475.27,4.286,2025-10-03
LNK-97948,Refinance,282732.73,6.448,01/12/2026
LNK-52068,ARM,379211.53,5.137%,2023-12-21
LNK-42507,Refinance,545765.84,6.141,2023-06-21
LNK-48277,Fixed Purchase,298544.24,4.248,2026-01-31
LNK-14965,Refinance,423138.64,3.753,
LNK-12995,FHA Purchase,431166.77,6.550,2026-05-09
LNK-1680,Fixed Purchase,495353.60,,2024-06-23
LNK-41405,ARM,467668.71,5.305,
LNK-59292,Refinance,202403.65,5.758,2020-08-12
LNK-48175,Refinance,208567.76,6.226,2023-11-24
LNK-36358,Refinance,1221078.49,3.577,2024-07-03
LNK-14399,Refinance,306364.65,6.318,2021-07-11
LNK-18367,Fixed Purchase,274557.58,7.232,2023-12-17
LNK-12442,Fixed Purchase,176382.55,7.660,2021-06-12
LNK-25561,ARM,423187.20,5.940,2023-12-08
LNK-57489,Fixed Purchase,152933.43,5.831,2025-10-07
LNK-59830,Fixed Refinance,361369.38,4.521,2019-07-03
LNK-74005,FHA Purchase,372506.28,4.082,2019-09-19
LNK-73710,ARM,112502.35,3.479,2020-09-16
LNK-68166,FHA Purchase,509404.16,4.613,
LNK-54483,Fixed Purchase,420865.09,7.815,2024-12-26
LNK-14538,Fixed Refinance,396786.94,6.891,2025-12-05
LNK-4442,Fixed Purchase,557126.88,7.985,2026-01-14
LNK-12746,ARM,241178.55,4.850,2022-04-16
LNK-47388,Fixed Refinance,209067.85,6.303,2023-10-17
LNK-73642,Fixed Refinance,120520.61,3.939,2022-07-31
LNK-13198,Fixed Refinance,355727.08,3.876,2025-07-13
LNK-79240,ARM,462933.88,6.467,2020-08-26
LNK-79386,Fixed Purchase,357338.52,7.117,2021-05-03
LNK-43523,Fixed Purchase,528978.51,5.352,
LNK-51493,FHA Purchase,206321.23,4.144,2023-03-08
LNK-2617,ARM,480293.39,5.257,2023-05-13
LNK-39253,ARM,195907.61,4.522,2024-04-12
LNK-55238,ARM,474028.16,5.439,2023-01-01
LNK-51829,Refinance,578044.29,6.363,2025-11-02
LNK-12101,Fixed Purchase,779249.57,4.470,2024-10-04
LNK-96006,ARM,380219.10,6.588,2020-02-10
LNK-74339,Fixed Refinance,533210.77,4.946,2019-08-28
LNK-32816,Fixed Purchase,385912.19,7.277,2022-03-24
LNK-75967,FHA Purchase,401447.86,4.295,2023-07-18
LNK-69302,Refinance,214129.76,0.0714,09/12/2020
LNK-23227,Jumbo Purchase,271116.27,3.879,2026-03-30
LNK-90825,Fixed Refinance,185133.06,4.154,2023-03-25
LNK-50903,Fixed Purchase,"$484,246.36",,2019-11-16
LNK-23216,FHA Purchase,484433.94,4.959,2019-05-12
LNK-19198,Jumbo Purchase,153483.18,8.008,2022-01-05
LNK-36247,Refinance,123718.23,6.301,2023-10-01
LNK-40469,Jumbo Purchase,346198.85,3.820,2024-04-26
LNK-36180,Refinance,260157.84,4.504,2023-07-12
LNK-65634,Fixed Purchase,414978.05,7.129,2022-12-06
LNK-20127,Fixed Purchase,296567.30,7.585,2020-07-27
LNK-9292,ARM,113112.39,4.011,2020-06-09
LNK-22916,Fixed Purchase,397737.74,6.948,2026-03-18
LNK-57973,Refinance,"$264,147.47",4.032,2021-01-18
LNK-37170,ARM,540182.20,3.443,2025-10-25
LNK-56194,Fixed Purchase,"$544,198.52",,2022-08-17
LNK-40289,Fixed Purchase,53846.16,6.919,2021-05-03
LNK-64469,Fixed Refinance,230031.11,6.133,2025-02-28
LNK-11082,Fixed Purchase,370393.12,6.241,2022-05-16
LNK-48333,Fixed Purchase,209882.45,5.321,2023-03-29
LNK-33990,Refinance,284978.38,5.721,2021-03-21
LNK-33321,Fixed Purchase,224482.19,5.742,2024-10-18
LNK-95489,Jumbo Purchase,199306.10,6.744,2022-03-31
LNK-82924, ARM ,215465.22,4.711,2020-01-24
LNK-65985,Fixed Purchase,367660.02,3.974,2020-02-14
LNK-78831,Refinance,601290.62,4.225,2019-12-12
LNK-81828,FHA Purchase,218841.29,6.077,2020-11-30
LNK-26630,FHA Purchase,92908.45,4.088,2024-02-12
LNK-61012,Refinance,301883.20,5.093,2020-06-11
LNK-15021,ARM,113290.29,5.511,2019-01-10
LNK-18758,ARM,394329.54,6.521,2019-10-23
LNK-40932,Fixed Purchase,463099.88,5.508,2019-08-05
LNK-1887,Fixed Purchase,598031.63,5.208,2026-04-04
LNK-52864,ARM,457025.41,6.487,2020-07-19
LNK-44544,Fixed Refinance,136273.13,3.509,2023-08-02
LNK-82289,Fixed Purchase,125332.51,6.311,2020-08-03
LNK-50792,FHA Purchase,299960.51,4.645,2024-10-28
LNK-44193,Fixed Purchase,1442971.04,4.760,2025-08-01
LNK-58700,Refinance,110247.47,6.020,2020-01-27
LNK-44874,Fixed Refinance,490266.96,3.855,2021-04-30
LNK-57441,Fixed Purchase,204640.53,4.741,2020-12-14
LNK-86332,Refinance,596115.92,4.259,2021-09-23
LNK-78908,Fixed Purchase,530336.05,0.0498,2020-06-01
LNK-18842,Fixed Purchase,298854.38,5.046,2023-12-19
LNK-40378,Fixed Purchase,226084.25,5.618,2022-01-01
LNK-80064,Fixed Purchase,518478.30,4.827,2024-02-02
LNK-92133,ARM,569127.24,4.124,2025-06-04
LNK-27326,Refinance,179880.61,4.328,2023-07-16
LNK-63784,Fixed Purchase,453271.46,8.021,07/14/2023
LNK-24283,ARM,538178.52,5.927,2023-05-17
LNK-53198,ARM,16764.22,3.324,2023-09-03
LNK-42830,Fixed Purchase,337911.90,4.703,2023-07-15
LNK-39200,Refinance,170200.87,6.510,2022-01-14
LNK-97321,ARM,470028.36,4.351,2025-04-17
LNK-92089,Refinance,580374.34,5.935%,2025-06-19
LNK-83955,ARM,218665.28,6.346,2023-05-10
LNK-65357,Refinance,244328.47,3.727,2026-03-10
LNK-76481,Refinance,584696.28,6.380,2025-02-18
LNK-32775,ARM,198688.83,4.620,2022-09-07
LNK-43714,ARM,1277833.80,4.555,2025-01-14
LNK-50290,Refinance,400777.17,5.834,2025-02-15
LNK-37739,Fixed Purchase,136457.11,6.681,2024-08-10
LNK-52502,ARM,503162.17,5.670,2019-12-29
LNK-48843,Fixed Purchase,516425.64,5.401,2024-04-15
LNK-15927,Fixed Refinance,498697.68,4.495,2025-11-18
LNK-74905,ARM,381331.39,5.157,2020-07-27
LNK-27188,Fixed Purchase,196283.44,4.283,2022-03-15
LNK-78624,Fixed Purchase,495994.35,5.673,2021-01-23
LNK-72516,Fixed Purchase,162120.16,7.366,2020-11-04
LNK-24583,Fixed Refinance,269292.88,7.069,2021-02-22
LNK-4527,ARM,485207.40,6.084,2026-01-26
LNK-96317,Fixed Purchase,296545.21,5.949,2019-11-24
LNK-61505,Fixed Purchase,428486.65,5.417,2022-04-11
LNK-93847,Fixed Purchase,304348.94,3.861,2025-03-05
LNK-28479,ARM,"$1,414,746.05",3.498,2022-12-04
LNK-58469,Refinance,145769.89,4.388,2025-09-30
LNK-39185,Refinance,"$492,358.96",4.306,2022-01-19
LNK-91811,Fixed Purchase,575938.40,5.847,2021-04-20
LNK-10064,Fixed Purchase,"$510,092.76",7.341,2025-02-12
LNK-54627,Fixed Purchase,474678.16,7.513,2024-07-14
LNK-89208, Fixed Purchase ,616776.90,4.146,2023-06-29
LNK-19242,Fixed Purchase,435132.25,6.611,2019-04-13
LNK-84012,Fixed Purchase,565942.79,7.717,2020-09-08
LNK-40692,Jumbo Purchase,308217.58,4.268,2025-02-07
LNK-32722,Fixed Refinance,123709.24,3.558,2022-04-10
LNK-34119,FHA Purchase,496793.95,7.645,2022-09-10
LNK-87332,Fixed Purchase,905401.19,4.075,2019-09-09
LNK-21203,Refinance,444145.40,7.157,2025-08-20
LNK-94747,FHA Purchase,289454.31,7.174,2020-02-10
LNK-56460,Jumbo Purchase,508032.89,7.565,2020-02-05
LNK-50412, Fixed Purchase ,"$758,287.01",7.692,2019-01-18
LNK-10694,FHA Purchase,382270.29,5.009,2020-05-03
LNK-59860,Refinance,540330.15,3.947,2024-06-07
LNK-79372,Fixed Purchase,582248.33,5.647,2024-09-20
LNK-63814,ARM,545199.67,3.365,2025-03-19
LNK-77315,Fixed Purchase,576114.32,6.424,2020-03-31
LNK-53534,ARM,503614.71,3.726,2026-03-12
LNK-71040,ARM,554183.53,3.979,2022-10-06
LNK-67402,Fixed Purchase,404294.40,6.629,2023-05-11
LNK-91663,Refinance,520569.58,7.393,2020-12-19
LNK-55827,ARM,251860.02,3.614,2023-01-28
LNK-72256,Fixed Refinance,119777.45,5.735,2025-09-12
LNK-5818,Fixed Purchase,366255.83,5.603,2025-10-12
LNK-48124,Refinance,593056.41,3.633,2023-02-21
LNK-92964,FHA Purchase,459904.56,5.714,07/05/2023
LNK-71373,ARM,355103.19,6.251,2021-01-24
LNK-78833,Fixed Refinance,328791.33,3.933,2026-04-30
LNK-84647,ARM,223559.95,4.863,2019-06-25
LNK-12138,Jumbo Purchase,434841.58,7.399,2019-01-21
LNK-15335,ARM,431830.86,6.286,2021-12-03
LNK-33536,Fixed Refinance,323117.65,6.908,2019-01-15
LNK-87193,FHA Purchase,305339.78,4.007%,2022-01-18
LNK-88122,FIXED REFINANCE,138655.48,3.963,2024-04-16
LNK-47531,Fixed Purchase,470261.55,7.535,2026-05-25
LNK-22802,Fixed Purchase,380434.59,0.0617,2022-03-08
LNK-85803,Fixed Purchase,259807.05,4.588,2025-10-18
LNK-81304,Fixed Purchase,85689.52,6.909,2025-03-20
LNK-6806,Refinance,146964.78,6.527,2020-04-17
LNK-74822,ARM,100890.17,5.965,2021-03-06
LNK-85545,Fixed Refinance,322003.00,6.465,2024-12-13
LNK-89797,FHA Purchase,89095.85,5.008,2026-03-04
LNK-85769,Refinance,596728.85,3.564%,2024-03-17
LNK-53378,Fixed Purchase,708230.33,7.643,2020-02-24
LNK-99655,Jumbo Purchase,466077.85,5.061,2025-11-16
LNK-44463,Fixed Refinance,505854.18,7.026,2026-05-10
LNK-57420,ARM,304344.87,5.811,2026-01-19
LNK-14886,Fixed Purchase,30476.31,6.166,2025-11-04
LNK-2382,ARM,489464.68,6.477,2026-03-16
LNK-34913,Fixed Purchase,617531.92,6.296,2020-04-17
LNK-30098,Fixed Purchase,525790.46,7.686,2023-12-27
LNK-67935,Jumbo Purchase,213159.67,6.344,02/26/2019
LNK-98891,ARM,257892.15,4.924,2023-03-05
LNK-68999,Fixed Purchase,495963.38,4.960,2025-06-16
LNK-74137,Fixed Purchase,309219.50,6.214,2019-07-20
LNK-77089,ARM,"$166,976.01",5.110,2019-03-02
LNK-91133,Fixed Refinance,292851.41,4.362,2024-01-27
LNK-76397,ARM,563118.74,4.278,2023-12-25
LNK-29971,FHA Purchase,308766.26,5.050,2025-03-10
LNK-59429,ARM,424734.78,3.819,2023-06-21
LNK-50036,Fixed Purchase,412885.25,4.922,2024-02-27
LNK-52266,ARM,571527.90,6.343,2019-02-07
LNK-61694,Refinance,213607.73,4.402,2021-05-20
LNK-90070,Fixed Purchase,102071.71,6.836,2022-06-14
LNK-78147,ARM,216931.28,5.321%,2022-09-03
LNK-91496,Fixed Purchase,235756.91,7.788,2023-04-23
LNK-20758,ARM,872040.33,4.465,2019-09-09
LNK-46215,Fixed Refinance,203568.43,6.579,2025-09-22
LNK-4219,Fixed Purchase,203899.02,6.534,2020-07-24
LNK-64277,Fixed Purchase,234550.76,4.358,2023-11-18
LNK-14703,Jumbo Purchase,454234.83,5.675,2020-02-11
LNK-39722,FHA Purchase,406127.75,3.865,2019-12-23
LNK-55522,Refinance,496467.77,4.837,2021-09-13
LNK-12253,Jumbo Purchase,289610.61,7.484,2019-01-21
LNK-16213,FHA Purchase,523382.59,7.975,2020-05-11
LNK-96702,Refinance,352559.74,,2023-01-07
LNK-19569,Fixed Purchase,308622.96,3.962,2025-06-19
LNK-46656,Fixed Purchase,284914.42,6.378,2019-12-14
LNK-41880,Fixed Purchase,430678.29,6.281,2022-10-31
LNK-45966,ARM,183550.14,5.748%,2022-02-24
LNK-60681, Fixed Purchase ,480879.64,6.359,2019-01-11
LNK-28114,Refinance,417582.26,4.308,2022-03-16
LNK-69303,ARM,515033.77,5.849,12/06/2019
LNK-64298,Refinance,335766.85,5.538,2019-11-06
LNK-46652,ARM,320984.30,4.007,2019-02-22
LNK-63411,Fixed Purchase,243203.96,4.602,2025-11-21
LNK-13795,Fixed Purchase,127949.51,5.920,09/20/2023
LNK-58431,ARM,269361.45,5.498,2023-09-09
LNK-95633,Fixed Purchase,392891.77,7.323,2026-04-08
LNK-92326,Refinance,302627.01,6.285,2019-09-03
LNK-60303,Fixed Purchase,446217.25,6.473,2023-12-15
LNK-42800,Refinance,340635.50,4.741,2020-07-08
LNK-9804,Refinance,150860.74,4.021,2020-07-19
LNK-40356,Refinance,470447.02,4.871,2021-06-22
LNK-6856,Fixed Purchase,238045.85,5.105,2019-03-30
LNK-94163,FHA Purchase,215990.05,7.112,2021-10-03
LNK-16084,Refinance,570707.17,4.373,2019-10-27
LNK-3960,Fixed Purchase,269350.09,5.935%,2023-04-06
LNK-45967,Fixed Purchase,604430.85,6.079,2021-11-22
LNK-85930,Refinance,192912.41,5.051,2025-05-24
LNK-15334,FHA Purchase,564101.48,4.357,2020-01-22
LNK-89754,Fixed Purchase,550877.03,7.247,2020-11-01
LNK-22542,ARM,183434.17,6.034,2021-06-21
LNK-98057,ARM,515932.95,6.776,2022-07-18
LNK-32970,Fixed Purchase,517172.20,7.883,2023-02-05
LNK-68632,Fixed Purchase,486983.45,8.002,2021-12-01
LNK-23865,Refinance,399944.11,4.515,2025-06-24
LNK-73339,ARM,149367.85,,2022-07-13
LNK-21989,ARM,154343.42,4.310,2024-12-26
LNK-44383,Jumbo Purchase,161502.07,7.519,2020-06-01
LNK-74380,Jumbo Purchase,465364.63,7.859,2022-08-01
LNK-56885,REFINANCE,397604.13,0.0614,2022-01-08
LNK-61562,Fixed Purchase,392907.49,7.529,2026-05-14
LNK-31389,Fixed Purchase,163829.18,7.634,2024-03-05
LNK-54090,Jumbo Purchase,585181.21,6.925,2019-01-26
LNK-83543,ARM,348619.45,6.274,2020-07-14
LNK-25176,Jumbo Purchase,240849.09,5.746,2021-04-13
LNK-25430,Refinance,156665.59,5.622,2020-08-12
LNK-84948,Fixed Purchase,430132.61,6.766,2025-05-13
LNK-87154,Fixed Purchase,119256.74,5.874%,2023-12-29
LNK-57640,Fixed Purchase,422124.99,7.442,2024-10-31
LNK-52849,Fixed Purchase,121039.53,7.203,2020-09-12
LNK-4826,FHA Purchase,11120.54,6.690,2022-04-11
LNK-97650,Fixed Purchase,292418.57,7.946,2025-02-02
LNK-81492,FHA Purchase,198696.21,6.689,2023-04-10
LNK-26863,Fixed Refinance,174016.30,5.561,2023-07-19
LNK-59926,Fixed Refinance,130899.77,3.435,2022-10-06
LNK-78621,Fixed Purchase,575784.66,7.564,2025-09-21
LNK-57302,Refinance,283202.34,5.673,2019-08-01
LNK-51965,Fixed Purchase,224929.77,7.522,2025-04-28
LNK-1583,ARM,526305.54,6.336,2019-11-14
LNK-93371,ARM,"$294,454.87",6.012,2024-12-13
LNK-29153,Jumbo Purchase,428620.76,3.962,2024-11-15
LNK-27972,Refinance,490172.69,4.543,2026-02-26
LNK-37483,Fixed Purchase,230487.50,5.515,2024-09-15
LNK-99608,Refinance,530996.25,5.937,2020-02-27
LNK-93243,Refinance,340361.82,4.809,2019-07-24
LNK-9200,Refinance,"$91,431.90",5.465,2022-07-25
LNK-14336,ARM,345576.17,5.131,2019-05-28
LNK-71371,FHA Purchase,104902.94,7.188,2026-05-15
LNK-25505,Jumbo Purchase,367006.67,6.809,2024-06-04
LNK-48945,ARM,142086.15,4.540,2024-10-20
LNK-43727,Fixed Purchase,389281.37,7.367,2023-12-02
LNK-26830,Fixed Refinance,363904.20,4.039,2019-09-26
LNK-60972,Fixed Purchase,1425717.26,6.083,2023-03-16
LNK-15936,ARM,373428.41,4.661,12/07/2023
LNK-35387,Refinance,217098.85,7.350,2025-06-27
LNK-88910,Fixed Refinance,357411.23,4.952,2026-05-25
LNK-65157,ARM,500575.57,5.170,2019-09-30
LNK-70168,Refinance,228211.29,5.592,2025-10-13
LNK-84769,Fixed Purchase,553110.13,4.410,2024-10-12
LNK-42078,Fixed Purchase,526766.52,7.030,2023-10-28
LNK-79246,Fixed Refinance,203758.53,5.952,2019-09-08
LNK-51939,Fixed Purchase,362054.55,,2021-09-04
LNK-81125,Refinance,522728.67,3.431,2025-04-30
LNK-52451,Fixed Purchase,1015343.98,7.355,2025-03-25
LNK-77939,Jumbo Purchase,593320.11,5.791,2020-04-19
LNK-15972,Fixed Refinance,241481.84,6.173,2024-05-23
LNK-46603,FHA Purchase,191154.45,4.017,2023-12-18
LNK-47135,Fixed Purchase,110706.73,7.480,2020-07-30
LNK-81918, Refinance ,346540.00,7.257,2022-11-29
LNK-23613,ARM,524583.17,6.746,2020-01-20
LNK-89288,Jumbo Purchase,504281.24,7.816,2025-07-02
LNK-93535,ARM,286266.04,4.708,2023-06-22
LNK-39986,ARM,243357.66,5.777,2023-03-27
LNK-81541,Fixed Purchase,238851.06,3.826,2023-02-10
LNK-78354,FHA Purchase,534199.92,8.041,2023-04-05
LNK-12108,ARM,502477.26,6.642,2021-01-16
LNK-89094,Fixed Purchase,125627.26,8.031,2019-02-24
LNK-18556, ARM ,237214.95,4.659,2020-04-12
LNK-42049,Fixed Refinance,"$398,907.95",7.179,06/02/2019
LNK-16448,Fixed Purchase,122044.90,,2023-09-13
LNK-32270,Refinance,156984.42,5.687,2021-05-05
LNK-16328,Jumbo Purchase,571708.26,7.506,2021-04-12
LNK-24992,Fixed Purchase,352710.62,5.890,2020-01-01
LNK-91890,Fixed Purchase,390193.44,4.147,2021-10-29
LNK-19528,FHA Purchase,465321.10,8.035,2023-05-06
LNK-67954,Refinance,213434.85,6.906,01/11/2020
LNK-51916,FHA Purchase,455580.20,5.523,2023-02-03
LNK-55819,REFINANCE,251052.20,4.455,2025-08-22
LNK-79174,FHA Purchase,351462.09,3.761,2019-05-21
LNK-19070,Fixed Refinance,962898.38,3.599,2022-05-30
LNK-76340,ARM,94345.39,3.189,2022-10-16
LNK-51293,Jumbo Purchase,350096.39,7.901,2021-04-11
LNK-56448,Jumbo Purchase,"$457,399.59",4.770,2023-09-20
LNK-25347,Jumbo Purchase,289043.34,7.372,2021-04-02
LNK-84296,Fixed Purchase,116143.63,6.314,2024-11-25
LNK-71435,Refinance,120292.08,3.856,2019-01-15
LNK-91889,Fixed Purchase,525813.08,4.505,2026-03-21
LNK-85575,Fixed Purchase,458975.87,5.208,2025-09-24
LNK-23706,Refinance,112056.21,3.597,
LNK-73733,Refinance,308180.10,6.481%,2023-06-02
LNK-22871, Jumbo Purchase ,98231.91,4.108,2020-07-15
LNK-38858,ARM,120727.21,6.301,2025-06-01
LNK-19388,ARM,458113.05,4.795,2019-01-16
LNK-25523,Jumbo Purchase,202854.07,7.505,2019-12-28
LNK-42232,ARM,378436.88,,2021-09-28
LNK-60113,Refinance,350999.15,5.191,2024-08-25
LNK-82187,Fixed Purchase,383369.26,6.999,2020-07-27
LNK-48059,Refinance,338788.39,6.854,
LNK-2256,Fixed Refinance,301961.78,5.316,2020-02-07
LNK-64518,ARM,550307.17,5.064,2021-06-06
LNK-18895,Fixed Purchase,376439.62,6.650,2019-04-11
LNK-26575,Refinance,555317.34,4.046,2023-07-03
LNK-51324,Fixed Purchase,312436.11,5.989,2024-10-09
LNK-74607,Refinance,189173.18,3.743,2023-06-07
LNK-67248,ARM,185184.80,5.328,2025-01-11
LNK-86599,Fixed Purchase,240917.15,7.267,2025-05-05
LNK-65876,Fixed Purchase,267648.14,5.772,2023-11-12
LNK-54626,Refinance,350362.98,5.596,2021-02-08
LNK-90744,ARM,673461.00,3.368,2022-04-06
LNK-55477,ARM,562188.77,4.320,2025-03-08
LNK-94079,Refinance,595067.60,7.229,2022-12-14
LNK-59176,ARM,134654.72,3.397,2020-04-12
LNK-65054,FIXED PURCHASE,1171190.64,7.116,
LNK-22922,Fixed Purchase,229326.79,4.537,2024-01-06
LNK-11835,Jumbo Purchase,272025.71,3.967,2021-08-12
LNK-75107,Fixed Refinance,731340.29,6.909%,10/24/2022
LNK-5044,Fixed Purchase,356339.04,3.907,2022-02-01
LNK-29905,Fixed Refinance,97282.38,5.803,09/03/2020
LNK-39284,Fixed Purchase,540275.41,4.667%,2020-05-02
LNK-5285, Fixed Purchase ,1275967.23,5.918,2021-03-12
LNK-37025,Fixed Purchase,224998.39,5.424,2023-10-01
LNK-30470,Fixed Refinance,392206.48,5.278,2026-02-14
LNK-71465,Fixed Purchase,517800.27,7.151,2020-01-12
LNK-38836,Fixed Refinance,248215.41,7.244,2023-02-14
LNK-23047,Refinance,570949.69,6.281,2025-02-01
LNK-60942,Fixed Refinance,278609.55,7.159,2021-06-15
LNK-75140,Fixed Refinance,235167.76,6.985,2025-01-06
LNK-98323,ARM,581200.98,5.565,2022-01-01
LNK-65921,Fixed Refinance,385436.92,0.0604,2022-12-17
LNK-73053,FHA Purchase,422039.87,7.370,2021-06-03
LNK-67952,ARM,245346.75,3.671,2024-03-02
LNK-15838,Refinance,87447.85,5.836,2021-09-25
LNK-76066,Jumbo Purchase,303554.56,6.190,2026-05-14
LNK-15969,Fixed Purchase,215462.45,5.623,2025-09-11
LNK-36112,Jumbo Purchase,1229247.78,5.079,2019-09-02
LNK-72186,Fixed Refinance,403796.18,5.004,2020-11-07
LNK-49085,Fixed Purchase,329968.82,7.742,2025-10-07
LNK-72046,Refinance,457864.49,7.059,2024-06-30
LNK-6453,Jumbo Purchase,400805.41,7.180,2022-11-15
LNK-95238,FHA Purchase,87561.14,3.874,2023-09-24
LNK-58850,Refinance,272872.80,,2026-02-18
LNK-72611,FHA Purchase,97390.40,6.196,2022-06-30
LNK-29644,Fixed Purchase,119630.65,6.345,2021-08-10
LNK-56725,Fixed Refinance,416935.69,4.722%,2019-11-19
LNK-14423,Fixed Refinance,138805.15,6.027,2025-06-17
LNK-97467,FHA Purchase,174275.35,7.599,2021-12-18
LNK-86678,ARM,446469.54,6.083,2022-11-09
LNK-99480,Fixed Purchase,279460.40,4.587,2022-12-04
LNK-33444,ARM,127932.15,4.696,2019-06-17
LNK-40021,Jumbo Purchase,419808.15,5.160,2019-11-18
LNK-5224,Jumbo Purchase,247873.48,5.110,2021-06-19
LNK-35447,Refinance,579236.37,5.296,2025-02-05
LNK-46688,ARM,191891.04,4.526,2020-07-29
LNK-12401,Refinance,529293.61,5.093,2020-11-14
LNK-58549,Fixed Purchase,139304.45,3.875,2021-11-20
LNK-16386,Refinance,504191.82,4.039,2025-08-10
LNK-32056,Fixed Purchase,390495.66,7.370,2021-09-12
LNK-28509,Jumbo Purchase,578776.73,7.882,2023-11-21
LNK-97680,FHA Purchase,913944.11,6.428,2025-08-14
LNK-78060,Jumbo Purchase,151897.84,6.898,2023-12-11
LNK-91326,Fixed Refinance,591988.92,4.261,2021-07-27
LNK-46957,Refinance,382488.59,4.634,2022-11-10
LNK-94159,Fixed Purchase,241087.50,4.382,2025-10-25
LNK-80988,ARM,280953.26,3.636,2020-12-20
LNK-83938,Fixed Purchase,216779.33,5.324,2023-02-28
LNK-57120,ARM,409412.51,5.758,2022-04-14
LNK-22755,Fixed Refinance,421360.27,3.740,2021-04-11
LNK-81760,Fixed Purchase,557368.84,7.732,2019-12-13
LNK-19249,Refinance,542828.24,5.741,2024-06-04
LNK-28082,Refinance,256570.89,6.133,2020-04-14
LNK-28124,FHA Purchase,408651.80,7.153,2022-10-23
LNK-8780,Jumbo Purchase,199291.77,4.235,2023-10-17
LNK-75720,Refinance,482847.01,5.357,2025-12-08
LNK-46982,Fixed Purchase,379220.53,7.665,2022-08-12
LNK-70767,Refinance,317804.97,6.492%,2023-01-10
LNK-37842,Refinance,1164775.46,4.785,2025-09-02
LNK-79231,Jumbo Purchase,128321.71,3.996,2022-01-27
LNK-71617,Fixed Purchase,1270890.98,5.391,2024-11-02
LNK-23069,ARM,412911.03,5.856,2022-06-22
LNK-43421,Jumbo Purchase,176004.04,5.489,2023-06-13
LNK-93281,Refinance,1274696.90,6.555,2022-01-23
LNK-39356,Refinance,448489.69,3.675,2020-08-21
LNK-38923,ARM,1360932.66,6.171,2020-06-25
LNK-76069,Fixed Purchase,551170.94,4.810,2022-02-24
LNK-36041,Fixed Purchase,251119.84,4.179,2025-01-02
LNK-68425,Fixed Purchase,510910.41,7.104,03/17/2021
LNK-90037,Fixed Purchase,487459.59,0.0428,2026-02-22
LNK-13481,ARM,89835.11,5.604,2019-12-19
LNK-18771,Fixed Refinance,614841.08,5.801,2024-03-23
LNK-99316,Refinance,248847.25,5.329,2019-07-09
LNK-54948,ARM,128223.99,3.469,2019-07-26
LNK-8770,Jumbo Purchase,329362.33,4.920,2023-02-04
LNK-37349,Fixed Purchase,435002.75,6.389,2020-03-02
LNK-86969,ARM,368061.18,3.507,2025-07-20
LNK-17631,Refinance,512222.93,4.438,2023-01-28
LNK-92937,ARM,415006.87,4.541,2020-04-15
LNK-18392, ARM ,351706.22,4.751,2020-04-21
LNK-33725,Refinance,352754.62,6.786,2021-09-12
LNK-20168,ARM,156942.53,6.168,2023-12-10
LNK-94243,FHA Purchase,28156.58,5.746,2021-03-12
LNK-43217,Jumbo Purchase,340637.64,8.068,2020-11-10
LNK-33447,Fixed Purchase,435573.07,7.906,2023-04-09
LNK-89635,Fixed Purchase,506290.51,4.515,2023-10-04
LNK-52472,Fixed Purchase,243818.42,4.062,2024-02-16
LNK-65154,Fixed Purchase,244531.80,4.195,2021-01-30
LNK-19634,Fixed Purchase,406516.54,6.956,2021-04-28
LNK-76684,ARM,341370.83,4.537,2023-03-25
LNK-83890,Refinance,402338.05,7.108,2021-06-05
LNK-36221,Refinance,872643.16,4.280,2025-10-07
LNK-83288,Fixed Purchase,474981.03,4.093,2022-11-12
LNK-55293,Fixed Purchase,594367.40,6.825,2025-08-29
LNK-50174,Refinance,913864.44,4.292,2019-09-21
LNK-60243,Fixed Purchase,286759.40,4.381,2020-01-21
LNK-10898,ARM,153631.12,4.875,2024-10-25
LNK-84050,Fixed Purchase,146103.80,7.111,2023-06-29
LNK-13202,Jumbo Purchase,342045.28,6.037%,2024-11-02
LNK-53802,Jumbo Purchase,340229.41,6.422,2026-01-01
LNK-68582,Fixed Purchase,582474.29,5.883,2020-03-28
LNK-99278,Jumbo Purchase,507932.18,5.298,2020-01-24
LNK-37467,Refinance,139572.93,7.272,2023-11-08
LNK-92056,Fixed Purchase,513421.95,7.514,2022-07-07
LNK-49374,Fixed Purchase,616337.08,4.159,2025-09-08
LNK-60597,FHA Purchase,530549.63,4.524,2023-08-25
LNK-64968,Refinance,410709.30,7.055,09/08/2024
LNK-43898,Refinance,562025.78,6.159,2025-08-13
LNK-77278,Jumbo Purchase,113650.30,7.873,2019-07-13
LNK-1324,Fixed Purchase,525464.53,5.603,2024-07-15
LNK-97039,Fixed Refinance,457149.93,4.287,2021-03-07
LNK-13208,Fixed Purchase,533104.53,6.421,11/28/2024
LNK-96804,Refinance,1201397.69,6.739,2021-09-20
LNK-61089,Fixed Purchase,276132.57,5.994,2022-09-25
LNK-84209,ARM,310287.41,6.310,2025-09-14
LNK-88050,Refinance,529512.79,6.802,2021-06-11
LNK-92395,Fixed Purchase,572265.19,0.0763,2020-03-09
LNK-47952,Fixed Purchase,530990.37,4.552,2025-04-03
LNK-9300,Fixed Purchase,480393.87,7.877,2021-11-06
LNK-71048,Jumbo Purchase,565446.21,4.212,01/16/2021
LNK-53129,ARM,104967.62,4.562,2025-05-29
LNK-29551,ARM,137252.32,5.958,2021-10-27
LNK-57314,Fixed Purchase,293442.31,6.374,2019-02-05
LNK-28767,Fixed Refinance,404831.46,0.0635,2025-12-21
LNK-65843,Refinance,457233.48,6.928,2025-06-30
LNK-36197,Fixed Purchase,233497.33,6.196,2025-11-08
LNK-43318,Fixed Purchase,142571.96,7.127,2021-02-09
LNK-38171,FHA Purchase,580265.17,5.961,09/30/2019
LNK-45270,Fixed Purchase,417609.53,5.615,2019-04-28
LNK-72737, Fixed Purchase ,341169.66,5.028,2019-02-15
LNK-76750,Fixed Purchase,155943.20,4.493,2022-01-12
LNK-18117,Refinance,555564.09,4.318,2019-09-09
LNK-75205,Jumbo Purchase,183882.71,5.110,2019-03-01
LNK-64614,Refinance,432115.23,4.474,2022-04-29
LNK-46054,Refinance,541358.54,7.341,2019-05-07
LNK-90463,Fixed Purchase,517552.76,3.782,2025-09-27
LNK-7345,ARM,46030.18,3.537,2024-10-09
LNK-7021,Fixed Purchase,264954.22,3.785,2025-06-17
LNK-14051,Fixed Purchase,273080.86,6.447,2019-09-24
LNK-83074,ARM,256156.66,3.597,2022-08-23
LNK-61238,Refinance,418620.22,6.699,2023-04-29
LNK-3134,Refinance,524667.89,5.972,2022-07-27
LNK-17284,Refinance,181962.65,7.360,2019-05-25
LNK-21707,Fixed Purchase,341952.42,5.633,2023-10-01
LNK-58840,Fixed Refinance,389868.36,5.549,2020-01-18
LNK-60836,Fixed Purchase,120002.37,7.154,02/24/2021
LNK-1088,Fixed Purchase,417294.61,7.204%,2020-06-03
LNK-57072,Refinance,989711.88,4.111,2021-02-08
LNK-27518,Fixed Purchase,516185.08,6.094,2021-07-31
LNK-91255,Fixed Purchase,337862.31,7.913,2024-11-27
LNK-18290,Jumbo Purchase,997726.19,7.266,2022-03-25
LNK-86196,Fixed Purchase,385680.70,6.448,2020-07-01
LNK-40566,ARM,325625.23,6.138,2019-03-30
LNK-21837,ARM,606133.45,5.444,2024-11-12
LNK-36916,FHA Purchase,410696.55,7.757,2026-01-30
LNK-13234,Fixed Purchase,313402.20,7.550,2023-09-25
LNK-86798,Fixed Purchase,406502.75,5.796,2022-09-06
LNK-48242,ARM,514373.75,3.117,2025-08-21
LNK-33819,ARM,157960.22,4.785,2022-01-30
LNK-11803,Fixed Refinance,411628.53,4.909,2023-11-12
LNK-49738,Refinance,412040.44,3.466,2020-03-12
LNK-88098,Jumbo Purchase,428725.61,7.519,2023-11-10
LNK-86054,Fixed Purchase,224561.30,4.107,2019-04-18
LNK-22695,Fixed Purchase,365125.72,7.887,2024-01-10
LNK-7787,ARM,528659.06,5.793%,2019-01-01
LNK-52949,Fixed Purchase,474464.66,3.837,2020-01-28
LNK-82999,Refinance,224506.30,6.132,2021-04-17
LNK-41043,Fixed Purchase,601569.77,6.533,2023-11-17
LNK-96156,ARM,"$557,374.73",4.129,2019-03-10
LNK-92677,Fixed Refinance,303562.74,6.564,2021-07-28
LNK-99989,Fixed Purchase,157607.22,7.670,2020-12-29
LNK-31689,ARM,"$337,321.44",5.275,2022-09-18
LNK-57260,Fixed Purchase,598046.80,5.187,2021-09-12
LNK-86915,Jumbo Purchase,619460.70,4.500,2023-03-22
LNK-12953,Fixed Purchase,616103.25,5.539,2021-10-18
LNK-93235,Fixed Purchase,215804.19,7.489,2019-08-01
LNK-13475,Fixed Purchase,358999.68,6.882,2019-12-13
LNK-1142,Fixed Purchase,493808.05,6.265,2025-09-28
LNK-28973,FHA Purchase,411558.59,7.052,2026-03-17
LNK-63496,JUMBO PURCHASE,163874.91,6.830,2024-02-26
LNK-11215,ARM,339043.76,4.533,2023-08-27
LNK-18393,FHA Purchase,484836.49,5.073,2022-02-26
LNK-78814,Refinance,300586.99,4.910,2021-09-28
LNK-30647,Refinance,445731.90,4.289,2023-12-07
LNK-69084,Fixed Purchase,467024.46,3.958,2021-06-19
LNK-90126,Jumbo Purchase,246277.43,5.755,2023-10-20
LNK-59335,ARM,157709.10,4.552,2025-01-13
LNK-2217,Fixed Purchase,413625.47,7.730,2025-10-15
LNK-2056,ARM,504202.80,6.277,2025-11-16
LNK-92173,Fixed Purchase,21393.45,5.936,2022-10-01
LNK-46032,ARM,186788.15,6.013,04/23/2019
LNK-16806,Fixed Refinance,339766.04,5.630,2022-02-26
LNK-56353,Jumbo Purchase,97052.15,5.582,2022-12-23
LNK-91968,Refinance,272641.76,3.704,2024-04-13
LNK-18324,Refinance,196259.09,3.633,2019-05-13
LNK-63613,Fixed Purchase,540341.61,7.214,2023-03-07
LNK-10283,Fixed Refinance,165258.10,6.289,2022-11-07
LNK-31008,FHA Purchase,513262.26,5.589,2021-10-04
LNK-51209,FIXED PURCHASE,192152.37,0.0784,2023-10-27
LNK-12708,Refinance,574750.56,3.454,2019-05-31
LNK-96782,Fixed Purchase,619753.77,4.055,2021-10-02
LNK-14425,Refinance,488103.41,5.086,2019-11-19
LNK-14526,Fixed Refinance,353497.35,4.996,2022-07-11
LNK-42071,Fixed Purchase,139464.24,5.935,2024-01-09
LNK-49177,Fixed Purchase,313116.10,5.083,2024-01-12
LNK-40223,Fixed Purchase,428917.37,5.973,2019-01-01
LNK-18973,ARM,397199.45,5.508,2023-04-20
LNK-51164,Fixed Purchase,413548.90,6.847,2023-02-19
LNK-99717,FHA Purchase,"$1,163,523.09",4.045,2020-11-03
LNK-18451,Refinance,86930.76,6.217,2024-07-26
LNK-85092,Fixed Purchase,94281.76,5.843,2021-09-18
LNK-89753,ARM,574324.79,3.303,2019-10-03
LNK-19724,Fixed Purchase,1037642.78,5.712,2021-09-24
LNK-9966,Refinance,133304.44,6.363,2022-10-22
LNK-70534,ARM,547638.04,3.110,2022-09-02
LNK-74831,Fixed Purchase,93927.55,7.551,2020-11-12
LNK-2110,Fixed Purchase,354933.35,7.397,2019-12-03
LNK-80995,Fixed Refinance,459329.52,5.054,2024-07-28
LNK-86199,Fixed Purchase,133242.33,5.344,2024-09-01
LNK-22511,Fixed Purchase,275107.70,4.914,2023-09-10
LNK-58684,Refinance,127016.12,5.888,2024-11-29
LNK-47030,ARM,174766.33,5.136,2022-09-04
LNK-95690,Refinance,416634.05,5.490,2019-11-08
LNK-28925,FHA Purchase,381390.30,5.320,2024-10-26
LNK-83323,FHA Purchase,144172.11,7.047,12/29/2020
LNK-99077,Fixed Purchase,541790.80,5.103,2025-05-31
LNK-20840,Jumbo Purchase,494504.71,8.068,2024-12-22
LNK-54963,Fixed Purchase,291071.02,6.811,2020-12-09
LNK-81750,Fixed Purchase,453688.50,6.248,2021-09-18
LNK-90989,Jumbo Purchase,534622.82,4.192,2019-09-17
LNK-58984,Fixed Purchase,568962.45,8.057,2022-04-26
LNK-29474,Fixed Purchase,218460.34,6.539,2023-01-24
LNK-12362,Fixed Purchase,118582.91,4.576,2022-06-12
LNK-14168,ARM,370060.80,3.469,2019-07-14
LNK-19351,Jumbo Purchase,302887.90,5.068,2022-07-05
LNK-99624,ARM,534084.46,5.872,2022-06-05
LNK-17142,Jumbo Purchase,149028.45,7.986,2025-09-13
LNK-78276,Fixed Purchase,587236.37,6.351,2022-10-29
LNK-96683,ARM,451173.22,6.494,2020-02-26
LNK-51335,FHA Purchase,575979.15,8.023,2023-04-08
LNK-47076,Fixed Purchase,116497.28,7.405,2024-11-26
LNK-57280,Fixed Purchase,218781.41,0.0429,2025-01-02
LNK-42222,JUMBO PURCHASE,579904.54,4.114,2024-08-06
LNK-19327,Refinance,176217.08,6.743,2025-05-17
LNK-33477,FHA Purchase,101305.19,4.929,2025-06-04
LNK-37302,Fixed Refinance,"$1,104,962.45",3.957,2026-02-10
LNK-85491,FHA Purchase,423949.74,7.056,2025-03-07
LNK-12042, Fixed Purchase ,192661.66,3.953,2026-03-28
LNK-73534,Jumbo Purchase,228022.28,5.896,2020-06-11
LNK-79774,Fixed Purchase,332748.14,6.404,2019-12-28
LNK-79644,Fixed Purchase,1191513.13,5.976,2026-03-16
LNK-80638,FHA Purchase,573737.22,5.488,2023-04-06
LNK-38345,Refinance,177823.84,4.128,2019-02-22
LNK-91502,ARM,245733.21,4.769,2023-06-23
LNK-4515,Refinance,267469.98,3.493,2019-12-08
LNK-87298,FHA Purchase,397666.65,5.456,2021-11-29
LNK-40537,Fixed Purchase,293076.89,5.292,2020-07-05
LNK-27928,REFINANCE,369001.07,5.171,2023-04-10
LNK-68862,Refinance,572557.59,6.718,2019-10-31
LNK-80551,Refinance,11069.74,6.940,2020-07-19
LNK-25726,Fixed Purchase,132178.56,6.912,2021-03-03
LNK-99021,Fixed Purchase,234501.58,4.955,2024-01-06
LNK-52347,Fixed Purchase,1057151.79,4.652,2020-05-11
LNK-39737,Fixed Refinance,543408.27,6.591,2022-08-14
LNK-85694,Refinance,593645.05,4.632,2025-08-10
LNK-8152,Fixed Purchase,330886.77,3.958,2023-01-21
LNK-32370,ARM,385024.92,6.366,2023-08-02
LNK-65865,Refinance,523739.30,4.284,2026-05-17
LNK-51578,ARM,517188.19,4.989,2024-10-18
LNK-15777,Refinance,485294.85,6.599,2023-04-06
LNK-32599,Fixed Purchase,561641.61,6.636,2024-12-30
LNK-66481,Jumbo Purchase,169984.90,6.869,2019-01-07
LNK-84634,Fixed Purchase,201808.58,4.662,2023-11-25
LNK-78847,Refinance,313495.24,6.126,2023-09-27
LNK-10307,ARM,1409272.05,4.131,2025-03-09
LNK-70243,FHA Purchase,477725.32,7.365,2024-04-29
LNK-2581,Fixed Purchase,276216.60,7.829,08/13/2022
LNK-48329,Refinance,464378.81,4.035,2024-08-22
LNK-42480,ARM,372535.24,4.123,09/21/2019
LNK-18299,Fixed Purchase,366711.39,8.025,
LNK-51703,ARM,"$149,360.68",3.536,2025-12-02
LNK-75498,ARM,264035.17,4.603,2022-07-27
LNK-56163,ARM,428109.47,3.513,2023-07-10
LNK-48895,Refinance,212106.82,7.054%,2019-07-24
LNK-72612,Fixed Purchase,478972.91,4.015,2020-03-27
LNK-90514,Fixed Purchase,105136.94,5.174,2024-05-01
LNK-23645,Fixed Purchase,578251.15,6.031,2025-01-26
LNK-62736,Fixed Purchase,498176.96,5.836,2023-08-08
LNK-10567,Refinance,363146.51,6.020,2019-07-21
LNK-3187,Fixed Refinance,552720.91,4.498,2021-04-15
LNK-77986,Fixed Purchase,87679.31,5.201,2021-06-16
LNK-9851,Fixed Purchase,510089.88,5.491,
LNK-2807,ARM,224749.86,3.158,2021-09-30
LNK-35365,Jumbo Purchase,106883.06,5.858,2021-12-30
LNK-29277,Jumbo Purchase,300551.81,5.907,2019-07-16
LNK-6220,Fixed Refinance,296371.94,6.573,2025-12-31
LNK-8925,Fixed Purchase,454617.56,7.321,2022-11-30
LNK-53163,Fixed Refinance,580135.41,5.405,2019-06-24
LNK-38550,Fixed Purchase,556463.93,5.146,2026-04-12
LNK-83388,Fixed Purchase,1047701.94,5.230,2022-08-03
LNK-94405,Fixed Purchase,169912.46,4.880,2025-10-23
LNK-66673,ARM,358919.20,4.563,01/01/2024
LNK-55451,Fixed Refinance,96971.08,4.774,2025-04-23
LNK-92987,FHA Purchase,409825.18,5.852,2023-02-25
LNK-53727,Refinance,453075.93,6.574,2025-10-10
LNK-84956,ARM,444618.61,4.120,2025-01-26
LNK-71328,Fixed Refinance,491575.37,5.976,05/25/2025
LNK-71471,ARM,317389.59,4.281,2019-05-31
LNK-81746,ARM,247100.92,5.500,2021-05-11
LNK-21012,Fixed Purchase,611434.92,5.798,2024-07-10
LNK-37368,Jumbo Purchase,513376.15,4.363,2019-01-11
LNK-11957,Fixed Purchase,412682.97,5.868,2021-09-14
LNK-41620,Fixed Purchase,197622.35,5.780,2019-07-28
LNK-68017,Fixed Purchase,593114.45,5.761,2021-07-25
LNK-27633,Refinance,22614.39,6.675,05/24/2026
LNK-21365,Refinance,156418.15,4.861,2024-08-11
LNK-71305,Fixed Purchase,204439.17,7.954,2026-02-09
LNK-43827,Fixed Purchase,"$370,672.47",5.377,2021-05-26
LNK-52213,Fixed Purchase,212216.19,5.345,2023-03-08
LNK-77865,Fixed Purchase,499757.14,7.168,2022-11-10
LNK-84138,Refinance,530582.44,5.406,2026-05-01
LNK-90267,Fixed Purchase,506266.94,7.114,12/11/2021
LNK-85299,Fixed Purchase,188477.95,4.678,05/07/2026
LNK-9665,Refinance,322561.18,5.260,2021-10-27
LNK-41654,Refinance,607054.82,3.784,2024-07-11
LNK-92576,ARM,518006.26,4.009,2022-04-06
LNK-58342,ARM,"$255,847.83",3.254,2021-06-06
LNK-96677,Fixed Purchase,466928.30,4.284,2019-04-15
LNK-32278,Jumbo Purchase,138913.53,5.264,2019-05-08
LNK-8589,Fixed Purchase,141100.19,7.840,2024-02-28
LNK-33044,Refinance,392423.87,5.130,2025-09-12
LNK-57948,Refinance,252891.59,7.015,2020-10-01
LNK-16202,FIXED REFINANCE,394390.96,6.058,2025-07-25
LNK-60424,ARM,218742.87,6.025,2024-06-16
LNK-81254,ARM,"$445,486.60",5.051,2023-07-28
LNK-80800,Fixed Purchase,153526.61,4.683,2019-12-16
LNK-8212,Fixed Purchase,269792.19,4.593,2019-01-30
LNK-88304,Fixed Purchase,407926.55,5.098,2024-07-10
LNK-98215,FHA Purchase,206290.38,6.675,2021-07-10
LNK-87252,Fixed Refinance,474041.28,6.475,2019-09-14
LNK-98079,Fixed Purchase,600347.05,7.089,2019-02-15
LNK-24022,Jumbo Purchase,445346.26,5.334,2026-01-19
LNK-16655,ARM,520361.16,3.193,2020-12-14
LNK-2660,ARM,592492.20,3.978,2024-04-12
LNK-93785,FHA Purchase,463534.97,4.365,2024-09-05
LNK-18984,Refinance,314602.86,3.754,2020-06-01
LNK-92946,FHA Purchase,511268.68,4.898,2026-05-17
LNK-2487,Jumbo Purchase,515730.65,4.221,2024-06-26
LNK-22473,Refinance,516225.38,4.733,2025-12-09
LNK-66065,ARM,490649.45,6.666,2026-01-21
LNK-46443,ARM,284181.32,4.487,2022-07-22
LNK-69551,FHA Purchase,143515.86,7.110,2024-12-20
LNK-68793,Fixed Refinance,457511.41,4.928,2024-01-18
LNK-95472,FHA Purchase,452624.95,4.646,2026-04-08
LNK-34980,Fixed Purchase,402314.93,7.888,2023-10-23
LNK-22884,Fixed Refinance,372325.94,6.848,2019-11-25
