ledger_id,loan_id,due_date,paid_date,emi_due,emi_paid
TXN-21119,LNK-79067,2022-03-01,2022-03-02,"$1,313.48",1295.43
TXN-21763,LNK-79067,2022-04-01,2022-04-05,1281.00,1261.87
TXN-26939,LNK-79067,2022-05-01,2022-05-08,1323.66,1305.35
TXN-15956,LNK-79067,2022-06-01,2022-06-03,1297.05,1295.78
TXN-20704,LNK-11345,2023-04-01,2023-04-09,4332.02,4262.83
TXN-94796,LNK-11345,2023-05-01,2023-05-09,4401.08,4373.61
TXN-69422,LNK-11345,2023-06-01,2023-06-02,4377.14,4349.69
TXN-50043,LNK-11345,2023-07-01,2023-07-04,4380.72,4313.41
TXN-71265,LNK-11345,2023-08-01,2023-08-02,4462.03,4421.49
TXN-43843,LNK-11345,2023-09-01,2023-09-16,4279.15,2432.26
TXN-83413,LNK-99624,2022-07-01,2022-07-03,3067.98,3030.70
TXN-22221,LNK-99624,2022-08-01,2022-08-09,3179.74,3146.52
TXN-51066,LNK-99624,09/01/2022,2022-09-10,3106.76,3084.57
TXN-99986,LNK-99624,2022-10-01,2022-11-09,3083.19,3013.95
TXN-72268,LNK-99624,2022-11-01,2022-11-13,3179.01,3140.31
TXN-84535,LNK-40537,2020-08-01,2020-08-06,1613.95,1598.57
TXN-67172,LNK-40537,09/01/2020,2020-09-02,1654.01,1632.12
TXN-22645,LNK-10150,2022-03-01,2022-03-01,1713.97,1709.20
TXN-87075,LNK-10150,2022-04-01,04/11/2022,1712.27,1699.73
TXN-45925,LNK-10150,2022-05-01,2022-06-08,"$1,697.47",$860.36
TXN-26968,LNK-82083,2026-04-01,2026-04-06,1007.71,991.02
TXN-34748,LNK-82083,2026-05-01,2026-05-05,1055.58,1047.35
TXN-75621,LNK-82083,2026-06-01,2026-05-30,1046.32, 1040.16 
TXN-17404,LNK-82083,2026-07-01,,1041.48,0.00
TXN-34392,LNK-49916,2025-11-01,,1412.04,0.00
TXN-18878,LNK-49916,2025-12-01,2025-12-30,1417.40,482.53
TXN-32650,LNK-49916,2026-01-01,2025-12-30,"$1,400.60",1385.36
TXN-43757,LNK-60441,2023-06-01,2023-06-11,2180.47,2151.67
TXN-52220,LNK-60441,2023-07-01,2023-07-01,2225.69,2181.71
TXN-80651,LNK-48139,2024-01-01,2023-12-29,2769.13,2719.23
TXN-30199,LNK-48139,2024-02-01,2024-01-31,2796.73,2758.65
TXN-44426,LNK-48139,2024-03-01,2024-04-05,2876.18,2841.37
TXN-72631,LNK-21719,2020-01-01,2020-01-06,1080.73,1072.82
TXN-11146,LNK-21719,2020-02-01,2020-01-29,1099.17,1096.13
TXN-76705,LNK-21719,2020-03-01,,1085.98,0.00
TXN-13286,LNK-21719,2020-04-01,2020-04-07,1083.04,1062.90
TXN-75280,LNK-69732,2025-07-01,2025-07-05,1534.05,1516.24
TXN-15662,LNK-69732,2025-08-01,,1504.00,0.00
TXN-86633,LNK-69732,2025-09-01,,1564.06,0.00
TXN-33650,LNK-69732,2025-10-01,2025-09-30,1523.85,1520.46
TXN-70469,LNK-69732,2025-11-01,2025-11-03,1502.71,1479.66
TXN-77816,LNK-69732,2025-12-01,2025-12-01,1533.98,1518.88
TXN-94378,LNK-40472,2019-09-01,2019-09-13,4059.66,3988.11
TXN-57583,LNK-40472,2019-10-01,2019-10-11,4249.62,4247.55
TXN-68800,LNK-40472,2019-11-01,2019-11-20,4187.06,4115.70
TXN-45287,LNK-47135,2020-08-01,NULL,763.65,$0.00
TXN-35306,LNK-47135,09/01/2020,10/12/2020,762.70,463.65
TXN-63703,LNK-47135,2020-10-01,2020-10-10,759.56,442.85
TXN-47762,LNK-47135,2020-11-01,2020-11-04,763.99,758.97
TXN-31441,LNK-9639,2023-02-01,2023-03-04,"$3,910.57",1577.18
TXN-53263,LNK-9639,2023-03-01,,3933.25,0.00
TXN-45980,LNK-9639,2023-04-01,2023-04-02,4063.32,4059.49
TXN-33391,LNK-57640,11/01/2024,2024-10-31,2943.77,2898.43
TXN-98716,LNK-57640,2024-12-01,2025-01-30,2856.32,2828.81
TXN-50578,LNK-80320,2021-06-01,2021-06-30,2215.20,1514.27
TXN-98990,LNK-80320,2021-07-01,2021-07-17,2227.25,2178.12
TXN-70530,LNK-80320,2021-08-01,2021-08-07,2222.46,1064.50
TXN-17963,LNK-80320,2021-09-01,,2286.44,0.00
TXN-32575,LNK-80320,2021-10-01,2021-10-30,2217.80,2175.20
TXN-60616,LNK-80320,2021-11-01,2021-11-05,2274.15,2254.64
TXN-91857,LNK-1324,2024-08-01,2024-08-13,3033.21,2983.78
TXN-24165,LNK-1324,2024-09-01,2024-09-08,2950.80,2901.43
TXN-92482,LNK-1324,2024-10-01,2024-10-01,2938.24,2886.44
TXN-51733,LNK-1324,2024-11-01,,3075.27,0.00
TXN-96719,LNK-1324,2024-12-01,2024-12-05,3022.81,2977.09
TXN-48302,LNK-1324,2025-01-01,2025-01-07,2965.37,2940.15
TXN-62230,LNK-33311,2023-09-01,2023-10-30,2637.03,2606.33
TXN-63174,LNK-33311,2023-10-01,2023-10-13,2629.55,2616.29
TXN-67196,LNK-33311,2023-11-01,,2531.18,0.00
TXN-89502,LNK-23047,2025-03-01,2025-03-08,3519.51,3508.09
TXN-92031,LNK-23047,2025-04-01,,3609.65,0.00
TXN-27248,LNK-50479,2021-04-01,2021-03-31,932.90,921.92
TXN-16853,LNK-50479,2021-04-01,2021-03-31,932.90,921.92
TXN-10196,LNK-50479,2021-05-01,2021-05-17,966.37,929.06
TXN-73411,LNK-38353,2025-06-01,2025-07-28,6338.45,6148.37
TXN-32840,LNK-38353,2025-07-01,2025-06-28,6119.12,6050.19
TXN-84935,LNK-38353,2025-08-01,2025-07-31,6089.66,5981.00
TXN-70176,LNK-38353,2025-09-01,2025-09-01,6318.82,6213.88
TXN-29546,LNK-38353,2025-10-01,2025-10-17,6216.97,4451.04
TXN-27241,LNK-38353,2025-11-01,2025-10-29,6099.70,5986.14
TXN-40866,LNK-62057,2024-06-01,2024-07-28,5408.85,5159.79
TXN-25222,LNK-62057,2024-07-01,2024-07-09,5422.18,5416.00
TXN-78581,LNK-62057,2024-08-01,,5396.70,0.00
TXN-94928,LNK-62057,2024-09-01,2024-09-05,5283.04,3031.03
TXN-67366,LNK-62057,2024-10-01,2024-10-05,5240.54,5223.07
TXN-13337,LNK-54492,2025-06-01,2025-06-05,2830.66,2808.27
TXN-76685,LNK-54492,2025-07-01,2025-07-02,2946.80,2933.77
TXN-63771,LNK-54492,2025-08-01,2025-10-09,2828.17,2743.53
TXN-41566,LNK-54492,2025-09-01,2025-11-07,2840.18,2834.82
TXN-37274,LNK-54492,2025-10-01,2025-10-06,2925.73,2916.20
TXN-49658,LNK-54492,2025-11-01,11/05/2025,2810.27,2786.20
TXN-46259,LNK-15064,2020-01-01,,960.46,0.00
TXN-55928,LNK-15064,2020-02-01,2020-02-29,967.81,656.75
TXN-40222,LNK-15064,2020-03-01,2020-03-13,996.12,$990.17
TXN-86306,LNK-15064,2020-04-01,2020-04-15,981.30,439.62
TXN-67601,LNK-15064,2020-05-01,,972.54,0.00
TXN-57172,LNK-88806,2019-08-01,2019-08-09,3184.76,3173.50
TXN-16133,LNK-88806,2019-09-01,2019-09-06,3143.06,3136.91
TXN-81950,LNK-67731,2020-05-01,2020-05-09,1486.55,1484.95
TXN-32595,LNK-67731,2020-06-01,2020-06-13,1470.90,1468.40
TXN-84655,LNK-67731,2020-07-01,2020-07-01,1455.13,1454.73
TXN-95741,LNK-67731,2020-08-01,2020-08-08,1445.40,1429.08
TXN-12668,LNK-67731,2020-09-01,2020-09-04,1450.28,1421.40
TXN-36362,LNK-46982,2022-09-01,2022-08-29,2732.78,2690.08
TXN-77318,LNK-46982,2022-10-01,2022-09-28,2704.29,2663.08
TXN-52228,LNK-66597,2020-03-01,,1427.77,0.00
TXN-61037,LNK-66597,2020-04-01,2020-04-13,1457.76,645.92
TXN-88011,LNK-66597,2020-05-01,2020-05-11,1497.67,1473.72
TXN-75747,LNK-66597,2020-06-01,2020-07-12,1465.31,398.91
TXN-16018,LNK-66597,2020-07-01,2020-06-29,1450.70,1448.73
TXN-28142,LNK-66597,2020-08-01,2020-07-29,1438.50,1436.30
TXN-83023,LNK-17505,2023-05-01,2023-05-11,1282.44,1278.61
TXN-49735,LNK-17505,2023-06-01,2023-06-13,1224.24,1215.99
TXN-46503,LNK-17505,2023-07-01,2023-06-29,1230.69,1206.39
TXN-10252,LNK-17505,2023-08-01,2023-08-06,1229.56,1219.19
TXN-30137,LNK-17505,2023-09-01,,1268.85,0.00
TXN-69078,LNK-47090,2021-01-01,2020-12-30,1501.09,1485.34
TXN-77834,LNK-47090,2021-02-01,2021-03-12,1504.20,886.09
TXN-36236,LNK-47090,2021-03-01,2021-03-04,1442.33,1434.02
TXN-65036,LNK-47090,2021-04-01,2021-05-03,1515.41,1441.92
TXN-27285,LNK-93743,2019-08-01,2019-08-08,689.96,682.14
TXN-96379,LNK-93743,2019-09-01,2019-09-13,731.83,724.13
TXN-59615,LNK-93124,2024-08-01,,2582.07,0.00
TXN-82375,LNK-93124,2024-09-01,2024-09-10,2614.84,2578.43
TXN-46165,LNK-76069,2022-03-01,2022-03-01,2977.50,2966.98
TXN-90995,LNK-76069,2022-04-01,2022-05-04,2909.44,1610.25
TXN-48807,LNK-76069,2022-05-01,2022-05-13,2837.79,2814.15
TXN-24259,LNK-60942,2021-07-01,2021-07-07,1935.44,1916.09
TXN-99738,LNK-60942,2021-08-01,2021-08-04,1932.82,1927.15
TXN-98935,LNK-60942,2021-09-01,2021-09-04,1880.47,1870.12
TXN-48446,LNK-60942,2021-10-01,2021-11-28,1862.63,1807.00
TXN-70004,LNK-60942,2021-11-01,,1867.64,0.00
TXN-88573,LNK-33717,2026-02-01,2026-02-12,2212.15,2182.02
TXN-17239,LNK-33717,2026-03-01,2026-02-28,2189.80,2178.73
TXN-44599,LNK-33717,2026-04-01,03/31/2026,2214.97,2178.63
TXN-47531,LNK-33717,2026-05-01,2026-05-13,2306.17,2291.34
TXN-69728,LNK-33717,2026-06-01,2026-05-30,2267.48,2254.06
TXN-52764,LNK-33717,2026-07-01,2026-07-05,2193.45,2156.95
TXN-20740,LNK-82851,2025-09-01,2025-09-19,1569.10,1525.31
TXN-55379,LNK-82851,2025-10-01,2025-10-10,1571.76,1562.78
TXN-76716,LNK-82851,2025-10-01,2025-10-10,1571.76,1562.78
TXN-40728,LNK-82851,2025-11-01,2026-01-03,1567.63,1507.64
TXN-74297,LNK-82851,2025-12-01,2025-12-09,1536.67,670.81
TXN-92966,LNK-82851,2026-01-01,2026-03-07,1528.02,1479.76
TXN-89376,LNK-82851,02/01/2026,2026-02-03,1600.01,1573.70
TXN-31854,LNK-3009,2026-05-01,2026-06-10,1880.87,1869.99
TXN-62533,LNK-3009,2026-06-01,,1870.04,0.00
TXN-93624,LNK-3009,2026-07-01,2026-07-04,1892.60,1861.07
TXN-12345,LNK-97321,2025-05-01,2025-05-24,2350.60,2265.10
TXN-66530,LNK-97321,2025-06-01,05/30/2025,"$2,299.17",2286.25
TXN-12761,LNK-97321,2025-07-01,2025-07-08,2280.97,2253.85
TXN-80761,LNK-97321,2025-08-01,2025-08-09,2368.67,2344.02
TXN-26930,LNK-97321,2025-09-01,10/31/2025,2273.18,2183.39
TXN-42653,LNK-97321,2025-10-01,2025-11-05,2374.49,939.42
TXN-99582,LNK-19136,2020-08-01,2020-08-05,2109.37,2075.87
TXN-77839,LNK-19136,2020-09-01,2020-10-25,2175.53,2083.50
TXN-29209,LNK-19136,2020-10-01,2020-10-01,2130.57,2110.20
TXN-11491,LNK-19136,2020-11-01,2020-10-29,2206.34,2202.36
TXN-99522,LNK-19136,2020-12-01,,2203.22,0.00
TXN-12133,LNK-17591,2019-08-01,2019-10-02,3217.02,3133.03
TXN-11807,LNK-17591,2019-09-01,2019-09-01,3155.17,3152.60
TXN-99382,LNK-17591,2019-10-01,2019-10-29,3248.22,1870.43
TXN-93425,LNK-17591,2019-11-01,2020-01-09,3263.61,3161.00
TXN-32582,LNK-17591,2019-12-01,NULL,3119.63,0.00
TXN-87866,LNK-35237,2019-09-01,2019-09-06, 3262.16 ,3257.22
TXN-71943,LNK-35237,2019-10-01,2019-10-07,3364.74,3305.32
TXN-80298,LNK-35237,2019-11-01,2019-11-05,3259.69,3227.85
TXN-11122,LNK-77869,2022-11-01,2022-11-09,1183.85,1167.30
TXN-65213,LNK-77869,2022-12-01,2022-12-04,1145.33,397.84
TXN-93606,LNK-12003,2020-06-01,2020-06-09,2898.24,2851.63
TXN-73140,LNK-12003,2020-07-01,2020-07-08,"$2,938.42",2927.61
TXN-82386,LNK-12003,2020-08-01,2020-09-30,2861.80,2826.39
TXN-28208,LNK-12003,2020-09-01,2020-09-03,2910.96,2902.36
TXN-92033,LNK-37932,2022-12-01,2023-01-09,3163.56,2080.98
TXN-45139,LNK-37932,2023-01-01,2022-12-31,3143.89,3083.70
TXN-65303,LNK-37932,2023-02-01,2023-02-01,3189.70,3173.32
TXN-51164,LNK-37932,2023-03-01,2023-02-26,3072.36,3024.67
TXN-92775,LNK-78236,2025-06-01,2025-07-01,1518.81,1469.81
TXN-51093,LNK-78236,2025-07-01,2025-07-13,1527.50,1518.97
TXN-36546,LNK-78236,2025-08-01,2025-08-11,1523.30,1514.21
TXN-10624,LNK-38938,2020-07-01,2020-07-25,1763.61,860.26
TXN-89903,LNK-38938,2020-08-01,2020-08-03,1754.32,1722.07
TXN-29325,LNK-38938,2020-09-01,,1763.22,0.00
TXN-29560,LNK-38938,2020-10-01,2020-10-10,1738.71,1735.92
TXN-33721,LNK-22992,2023-12-01,2023-12-13,2854.20,2805.29
TXN-32287,LNK-22992,2024-01-01,01/06/2024,2810.27,2766.30
TXN-25852,LNK-22992,2024-02-01,2024-04-02,2766.52,2635.03
TXN-26748,LNK-27922,2019-03-01,2019-03-12,1341.73,1330.52
TXN-77373,LNK-27922,2019-04-01,2019-04-09,1358.00,1356.69
TXN-81774,LNK-27922,2019-05-01,05/12/2019,1339.56,1314.64
TXN-51228,LNK-27922,2019-05-01,05/12/2019,1339.56,1314.64
TXN-23565,LNK-27922,2019-06-01,,1380.92,0.00
TXN-62261,LNK-27922,2019-07-01,2019-07-09,1353.97,1332.31
TXN-91714,LNK-27922,2019-08-01,08/09/2019,1380.62,1373.19
TXN-12736,LNK-58684,2024-12-01,2024-12-28,764.76,$750.43
TXN-36843,LNK-58684,2025-01-01,2025-01-26,736.82,720.55
TXN-51975,LNK-50377,2022-02-01,2022-02-06,3678.35,3651.83
TXN-80323,LNK-50377,2022-03-01,2022-04-05,"$3,699.41", 3690.92 
TXN-38449,LNK-50377,2022-04-01,05/20/2022,3663.28,3656.22
TXN-32875,LNK-50377,2022-05-01,2022-05-17,3636.92,"$2,430.51"
TXN-29592,LNK-99759,2024-03-01,2024-04-13,2861.44,2812.51
TXN-39837,LNK-99759,2024-04-01,2024-04-03,2979.47,2935.85
TXN-31812,LNK-99759,2024-05-01,2024-06-29,2964.48,2855.67
TXN-74865,LNK-99759,2024-06-01,NULL,2991.48,0.00
TXN-28826,LNK-99759,2024-07-01,2024-07-11,3001.54,2972.06
TXN-39556,LNK-50767,2025-11-01,2025-11-04,1461.59,1456.67
TXN-49973,LNK-50767,2025-12-01,2025-12-10,1448.10,1427.24
TXN-43953,LNK-19595,2020-08-01,2020-08-07,1039.61,1021.77
TXN-28112,LNK-19595,2020-09-01,2020-09-06,1028.72,718.75
TXN-45117,LNK-19595,2020-10-01,2020-10-09,1048.94,1029.69
TXN-19359,LNK-9232,2025-01-01,2025-02-08,3592.73,1016.01
TXN-61372,LNK-9232,2025-02-01,2025-02-12,3651.99,3590.43
TXN-17589,LNK-9232,2025-03-01,2025-03-05,3610.78,3569.89
TXN-77600,LNK-77380,2023-10-01,2023-10-03,3524.89,3523.99
TXN-38085,LNK-77380,2023-11-01,2023-11-11,3531.05,3485.54
TXN-82901,LNK-85085,2019-12-01,2019-11-29,2904.88,2863.97
TXN-78818,LNK-85085,2020-01-01,2020-01-29,3002.55,2899.28
TXN-94446,LNK-26200,2020-03-01,2020-03-13,3843.42,"$3,775.33"
TXN-97489,LNK-26200,04/01/2020,2020-04-04,"$3,850.11",3813.13
TXN-20679,LNK-5373,2025-08-01,2025-07-29,944.74,930.98
TXN-43330,LNK-5373,2025-09-01,2025-09-11,997.45,993.49
TXN-81208,LNK-5373,2025-10-01,2025-10-11,985.53,969.54
TXN-86560,LNK-5373,2025-11-01,2025-12-01,984.23,935.69
TXN-94959,LNK-92576,2022-05-01,2022-05-07,2519.64,2475.19
TXN-87970,LNK-92576,2022-06-01,2022-06-04,2437.70,2394.88
TXN-45523,LNK-65686,2023-08-01,2023-08-09,724.30,720.71
TXN-81033,LNK-65686,2023-09-01,2023-09-10,716.22,202.43
TXN-97735,LNK-65686,2023-10-01,2023-10-09,707.08,705.79
TXN-31856,LNK-65686,2023-11-01,2023-11-03,726.68,716.14
TXN-97878,LNK-65686,12/01/2023,2024-01-03,719.87,482.08
TXN-31506,LNK-93123,2025-05-01,2025-06-01,2966.99,1178.77
TXN-38129,LNK-93123,2025-06-01,2025-05-31,2890.05,2855.78
TXN-99884,LNK-93123,2025-07-01,2025-07-10,3010.35, 1234.79 
TXN-35107,LNK-93123,2025-08-01,2025-08-06,2988.08,2946.74
TXN-26633,LNK-73684,2019-09-01,2019-09-04,2570.76,2530.18
TXN-33128,LNK-73684,2019-10-01,2019-09-28,2572.59, 2565.46 
TXN-75812,LNK-87400,2025-12-01,2026-01-06,2780.57,838.96
TXN-49465,LNK-87400,2026-01-01,2026-01-08,2786.46,2758.62
TXN-65702,LNK-87400,2026-02-01,2026-02-04,2631.29,2626.34
TXN-61798,LNK-87400,2026-03-01,2026-03-05,2708.28,865.06
TXN-25658,LNK-87400,2026-04-01,2026-04-05,2719.63,2711.73
TXN-88868,LNK-87400,2026-05-01,2026-05-05,2709.07,2698.31
TXN-86507,LNK-31784,2025-01-01,2024-12-29,2338.39,2328.36
TXN-84327,LNK-31784,2025-02-01,2025-02-08,2294.12,2249.30
TXN-68288,LNK-56723,2022-09-01,2022-10-21,1541.80,1528.15
TXN-20627,LNK-56723,2022-10-01,2022-12-10,1551.69,1510.41
TXN-15950,LNK-56723,2022-11-01,2022-11-06,1553.94,1542.66
TXN-76626,LNK-56723,2022-12-01,,1573.52,$0.00
TXN-22295,LNK-56723,2023-01-01,,1549.55,$0.00
TXN-76719,LNK-14833,2021-03-01,2021-03-11,7317.70,4189.26
TXN-62431,LNK-14833,2021-04-01,2021-04-28,7182.14,7128.77
TXN-35795,LNK-14833,2021-05-01,2021-05-07,7032.09,7012.95
TXN-29229,LNK-35687,2020-12-01,2020-11-28,"$2,861.48",2813.44
TXN-24539,LNK-35687,2021-01-01,2020-12-31,2980.91,2960.87
TXN-41442,LNK-35687,2021-02-01,,2854.14,0.00
TXN-94301,LNK-29905,2020-10-01,2020-10-06,582.21,579.34
TXN-39724,LNK-29905,2020-11-01,,$572.77,0.00
TXN-68470,LNK-85092,2021-10-01,2021-11-14,566.14,400.96
TXN-15151,LNK-85092,2021-10-01,2021-11-14,566.14,400.96
TXN-51681,LNK-85092,2021-11-01,11/09/2021,556.29,553.12
TXN-99250,LNK-85092,2021-12-01,2021-11-29,542.78,539.96
TXN-33405,LNK-85092,2022-01-01,2022-02-11,542.55,516.94
TXN-20575,LNK-85092,2022-02-01,,572.05,0.00
TXN-44073,LNK-50207,12/01/2023,2024-02-13,1583.89,1562.26
TXN-55185,LNK-50207,2024-01-01,2024-01-08,1615.69,1586.73
TXN-96771,LNK-50207,2024-02-01,2024-02-06,1609.43,1582.90
TXN-56816,LNK-50207,2024-03-01,,1604.32,0.00
TXN-49573,LNK-50207,2024-04-01,,1623.64,0.00
TXN-43732,LNK-57120,2022-05-01,2022-05-05,2322.64,2305.82
TXN-68536,LNK-57120,2022-06-01,2022-06-09,2399.19,2388.26
TXN-27200,LNK-57120,07/01/2022,2022-07-21,2328.79,2286.40
TXN-30228,LNK-57120,2022-08-01,2022-09-21,2459.42,2339.51
TXN-72662,LNK-33411,2026-05-01,2026-07-01,6063.58,5812.14
TXN-13655,LNK-33411,2026-06-01,2026-06-08,6019.88,"$5,960.17"
TXN-16720,LNK-54948,08/01/2019,2019-07-30,578.69,574.44
TXN-44620,LNK-54948,2019-09-01,2019-09-08,570.02,562.68
TXN-77623,LNK-25920,2026-03-01,2026-03-04,2010.66,1982.18
TXN-90010,LNK-25920,2026-04-01,2026-04-09,1984.34,1977.96
TXN-99301,LNK-25920,2026-05-01,2026-05-02,1970.57,1958.36
TXN-93494,LNK-25920,2026-06-01,NULL,2053.22,0.00
TXN-91024,LNK-25920,2026-07-01,2026-07-13,2054.83,2019.20
TXN-74542,LNK-39504,2024-03-01,2024-02-29,471.60,465.78
TXN-44520,LNK-39504,2024-04-01,2024-04-07,461.67,458.67
TXN-43324,LNK-10710,2019-08-01,2019-08-28,1557.93,966.76
TXN-31666,LNK-10710,2019-09-01,2019-09-12,1568.07,1549.31
TXN-32951,LNK-10710,2019-10-01,2019-10-09,1554.54,1544.08
TXN-96196,LNK-10710,2019-11-01,2019-11-15,1554.85,469.33
TXN-54988,LNK-10710,2019-12-01,2019-12-10,1577.46,1576.83
TXN-90388,LNK-65866,2024-10-01,2024-10-03,2959.66,2948.34
TXN-99509,LNK-65866,2024-11-01,2024-11-05,2842.13,2840.55
TXN-69302,LNK-65866,2024-12-01,2024-11-30,2903.93,2877.00
TXN-36298,LNK-65866,2025-01-01,2025-01-12,2917.61,2879.10
TXN-14173,LNK-65866,2025-02-01,,2940.89,0.00
TXN-38623,LNK-15573,2023-07-01,2023-07-01,2827.92,2783.62
TXN-74437,LNK-15573,2023-08-01,2023-09-03,2852.30,1769.60
TXN-43169,LNK-15573,2023-09-01,2023-08-31,2745.09,2743.73
TXN-77516,LNK-15573,2023-10-01,2023-10-06,2864.80,2834.78
TXN-57807,LNK-15573,2023-11-01,2023-12-07,2799.50,2701.44
TXN-94902,LNK-19777,2019-12-01,2019-12-09,3516.81,3463.78
TXN-83717,LNK-19777,2019-12-01,2019-12-09,3516.81,3463.78
TXN-16842,LNK-19777,2020-01-01,2020-01-03,3467.73,3464.25
TXN-78768,LNK-36325,2021-06-01,2021-06-03,1699.66,1687.65
TXN-37790,LNK-36325,2021-07-01,2021-07-10,1724.79,1706.03
TXN-67402,LNK-36325,2021-08-01,2021-08-26,1684.79,1226.18
TXN-45235,LNK-36325,2021-09-01,2021-08-29,1755.96,1745.84
TXN-39139,LNK-36325,2021-10-01,2021-10-13,1706.97,1683.61
TXN-29013,LNK-32147,2020-07-01,2020-07-16,2408.71,2327.16
TXN-16605,LNK-32147,2020-08-01,2020-08-13,"$2,350.99",2327.87
TXN-16843,LNK-62797,2026-03-01,,865.64,0.00
TXN-62449,LNK-62797,2026-04-01,2026-04-03,838.10,830.66
TXN-96342,LNK-62797,2026-05-01,2026-05-10,867.67,864.76
TXN-10580,LNK-62797,2026-06-01,2026-06-02,857.95,851.49
TXN-94949,LNK-62797,2026-07-01,,849.15,0.00
TXN-82186,LNK-76965,2025-11-01,2025-11-13,1971.23,1935.02
TXN-42312,LNK-76965,2025-12-01,2025-12-07,2047.52,944.64
TXN-10258,LNK-76965,2026-01-01,2026-01-06,2015.09,1995.97
TXN-93762,LNK-76965,2026-02-01,2026-02-08,"$2,039.02",2032.75
TXN-69588,LNK-76965,03/01/2026,2026-02-26,2043.61,2025.48
TXN-73899,LNK-76965,2026-04-01,,1994.71,0.00
TXN-41872,LNK-96491,2024-12-01,2024-12-08,3265.22,3246.95
TXN-66978,LNK-96491,2025-01-01,2025-01-11,3269.98,3248.35
TXN-97057,LNK-96491,2025-02-01,2025-03-01,3213.98,1811.62
TXN-60047,LNK-96491,2025-03-01,,3127.70,0.00
TXN-73305,LNK-99176,2024-07-01,2024-06-28,558.65,547.83
TXN-57635,LNK-99176,2024-08-01,2024-08-04,560.31,552.25
TXN-76551,LNK-99176,2024-09-01,2024-09-02,545.48,542.65
TXN-56626,LNK-99176,2024-10-01,2024-10-05,566.25,557.20
TXN-86226,LNK-31340,2026-04-01,2026-03-30,575.18,565.05
TXN-78001,LNK-31340,2026-05-01,2026-05-13,573.11,571.67
TXN-67903,LNK-39986,2023-04-01,2023-04-07,1447.48,1421.62
TXN-73769,LNK-39986,2023-05-01,05/17/2023,1464.59,1393.16
TXN-22271,LNK-39986,2023-06-01,,1395.41,0.00
TXN-51573,LNK-39986,2023-07-01,2023-08-02,1435.68,1388.48
TXN-71316,LNK-68286,2019-09-01,10/07/2019,1902.52,1079.92
TXN-40719,LNK-68286,10/01/2019,2019-09-28,1972.75,1948.41
TXN-39659,LNK-68286,2019-11-01,2019-11-12,1957.45,1937.96
TXN-40488,LNK-68286,2019-12-01,,1960.17,0.00
TXN-53567,LNK-68286,2020-01-01,01/25/2020,1954.63,1890.98
TXN-39148,LNK-68286,2020-02-01,2020-03-09,1880.57,1861.31
TXN-75737,LNK-38752,2024-04-01,2024-04-07,2291.71,2284.66
TXN-37770,LNK-38752,2024-05-01,2024-05-09,2278.67,2237.76
TXN-75380,LNK-38752,2024-06-01,2024-05-31,2335.38,2316.81
TXN-87309,LNK-80800,2020-01-01,2019-12-29,790.39,786.61
TXN-14885,LNK-80800,2020-02-01,NULL,$812.84,0.00
TXN-34162,LNK-80800,2020-03-01,2020-02-28,775.91,767.29
TXN-42328,LNK-80800,2020-04-01,2020-04-04,810.36,807.75
TXN-80014,LNK-15029,2025-12-01,2025-12-09,1058.54,1043.52
TXN-87610,LNK-15029,2026-01-01,2026-01-06,1084.24,1074.20
TXN-48144,LNK-15029,2026-02-01,2026-02-08,1101.46,1098.97
TXN-98460,LNK-15029,2026-03-01,2026-04-11,1104.44,1059.06
TXN-17342,LNK-42207,01/01/2024,2024-02-15,3048.14,1748.12
TXN-52797,LNK-42207,2024-02-01,2024-02-10,2926.07,2922.23
TXN-67254,LNK-42207,2024-03-01,2024-03-03,2913.29,2861.35
TXN-87875,LNK-42207,2024-04-01,2024-04-01,2981.75,2950.65
TXN-47938,LNK-42207,2024-05-01,2024-05-11,2921.80,2881.09
TXN-99003,LNK-50412,2019-02-01,2019-02-12,5395.83,2320.37
TXN-70096,LNK-50412,2019-03-01,2019-03-08,5278.91,5175.68
TXN-59783,LNK-33591,2025-12-01,2025-11-28,"$1,055.12",1046.92
TXN-23730,LNK-33591,2026-01-01,2026-01-03,1044.05,1031.07
TXN-90205,LNK-33591,2026-02-01,2026-01-30,1099.52,1077.82
TXN-32120,LNK-33591,2026-03-01,2026-02-26,1102.96,1090.79
TXN-70730,LNK-33591,2026-04-01,NULL,1058.45,0.00
TXN-78746,LNK-33591,2026-05-01,2026-05-07,1079.61,1058.03
TXN-25702,LNK-75498,2022-08-01,2022-07-29,1362.22,1347.31
TXN-30105,LNK-75498,2022-09-01,2022-09-05,1352.00,949.48
TXN-98674,LNK-75498,2022-10-01,2022-10-13,1389.51,1363.04
TXN-15756,LNK-51132,2023-02-01,2023-03-22,1092.89,1089.94
TXN-70478,LNK-51132,2023-03-01,2023-03-03,1122.76,1115.24
TXN-89377,LNK-51132,2023-04-01,2023-04-10,1083.41,1076.26
TXN-92835,LNK-51132,2023-05-01,2023-07-07,1111.13,1067.10
TXN-62535,LNK-10447,2025-09-01,2025-09-13,"$2,899.96",2870.48
TXN-30282,LNK-10447,2025-10-01,2025-09-28,3023.48,2981.71
TXN-46682,LNK-10447,2025-11-01,2025-11-08, 2962.19 ,2915.08
TXN-80904,LNK-10447,2025-12-01,2025-12-16,2877.00,961.69
TXN-14715,LNK-10447,2026-01-01,2026-01-05,2886.84,1939.97
TXN-85291,LNK-19021,2024-05-01,2024-05-03,1397.75,1373.61
TXN-90438,LNK-19021,06/01/2024,2024-06-08,1390.82,1374.69
TXN-56291,LNK-19021,2024-07-01,2024-07-13,1357.18,617.95
TXN-30745,LNK-80997,2022-09-01,2022-09-02,1895.15,1879.48
TXN-30957,LNK-80997,2022-10-01,2022-10-09,1902.78,1877.63
TXN-44364,LNK-80997,2022-11-01,,1949.59,0.00
TXN-96117,LNK-80997,2022-12-01,,1944.64,0.00
TXN-27410,LNK-69012,2024-06-01,2024-06-10,2755.77,2733.71
TXN-69578,LNK-69012,2024-07-01,2024-07-08,2756.84,2723.31
TXN-52955,LNK-69012,2024-08-01,2024-08-11,2865.59,2839.98
TXN-65927,LNK-69012,2024-09-01,2024-09-13,2795.04,2764.72
TXN-25183,LNK-82183,2020-10-01,2020-11-23,3355.78,3253.83
TXN-68965,LNK-82183,2020-11-01,2020-10-29,3218.37,3157.33
TXN-42171,LNK-37471,2019-10-01,2019-12-04,2091.43,1995.57
TXN-68538,LNK-37471,2019-11-01,2019-11-01,2141.12,2134.27
TXN-29821,LNK-37471,2019-12-01,2019-11-28,2152.94,2123.56
TXN-17126,LNK-89181,2026-04-01,2026-04-06,3139.92,1085.27
TXN-20337,LNK-89181,2026-05-01,2026-05-06,"$3,096.03",3089.30
TXN-72378,LNK-89181,2026-06-01,2026-07-30,3235.35,3167.63
TXN-12981,LNK-78656,2019-03-01,2019-02-27,3152.36,3134.62
TXN-18341,LNK-78656,2019-04-01,2019-04-12,3107.58,3079.10
TXN-24724,LNK-78656,2019-05-01,2019-07-15,3074.99,3040.63
TXN-68485,LNK-86686,2023-08-01,NULL,2187.69,0.00
TXN-52097,LNK-86686,2023-09-01,2023-09-27,2186.31,2133.21
TXN-93631,LNK-86686,2023-10-01,2023-10-12,2196.26,2171.38
TXN-53268,LNK-86686,2023-11-01,2023-11-11,2217.09,2208.13
TXN-53639,LNK-12042,2026-04-01,2026-04-17,940.40,465.97
TXN-61308,LNK-12042,2026-05-01,2026-05-11,932.78,919.24
TXN-69594,LNK-12042,2026-06-01,2026-06-23,930.27,899.19
TXN-70243,LNK-40226,2025-03-01,2025-03-08,1414.27,1386.35
TXN-48572,LNK-40226,2025-04-01,2025-03-29,1436.95,1435.70
TXN-72903,LNK-90364,2019-06-01,2019-06-01,2174.97,2161.82
TXN-42479,LNK-90364,2019-07-01,2019-07-12,2216.71,2191.48
TXN-58283,LNK-90364,2019-08-01,08/12/2019,2108.04,2066.74
TXN-24664,LNK-90364,2019-09-01,2019-09-04,2171.28,2148.84
TXN-15653,LNK-90364,2019-10-01,2019-10-07,2144.48,2117.68
TXN-64871,LNK-37842,2025-10-01,2025-10-12,6160.22,6069.10
TXN-69414,LNK-37842,2025-11-01,2025-11-05,6076.97,6069.97
TXN-49802,LNK-37842,2025-12-01,2025-12-08,6116.48,6063.93
TXN-48940,LNK-94468,2023-10-01,2023-10-06,1937.08,1920.24
TXN-44134,LNK-94468,2023-11-01,2023-11-02,1935.45,1910.74
TXN-89279,LNK-56108,2024-11-01,2024-11-06,4581.52,4516.98
TXN-89363,LNK-56108,12/01/2024,2024-12-19,4742.58,1607.68
TXN-76596,LNK-56108,2025-01-01,2025-01-10,4776.99,4723.69
TXN-83879,LNK-56108,2025-02-01,2025-02-01,4802.62,4780.11
TXN-15564,LNK-46056,2020-09-01,2020-09-03,2444.20,2416.83
TXN-74350,LNK-46056,2020-10-01,2020-10-11,2389.32,2345.15
TXN-26313,LNK-40210,08/01/2022,2022-08-09,978.87,967.14
TXN-62240,LNK-40210,2022-09-01,09/04/2022,1029.22,1014.78
TXN-25774,LNK-40210,2022-09-01,09/04/2022,1029.22,1014.78
TXN-73989,LNK-40210,2022-10-01,2022-10-04,984.02,970.48
TXN-92298,LNK-40210,2022-11-01,2022-11-28,997.21,952.87
TXN-74443,LNK-15150,2021-05-01,2021-04-30,969.00,958.02
TXN-78074,LNK-15150,2021-06-01,2021-05-31, 1008.02 ,995.14
TXN-77534,LNK-15150,2021-07-01,2021-06-30,994.27,993.05
TXN-16856,LNK-15150,2021-08-01,2021-09-27,973.54,972.50
TXN-40807,LNK-15150,2021-09-01,2021-09-12,989.22,981.44
TXN-12378,LNK-12221,2023-09-01,2023-10-10,1870.67,1310.58
TXN-31718,LNK-12221,2023-10-01,2023-09-30,1941.01,1921.30
TXN-47534,LNK-12221,2023-11-01,2023-11-12,1950.83,1085.77
TXN-85445,LNK-12221,2023-12-01,2023-12-08,1875.79,1866.16
TXN-27766,LNK-12221,01/01/2024,2024-01-07,1957.58,1949.71
TXN-38719,LNK-12221,2024-02-01,2024-02-01,1895.94,1894.91
TXN-98409,LNK-89188,2020-04-01,2020-04-12,2031.32,1054.09
TXN-98655,LNK-89188,2020-05-01,2020-05-01,2037.99,2007.80
TXN-10253,LNK-15996,2020-02-01,2020-02-08,1033.01,1031.38
TXN-11272,LNK-15996,2020-03-01,2020-03-03,996.77,978.70
TXN-83408,LNK-15996,2020-04-01,2020-05-27,999.09,989.66
TXN-38102,LNK-15996,05/01/2020,2020-05-06,997.44,983.32
TXN-39406,LNK-2220,2025-05-01,2025-04-29,1296.19,1295.91
TXN-49668,LNK-2220,2025-06-01,2025-06-23,1278.92,"$1,267.22"
TXN-25815,LNK-2220,2025-07-01,2025-08-05,1264.80,685.32
TXN-79919,LNK-2013,2020-10-01,2020-10-19,1984.34,1958.96
TXN-72890,LNK-2013,2020-11-01,2020-11-12,1981.70,1948.43
TXN-25782,LNK-2013,2020-12-01,,2010.43,0.00
TXN-51962,LNK-2013,2021-01-01,01/01/2021,1948.06,1937.84
TXN-51023,LNK-2013,2021-02-01,2021-02-09,1905.96,1870.24
TXN-99735,LNK-2013,2021-03-01,2021-03-04,1996.01,1970.52
TXN-12392,LNK-38453,2023-02-01,2023-01-31,3637.76,3590.09
TXN-35686,LNK-38453,2023-03-01,2023-03-07,3638.65,3596.36
TXN-90875,LNK-38453,2023-04-01,2023-04-11,3542.93,3485.92
TXN-91970,LNK-38453,2023-05-01,2023-05-23,3552.38,3467.18
TXN-35443,LNK-38453,06/01/2023,2023-06-21,3655.08,3513.81
TXN-17179,LNK-32552,2026-06-01,2026-05-30,3490.06,3461.59
TXN-40121,LNK-32552,2026-07-01,2026-07-03,3661.47,3615.84
TXN-76788,LNK-32499,2023-05-01,2023-05-25,588.59,179.56
TXN-11280,LNK-32499,2023-06-01,2023-06-12,591.55,584.96
TXN-34952,LNK-32499,2023-07-01,,597.63,0.00
TXN-58388,LNK-54476,2025-01-01,2025-02-05,872.33,830.33
TXN-45320,LNK-54476,2025-02-01,2025-03-29,895.76,879.36
TXN-36974,LNK-54476,2025-03-01,2025-03-03,863.95,850.08
TXN-23819,LNK-48242,2025-09-01,2025-10-15,2238.32,1337.37
TXN-42674,LNK-48242,2025-10-01,2025-10-03,2218.68,2184.41
TXN-67805,LNK-66481,2019-02-01,2019-02-01,1082.90,1077.56
TXN-38841,LNK-66481,2019-03-01,2019-04-09,1129.74,415.63
TXN-24330,LNK-66481,2019-04-01,,1089.63,0.00
TXN-29792,LNK-66481,2019-05-01,,1128.43,0.00
TXN-84867,LNK-66481,2019-06-01,2019-06-03,1146.07,1142.96
TXN-58384,LNK-66481,2019-07-01,2019-07-01,1132.95,1111.28
TXN-13779,LNK-14399,2021-08-01,2021-08-08,1944.34,1941.46
TXN-45463,LNK-14399,2021-09-01,2021-10-09,1887.13,1215.11
TXN-82198,LNK-14399,10/01/2021,2021-10-01,1939.00,1927.79
TXN-77483,LNK-14399,2021-11-01,2021-11-01,1941.76,1914.63
TXN-92175,LNK-14399,2021-12-01,2022-01-05,1882.84,840.10
TXN-81494,LNK-14399,2022-01-01,2021-12-31,1888.79,1869.28
TXN-24198,LNK-91663,2021-01-01,03/16/2021,3550.42,3458.27
TXN-90798,LNK-91663,2021-02-01,2021-02-27,3623.47,3467.45
TXN-80925,LNK-91663,2021-03-01,2021-03-12,3625.05,3581.48
TXN-75357,LNK-91663,2021-04-01,03/29/2021,3543.31,3475.80
TXN-57838,LNK-53205,2021-05-01,2021-05-11,570.03,562.34
TXN-84075,LNK-53205,2021-06-01,2021-05-31,569.66,562.23
TXN-84198,LNK-53205,2021-07-01,2021-07-11,582.20,573.41
TXN-70616,LNK-53205,2021-08-01,2021-08-11,580.05,573.59
TXN-39920,LNK-53205,2021-09-01,2021-08-29,584.23,575.78
TXN-28104,LNK-29551,11/01/2021,2022-01-11,813.67,809.23
TXN-33254,LNK-29551,2021-12-01,2021-11-30,826.30,818.94
TXN-94167,LNK-29551,2022-01-01,2022-01-02,825.49,819.55
TXN-86455,LNK-29551,2022-02-01,2022-02-04,831.83,820.49
TXN-27455,LNK-86498,2021-02-01,,2891.29,0.00
TXN-73042,LNK-86498,2021-03-01,2021-03-12,2749.30,2708.60
TXN-78836,LNK-86498,2021-04-01,04/22/2021,2820.74,2733.79
TXN-15111,LNK-86498,2021-05-01,2021-06-03,2805.22,1217.53
TXN-91518,LNK-86498,2021-06-01,2021-06-11,2888.49,2869.19
TXN-87389,LNK-86498,2021-07-01,2021-08-21,2735.28,2676.63
TXN-28776,LNK-27111,2023-01-01,,3089.23,0.00
TXN-78411,LNK-27111,2023-02-01,02/06/2023,3073.71,"$3,036.91"
TXN-40839,LNK-27111,2023-03-01,2023-03-02,3246.55,3205.77
TXN-96876,LNK-42180,11/01/2024,2024-12-14,1212.86,1190.89
TXN-85372,LNK-42180,2024-12-01,2025-01-13,1216.28,"$1,214.99"
TXN-80713,LNK-42180,2025-01-01,2025-01-05,1240.32,1228.08
TXN-61918,LNK-42180,2025-02-01,2025-02-08,1284.22,334.86
TXN-37612,LNK-42180,2025-03-01,2025-03-07,1257.82,1233.48
TXN-85753,LNK-42180,2025-04-01,2025-04-05,1280.60,1276.44
TXN-22339,LNK-2658,2025-11-01,2025-11-05,3787.32,3716.45
TXN-92454,LNK-2658,2025-12-01,2025-12-03,3646.85,3597.02
TXN-15110,LNK-2658,2026-01-01,2025-12-29,3703.18,3667.06
TXN-64991,LNK-2658,2026-02-01,2026-01-30,3786.43,3745.09
TXN-33398,LNK-86929,2020-10-01,,2289.69,0.00
TXN-14093,LNK-86929,2020-11-01,2020-11-11,2183.70,2179.07
TXN-46232,LNK-86929,2020-12-01,2020-11-30,2241.18,2200.38
TXN-66212,LNK-86929,2021-01-01,2021-02-22,2270.20,2162.72
TXN-70290,LNK-19320,2023-01-01,01/16/2023,5787.59,1944.54
TXN-83635,LNK-19320,2023-02-01,2023-02-13,5809.41,5780.93
TXN-64361,LNK-19320,2023-03-01,03/06/2023,5840.49,5810.86
TXN-35758,LNK-19320,2023-04-01,2023-04-03,5635.22,5581.57
TXN-15283,LNK-19320,2023-05-01,2023-05-02,5665.05,5601.51
TXN-39173,LNK-19320,2023-06-01,2023-06-01,5777.39,2534.63
TXN-81151,LNK-41213,2023-10-01,2023-10-11,6633.54,6563.31
TXN-18334,LNK-41213,2023-11-01,2023-11-20,6669.36,2016.04
TXN-60791,LNK-41213,2023-12-01,2024-02-13,6858.39,6857.79
TXN-85864,LNK-41213,2024-01-01,02/10/2024,6644.47,6480.52
TXN-18834,LNK-41213,2024-02-01,2024-02-13,6477.52,6414.19
TXN-84898,LNK-84238,2020-11-01,2020-12-04,1985.42,888.88
TXN-43742,LNK-84238,2020-12-01,2020-12-07,2019.25,1983.78
TXN-81477,LNK-84238,2021-01-01,01/01/2021,2039.40,2024.11
TXN-61501,LNK-84238,2021-02-01,2021-02-03,2023.23,1999.13
TXN-72872,LNK-84238,2021-03-01,2021-04-04,2012.00,1501.81
TXN-15120,LNK-84238,2021-04-01,2021-04-09,1982.41,1955.94
TXN-71301,LNK-8292,2025-07-01,2025-07-09,3465.91,3438.64
TXN-95070,LNK-8292,2025-08-01,2025-08-04,3384.61,3383.85
TXN-59784,LNK-8292,2025-09-01,2025-09-09,3402.70,3350.22
TXN-90258,LNK-8292,2025-10-01,10/05/2025,3302.84,3243.78
TXN-80490,LNK-27100,2026-03-01,2026-03-08,3617.54,3593.28
TXN-63340,LNK-27100,2026-04-01,2026-04-09,3559.18,3506.72
TXN-43606,LNK-27100,2026-05-01,2026-04-29,3451.07,3411.40
TXN-45725,LNK-27100,2026-06-01,2026-06-07,3430.03,3373.33
TXN-45924,LNK-87259,2022-06-01,2022-07-25,3569.33,3474.08
TXN-86887,LNK-87259,2022-07-01,2022-07-13,3529.69,3466.24
TXN-18422,LNK-50343,02/01/2024,2024-02-09,3202.91,"$1,281.51"
TXN-25728,LNK-50343,2024-03-01,2024-03-12,3233.35,3213.92
TXN-81527,LNK-50343,2024-04-01,2024-04-05,3176.46,3154.52
TXN-56014,LNK-50343,2024-05-01,,3226.67,0.00
TXN-20729,LNK-50343,2024-06-01,,3121.83,0.00
TXN-15541,LNK-18224,2020-04-01,2020-03-30,2021.45,2020.97
TXN-23866,LNK-18224,2020-05-01,2020-06-04,1977.21,1329.91
TXN-54964,LNK-18224,2020-06-01,2020-06-11,2017.46,1978.58
TXN-44435,LNK-18224,2020-07-01,2020-07-07,1942.48,1912.90
TXN-97674,LNK-74946,2022-06-01,2022-06-10,1938.19,1902.63
TXN-31820,LNK-74946,2022-07-01,2022-07-13,1995.83,1979.95
TXN-67717,LNK-74946,2022-08-01,2022-07-29,2006.58,2002.57
TXN-32975,LNK-74946,2022-09-01,2022-09-05,1941.05,1923.30
TXN-52326,LNK-74946,2022-10-01,2022-10-13,1941.97,1903.77
TXN-53809,LNK-65260,2023-10-01,2023-10-04,4205.35,4190.26
TXN-70211,LNK-65260,2023-11-01,2023-10-31,4279.89,4203.89
TXN-39957,LNK-65260,2023-12-01,11/29/2023,4124.27,4077.37
TXN-11931,LNK-65260,2024-01-01,2024-01-03,4097.33,4091.50
TXN-23431,LNK-65260,2024-02-01,2024-02-12,4270.18,4261.45
TXN-76073,LNK-65260,2024-03-01,,"$4,155.48",0.00
TXN-16090,LNK-93778,2024-11-01,2024-12-07,896.66,891.19
TXN-78868,LNK-93778,2024-12-01,,912.67,0.00
TXN-74792,LNK-93778,2025-01-01,2024-12-30,869.78,861.66
TXN-27769,LNK-93778,2025-02-01,,917.22,0.00
TXN-54231,LNK-93778,2025-03-01,2025-04-11,$873.14,870.51
TXN-75950,LNK-63701,2025-02-01,,2693.62,0.00
TXN-49508,LNK-63701,2025-03-01,2025-03-10,2683.16,2674.19
TXN-32992,LNK-63701,2025-04-01,2025-05-09,2755.06,744.05
TXN-39393,LNK-63701,2025-05-01,2025-05-05,2672.05, 2626.61 
TXN-12162,LNK-63701,2025-06-01,2025-07-12,2730.47,2624.44
TXN-27199,LNK-66278,2019-04-01,2019-03-30,1825.58,1812.24
TXN-31150,LNK-66278,2019-05-01,2019-05-13,1816.30,1801.47
TXN-93971,LNK-66278,2019-06-01,2019-06-09,1819.43,1813.88
TXN-72310,LNK-66278,2019-07-01,2019-06-30,1802.61,1801.12
TXN-33553,LNK-50710,2023-03-01,2023-03-02,5086.18,4987.10
TXN-73543,LNK-50710,2023-04-01,,5139.97,0.00
TXN-58802,LNK-50710,2023-05-01,2023-05-22,5179.62,2765.53
TXN-30739,LNK-50710,2023-06-01,2023-06-01,4937.63,4930.09
TXN-25025,LNK-50710,2023-07-01,2023-07-13,5045.85,2998.80
TXN-55068,LNK-50710,2023-08-01,2023-08-08,5033.77,4978.81
TXN-32024,LNK-63350,2019-10-01,2019-10-11,2087.61,2084.06
TXN-73852,LNK-63350,2019-11-01,2019-11-08,2102.52,2091.03
TXN-97396,LNK-63350,2019-12-01,2020-01-18,2114.04,2095.07
TXN-29292,LNK-63350,2020-01-01,2020-01-31,2128.20,1219.38
TXN-41638,LNK-63350,2020-02-01,2020-03-23,2102.85,2070.50
TXN-19049,LNK-19327,2025-06-01,2025-06-08,1173.89,1159.23
TXN-25802,LNK-19327,2025-07-01,2025-08-25,1175.45,1140.16
TXN-44918,LNK-19327,2025-08-01,2025-08-06,1165.85,1158.13
TXN-39046,LNK-19327,2025-09-01,2025-08-29,1172.35,1170.43
TXN-47641,LNK-19327,2025-10-01,10/12/2025,1151.36,1128.65
TXN-18885,LNK-26513,2026-06-01,2026-07-02,1272.96,941.02
TXN-60606,LNK-26513,2026-07-01,2026-06-30,"$1,270.42","$1,247.63"
TXN-60293,LNK-5433,2020-08-01,2020-07-31,1273.69,"$1,254.04"
TXN-40652,LNK-5433,2020-09-01,2020-09-04,1291.59,1281.54
TXN-81059,LNK-5433,2020-10-01,2020-10-11,1258.59,1234.14
TXN-30799,LNK-87363,2026-02-01,2026-02-09,1903.41,1896.66
TXN-64781,LNK-87363,2026-03-01,2026-03-05,1928.09,1902.06
TXN-70556,LNK-87363,04/01/2026,2026-04-12,"$1,909.36",1871.70
TXN-67557,LNK-87363,2026-05-01,2026-05-10,1928.49,1903.71
TXN-57892,LNK-87363,2026-06-01,2026-06-08,1990.32,1976.44
TXN-86380,LNK-23241,2026-01-01,2025-12-29,2070.42,2059.28
TXN-67563,LNK-23241,2026-02-01,2026-02-02,2024.77,2010.78
TXN-27282,LNK-23241,2026-03-01,2026-04-11,2017.08,841.11
TXN-70964,LNK-23241,2026-04-01,2026-05-12,1991.48,1183.94
TXN-67770,LNK-81254,2023-08-01,2023-08-05,2360.50,2342.01
TXN-71100,LNK-81254,2023-09-01,,2433.53,0.00
TXN-24365,LNK-81254,2023-10-01,2023-10-08,2352.94,1764.37
TXN-95654,LNK-81254,2023-11-01,2023-11-08,2464.67,"$2,427.40"
TXN-84951,LNK-81254,2023-12-01,,2451.13,0.00
TXN-76706,LNK-97180,2026-01-01,2026-01-11,2691.40,2653.06
TXN-46059,LNK-97180,2026-02-01,2026-02-13,2698.11,2644.80
TXN-63397,LNK-24283,2023-06-01,2023-06-04,3271.23,3240.70
TXN-13482,LNK-24283,2023-07-01,2023-07-06,3270.98,3207.54
TXN-56207,LNK-24283,2023-08-01,2023-08-08,3128.59,3122.53
TXN-34732,LNK-24283,2023-09-01,2023-09-14,3198.61,2379.39
TXN-49479,LNK-85259,2022-01-01,2022-01-03,725.66,717.54
TXN-61651,LNK-85259,2022-02-01,2022-02-12,732.33,723.20
TXN-53432,LNK-85259,2022-03-01,2022-02-28,745.36,731.13
TXN-93678,LNK-91873,2021-07-01,2021-07-07,1084.62,1072.41
TXN-67719,LNK-91873,08/01/2021,2021-08-05,1130.64,1112.63
TXN-47543,LNK-91873,2021-09-01,2021-09-04,1118.25,1101.81
TXN-17985,LNK-91873,2021-10-01,2021-10-10,1110.08,1105.35
TXN-90446,LNK-5847,2024-12-01,2024-12-07,586.03,584.79
TXN-59936,LNK-5847,2025-01-01,2025-01-01,609.24,607.06
TXN-80547,LNK-5847,2025-02-01,2025-02-09,589.91,584.34
TXN-40443,LNK-5847,2025-03-01,2025-03-27,597.13,429.65
TXN-44021,LNK-5847,2025-04-01,2025-04-12,599.53,591.16
TXN-94768,LNK-8923,2023-09-01,2023-09-12,2247.30,2239.02
TXN-79988,LNK-8923,2023-10-01,2023-12-02,2364.34,2256.16
TXN-67232,LNK-73512,2021-07-01,2021-07-04,1467.73,"$1,438.41"
TXN-92012,LNK-73512,2021-08-01,2021-08-02,1415.25,1411.22
TXN-88048,LNK-58342,2021-07-01,2021-07-03,1102.30,1091.94
TXN-76055,LNK-58342,08/01/2021,2021-08-07,1095.44,1091.01
TXN-74191,LNK-58342,2021-09-01,2021-10-15, 1117.41 ,561.29
TXN-22300,LNK-58342,2021-10-01,2021-09-29,1145.98,1139.51
TXN-65980,LNK-58342,2021-11-01,2021-11-07,1083.40,1077.33
TXN-48048,LNK-50391,2026-06-01,2026-06-27,2469.66,2445.72
TXN-62500,LNK-50391,2026-07-01,,2385.25,0.00
TXN-30747,LNK-2581,2022-09-01,08/31/2022,2034.56,2016.48
TXN-90510,LNK-2581,2022-10-01,2022-10-13,1948.09,1939.53
TXN-26492,LNK-2581,2022-11-01,2022-11-02,1949.11,1936.84
TXN-84044,LNK-11828,2020-12-01,2020-12-10,1851.63,1830.24
TXN-22236,LNK-11828,2021-01-01,2021-01-06,1866.84,1858.66
TXN-75208,LNK-11828,2021-02-01,2021-02-05,1867.58,1833.48
TXN-72952,LNK-74638,2023-02-01,2023-01-29,990.06,978.34
TXN-35301,LNK-74638,2023-03-01,,988.73,0.00
TXN-61064,LNK-74638,2023-04-01,2023-04-03,1011.59,1009.08
TXN-12548,LNK-50174,2019-10-01,2019-11-13,4441.41,1917.26
TXN-52681,LNK-50174,2019-11-01,2019-11-09,4537.32,2274.74
TXN-41645,LNK-50174,2019-12-01,,4515.24,0.00
TXN-88254,LNK-50174,2020-01-01,2020-03-13,4454.62,4449.65
TXN-10265,LNK-63390,2026-04-01,,680.94,0.00
TXN-81266,LNK-63390,2026-05-01,05/03/2026,715.54,705.32
TXN-18437,LNK-63390,2026-06-01,2026-06-23,$709.28,191.88
TXN-21192,LNK-63390,2026-07-01,NULL,701.56,0.00
TXN-11684,LNK-29444,2024-01-01,2024-01-29,4673.86,3063.11
TXN-13058,LNK-29444,2024-02-01,2024-02-10,4764.95,4756.44
TXN-14188,LNK-29444,2024-03-01,2024-03-03,4821.20,4765.84
TXN-73194,LNK-29444,2024-04-01,04/06/2024,4793.38,4705.84
TXN-71720,LNK-49971,2021-01-01,2021-01-12,3445.95,2469.01
TXN-80834,LNK-49971,2021-02-01,2021-02-02,3416.52,3352.82
TXN-40992,LNK-49971,2021-03-01,2021-03-21,3357.19,3225.60
TXN-25324,LNK-49971,2021-04-01,2021-04-14,3431.13,1123.65
TXN-77949,LNK-49971,2021-05-01,2021-06-30,3356.91,3263.63
TXN-30509,LNK-49971,2021-06-01,,3459.29,0.00
TXN-63558,LNK-73264,2026-04-01,NULL,901.34,0.00
TXN-36654,LNK-73264,2026-05-01,2026-05-11,935.40,928.87
TXN-72468,LNK-73264,2026-06-01,,919.43,0.00
TXN-93803,LNK-73264,2026-07-01,2026-07-27,929.18,431.74
TXN-42786,LNK-90181,2025-01-01,2025-01-07,905.38,899.02
TXN-19266,LNK-90181,2025-02-01,02/12/2025,862.91,846.30
TXN-86917,LNK-90181,2025-03-01,2025-03-09,882.09,876.35
TXN-80778,LNK-90181,2025-04-01,2025-06-13,888.59,855.12
TXN-73526,LNK-90181,2025-05-01,2025-06-17,$865.45, 835.86 
TXN-98979,LNK-33044,2025-10-01,2025-09-28,2138.94,2111.01
TXN-16247,LNK-33044,2025-11-01,,2090.11,0.00
TXN-37233,LNK-1350,2025-08-01,2025-08-02,2535.47,2502.68
TXN-34041,LNK-1350,2025-09-01,,2504.61,0.00
TXN-34375,LNK-59991,2024-06-01,06/10/2024,6813.75,6773.62
TXN-51643,LNK-59991,2024-07-01,2024-08-06,6579.79,6258.73
TXN-17412,LNK-59991,2024-08-01,2024-09-21,6638.08,6394.71
TXN-77529,LNK-59991,2024-09-01,2024-09-02,6559.44,6511.40
TXN-21594,LNK-59991,2024-10-01,,6723.59,0.00
TXN-91853,LNK-59991,2024-11-01,2024-11-20,6603.36,6299.39
TXN-36065,LNK-52374,2019-07-01,,2849.29,0.00
TXN-40262,LNK-52374,2019-08-01,2019-08-24,2791.65, 1899.52 
TXN-91918,LNK-52374,2019-09-01,2019-10-13,2866.60,2854.73
TXN-98349,LNK-52374,2019-10-01,2019-10-03,2859.85,2822.15
TXN-29672,LNK-17631,2023-02-01,2023-03-23,2651.18,2521.70
TXN-31089,LNK-17631,2023-03-01,2023-02-26,2534.51,2492.44
TXN-72225,LNK-17631,2023-04-01,2023-06-02,2573.42,2567.83
TXN-43842,LNK-33662,2021-05-01,2021-05-08,2790.07,2759.72
TXN-94995,LNK-33662,06/01/2021,2021-07-11,2732.31,1440.69
TXN-48154,LNK-33662,07/01/2021,2021-07-04,2772.69,2759.30
TXN-58385,LNK-33662,2021-08-01,2021-08-12,2689.32,2656.76
TXN-44745,LNK-96342,2023-01-01,02/23/2023,1799.40,1749.63
TXN-96482,LNK-96342,2023-02-01,2023-01-30,1837.90,1807.15
TXN-55877,LNK-36537,2020-08-01,2020-08-09,966.58,951.96
TXN-47171,LNK-36537,2020-09-01,2020-09-20,972.06,950.19
TXN-47119,LNK-36537,2020-10-01,2020-10-23,963.90,635.85
TXN-73204,LNK-36537,2020-11-01,2020-11-01,967.29,960.67
TXN-31011,LNK-36537,2020-12-01,12/10/2020,924.83,916.63
TXN-68155,LNK-36537,2021-01-01,2021-01-09,925.19,913.07
TXN-77986,LNK-37048,2021-02-01,2021-04-13,6583.53,6446.64
TXN-74787,LNK-37048,2021-03-01,2021-03-12,6904.05,"$6,798.56"
TXN-88604,LNK-37048,2021-04-01,2021-03-29,6747.21,6647.34
TXN-32897,LNK-37048,05/01/2021,2021-05-03,6811.08,6774.41
TXN-48032,LNK-99278,2020-02-01,2020-03-14,2878.88,2736.96
TXN-47052,LNK-99278,2020-03-01,2020-03-09,2748.89,2717.84
TXN-67406,LNK-99278,2020-04-01,2020-04-01,2890.20,2888.72
TXN-98707,LNK-16328,2021-05-01,,3886.15,0.00
TXN-99920,LNK-16328,2021-06-01,2021-06-08,4002.14,3958.62
TXN-70255,LNK-36358,2024-08-01,2024-08-05,5584.55,5565.95
TXN-19938,LNK-36358,2024-09-01,2024-09-17,5541.69,1438.89
TXN-69716,LNK-36358,2024-10-01,2024-10-10,5634.32,5587.28
TXN-50869,LNK-36358,2024-11-01,2024-11-11,5502.02,5401.56
TXN-13110,LNK-36358,2024-12-01,2024-12-01,5479.92,5403.16
TXN-63482,LNK-36358,2025-01-01,2025-01-12,5425.68,5388.37
TXN-61371,LNK-53581,2021-03-01,2021-02-26,6253.11,6162.26
TXN-83145,LNK-53581,2021-04-01,2021-03-31,6335.04,6232.40
TXN-60788,LNK-74563,2020-08-01,2020-08-04,1809.27,1775.72
TXN-68897,LNK-74563,2020-09-01,2020-09-01,1716.39,1716.05
TXN-84508,LNK-74563,2020-10-01,2020-11-27,1740.05,1732.44
TXN-85740,LNK-74563,2020-11-01,2020-11-13,1781.59,1762.96
TXN-44190,LNK-74563,2020-12-01,2020-12-10,1732.71,1731.93
TXN-26471,LNK-14579,2020-09-01,2020-09-10,1378.15,1377.38
TXN-10752,LNK-14579,2020-10-01,10/06/2020,1331.91,1314.85
TXN-99264,LNK-50192,2021-10-01,2021-09-28,746.81,739.37
TXN-59272,LNK-50192,2021-11-01,,746.13,0.00
TXN-25808,LNK-50192,2021-12-01,2021-12-09,741.60,741.30
TXN-38665,LNK-50192,2022-01-01,2022-01-04,738.67,736.46
TXN-71916,LNK-50192,2022-02-01,2022-02-07,749.38,$742.69
TXN-66239,LNK-84560,2024-03-01,2024-03-03,1288.21,1275.26
TXN-89859,LNK-84560,2024-04-01,2024-04-06,1287.92,1280.59
TXN-79714,LNK-85972,2022-10-01,2022-09-30,1537.40,1529.45
TXN-35044,LNK-85972,2022-11-01,2022-11-02,1519.05,1513.40
TXN-69328,LNK-85972,2022-12-01,2023-01-16,1464.40, 1450.90 
TXN-59261,LNK-85972,2023-01-01,2023-01-08,1476.71,1456.21
TXN-21193,LNK-44713,2023-09-01,2023-09-23,1584.11,1530.19
TXN-83505,LNK-44713,2023-10-01,2023-11-16,1572.32,1517.03
TXN-27158,LNK-44713,2023-11-01,2023-11-29,1567.94,1515.95
TXN-51569,LNK-44713,2023-12-01,2023-12-13,1617.82,1608.73
TXN-89308,LNK-44713,2024-01-01,2024-01-01,1603.06,1602.73
TXN-36778,LNK-65303,2021-01-01,,"$2,333.50",0.00
TXN-13895,LNK-65303,2021-02-01,2021-02-07,2288.56,2254.64
TXN-81382,LNK-65303,2021-03-01,2021-03-12,2212.80,1339.42
TXN-74532,LNK-65303,2021-04-01,2021-04-01,2227.35,2216.78
TXN-77867,LNK-65303,2021-05-01,2021-05-02,2323.02,"$2,318.38"
TXN-74716,LNK-20536,2020-10-01,2020-10-10,3438.18,3391.45
TXN-83888,LNK-20536,2020-11-01,2020-11-25,3402.16,3368.85
TXN-13811,LNK-20536,2020-12-01,2020-12-03,3528.59,3459.67
TXN-88657,LNK-20536,2021-01-01,2021-01-04,3357.55,3331.31
TXN-19173,LNK-59841,2023-11-01,2023-11-08,1971.04,1968.40
TXN-33171,LNK-59841,2023-12-01,2023-11-29,1985.74,1946.48
TXN-75575,LNK-59841,2024-01-01,2024-01-13,1953.18,1952.68
TXN-20053,LNK-59841,2024-02-01,2024-02-02,2068.95,2050.72
TXN-33092,LNK-11011,2021-02-01,2021-02-03,463.07,458.15
TXN-20807,LNK-11011,2021-03-01,2021-03-03,452.01,450.62
TXN-31149,LNK-11011,2021-04-01,2021-05-16,459.25,333.20
TXN-63194,LNK-39652,2023-07-01,2023-07-09,3005.38,2974.69
TXN-38476,LNK-39652,2023-08-01,08/29/2023,3131.37,1551.90
TXN-51427,LNK-39652,2023-09-01,,3109.50,0.00
TXN-82794,LNK-39652,2023-10-01,2023-10-15,3036.85,1683.72
TXN-24634,LNK-39652,2023-11-01,2023-10-30,3075.55,3027.61
TXN-57885,LNK-10838,2025-12-01,2025-12-06,2823.18,2780.26
TXN-66928,LNK-10838,2026-01-01,2026-01-03,2808.33,2797.31
TXN-72685,LNK-46537,2026-04-01,,631.41,0.00
TXN-19825,LNK-46537,2026-05-01,2026-05-08,622.28,615.33
TXN-14404,LNK-46537,2026-06-01,,624.69,0.00
TXN-32673,LNK-46537,2026-07-01,2026-07-04,$614.62,602.67
TXN-60957,LNK-79094,2019-11-01,2019-11-08,2959.92,2933.47
TXN-32460,LNK-79094,2019-12-01,2019-12-13,2964.46,2955.32
TXN-32343,LNK-79094,2020-01-01,2020-02-19,2985.36,2903.77
TXN-52550,LNK-79094,2020-02-01,2020-02-04,3054.07,3048.90
TXN-23391,LNK-45424,2025-06-01,2025-06-05,2159.98,2145.77
TXN-89670,LNK-45424,2025-07-01,2025-09-12,2036.82,2021.45
TXN-36185,LNK-45424,2025-08-01,2025-08-02,2075.64,2073.17
TXN-35165,LNK-14104,2020-02-01,2020-02-11,2370.87,"$2,366.95"
TXN-51539,LNK-14104,2020-03-01,2020-03-03,2416.31,2374.85
TXN-64957,LNK-98754,2024-08-01,2024-07-31,"$2,565.85",2564.44
TXN-27109,LNK-98754,2024-09-01,09/02/2024,2607.11,"$2,558.02"
TXN-76517,LNK-98754,2024-10-01,2024-10-27,2520.66,750.36
TXN-47766,LNK-98754,2024-11-01,2024-11-03,2504.52,2482.33
TXN-48090,LNK-98754,2024-12-01,2025-01-08,2580.69,2513.40
TXN-40122,LNK-3552,2026-01-01,2026-01-11,670.78,663.70
TXN-73868,LNK-3552,2026-02-01,2026-02-11,690.00,685.21
TXN-98139,LNK-35663,2024-07-01,2024-07-27,1405.73,783.32
TXN-34023,LNK-35663,2024-08-01,2024-08-12,1395.47,1387.65
TXN-80924,LNK-92266,2026-04-01,2026-05-22,620.74,613.24
TXN-34064,LNK-92266,2026-05-01,2026-04-28,615.97,610.76
TXN-75542,LNK-92266,2026-06-01,NULL,607.40, 0.00 
TXN-43310,LNK-28925,2024-11-01,2024-11-04,2165.56,2153.43
TXN-13678,LNK-28925,12/01/2024,2024-12-12,2176.69,2148.17
TXN-23016,LNK-42973,2020-11-01,2020-12-07,2547.75,2426.25
TXN-31991,LNK-42973,2020-12-01,2020-11-28,2555.05,2546.99
TXN-56509,LNK-42973,2021-01-01,2021-03-01,2515.43,2487.09
TXN-27386,LNK-42973,2021-02-01,2021-02-06,2476.84,2455.82
TXN-17650,LNK-42973,2021-03-01,2021-03-03,2477.69,2441.93
TXN-44783,LNK-56885,2022-02-01,2022-03-01,"$2,488.99",2408.41
TXN-42187,LNK-56885,2022-03-01,2022-02-28,"$2,414.74",2405.33
TXN-34405,LNK-56885,2022-04-01,2022-04-13,2432.31,2394.52
TXN-16103,LNK-56885,2022-05-01,NULL,2387.07,0.00
TXN-83729,LNK-56885,2022-06-01,NULL,2414.80,0.00
TXN-19118,LNK-56885,2022-07-01,2022-07-09,2372.04,2350.11
TXN-80890,LNK-33850,2025-02-01,2025-03-11,2228.90,2206.05
TXN-30531,LNK-33850,2025-03-01,2025-04-12,2157.16,1121.74
TXN-75579,LNK-78128,2023-01-01,2022-12-29,1142.41,1142.29
TXN-95161,LNK-78128,2023-02-01,2023-02-05,1144.59,1131.09
TXN-25427,LNK-78128,2023-03-01,2023-04-23,1126.66,1085.30
TXN-30117,LNK-78128,2023-04-01,2023-04-09,1160.52,1150.97
TXN-48224,LNK-78128,2023-05-01,2023-04-29,1160.32,1157.39
TXN-73107,LNK-78128,2023-06-01,2023-05-30,1175.59,1153.73
TXN-90976,LNK-95936,2019-08-01,2019-08-01,2490.75,2459.01
TXN-62079,LNK-95936,2019-09-01,2019-09-03,2453.50,2416.35
TXN-96313,LNK-95936,2019-10-01,,2426.71,0.00
TXN-64907,LNK-95936,2019-11-01,2019-12-04,2448.69,2379.91
TXN-66497,LNK-95936,2019-12-01,2019-12-19, 2462.75 ,1394.69
TXN-96636,LNK-99882,2023-11-01,2023-11-05,1432.94,1414.55
TXN-71143,LNK-99882,2023-12-01,2023-11-29,1387.96,1379.71
TXN-77249,LNK-99882,2024-01-01,2024-01-02,1436.03,1420.18
TXN-37030,LNK-99882,2024-02-01,2024-02-10,1446.69,1418.73
TXN-13408,LNK-43421,2023-07-01,2023-08-14,995.39,498.26
TXN-35263,LNK-43421,2023-08-01,2023-08-28,992.64,984.17
TXN-22782,LNK-21632,2019-10-01,,1688.21,0.00
TXN-74250,LNK-21632,2019-11-01,2019-11-03,1712.94,1698.83
TXN-32215,LNK-21632,2019-12-01,2019-12-08,1720.55,1709.95
TXN-88215,LNK-21632,2020-01-01,2020-01-06,1714.28,1687.49
TXN-44929,LNK-21632,2020-02-01,2020-02-13,1648.71,1618.02
TXN-16580,LNK-21632,2020-03-01,2020-02-28,"$1,648.41",1629.82
TXN-90613,LNK-95489,2022-04-01,2022-05-16,1270.48,854.10
TXN-89875,LNK-95489,2022-05-01,2022-05-19,1309.78,1270.26
TXN-38318,LNK-95489,06/01/2022,2022-07-05,1300.72,798.43
TXN-72334,LNK-95489,2022-07-01,2022-08-20,1325.75,1290.33
TXN-55916,LNK-95489,2022-08-01,2022-08-10,1305.49,1296.47
TXN-20534,LNK-95489,2022-09-01,,1329.27,0.00
TXN-37933,LNK-55805,2023-11-01,2023-11-08,2132.02,2105.66
TXN-73813,LNK-55805,2023-12-01,2023-12-02,2146.56,2145.32
TXN-64508,LNK-55805,01/01/2024,2024-01-12,2152.40,2147.14
TXN-99419,LNK-55805,2024-02-01,2024-02-07,"$2,166.78",2131.17
TXN-80128,LNK-21585,02/01/2022,2022-01-31,1765.37,1736.85
TXN-43799,LNK-21585,2022-03-01,2022-03-26,1844.03,1209.23
TXN-79526,LNK-21585,2022-04-01,2022-04-12,1812.92,1803.72
TXN-24723,LNK-21585,2022-05-01,2022-05-27,1764.71,685.12
TXN-49724,LNK-21585,2022-06-01,2022-06-25,1810.23,528.06
TXN-95590,LNK-92680,10/01/2022,,3036.52, 0.00 
TXN-23331,LNK-92680,2022-11-01,2022-12-03,3152.10,1776.08
TXN-31555,LNK-92680,2022-11-01,2022-12-03,3152.10,1776.08
TXN-59911,LNK-92680,2022-12-01,,3066.49,0.00
TXN-74836,LNK-92680,2023-01-01,2023-01-24,2980.93,905.81
TXN-83840,LNK-92680,2023-02-01,,3075.78,0.00
TXN-90570,LNK-3490,2023-04-01,,2075.84,0.00
TXN-23063,LNK-3490,2023-05-01,2023-07-13,2067.46,"$1,989.92"
TXN-82956,LNK-3490,2023-06-01,2023-06-01,2095.11,2093.39
TXN-48085,LNK-3490,2023-07-01,2023-07-05,2083.59,2065.37
TXN-52773,LNK-3490,2023-08-01,2023-08-02,2070.80,2035.55
TXN-18950,LNK-3490,2023-09-01,,2128.97,0.00
TXN-91742,LNK-47388,2023-11-01,2023-12-24,1291.27,1273.89
TXN-30101,LNK-47388,2023-12-01,,1323.35,0.00
TXN-10375,LNK-47388,2024-01-01,2024-01-02,1327.98,1316.42
TXN-76683,LNK-42799,2023-03-01,2023-02-26,979.38,962.79
TXN-45627,LNK-42799,2023-04-01,2023-04-08,952.55,936.60
TXN-91470,LNK-42799,2023-05-01,05/10/2023,948.92,945.87
TXN-65908,LNK-16814,2023-03-01,2023-03-07,2746.23,2732.08
TXN-55911,LNK-16814,2023-04-01,2023-04-06,2768.71,2757.64
TXN-42733,LNK-16814,05/01/2023,2023-05-03,2799.94,2757.98
TXN-77218,LNK-46371,2020-05-01,2020-05-26,2829.88,2772.14
TXN-54037,LNK-46371,2020-06-01,2020-06-10,2872.95,2849.15
TXN-21951,LNK-46371,2020-07-01,07/06/2020,2829.49,2823.69
TXN-84708,LNK-46371,2020-08-01,,2735.03,0.00
TXN-44389,LNK-46371,2020-09-01,2020-09-11,2758.58,1756.87
TXN-15139,LNK-47531,2026-06-01,,3343.31,0.00
TXN-58917,LNK-47531,07/01/2026,2026-07-13,3226.65,3172.52
TXN-62840,LNK-24647,2023-04-01,2023-04-13,1968.20,1940.24
TXN-80722,LNK-24647,2023-05-01,2023-04-30,1969.62,1959.65
TXN-48014,LNK-24647,2023-06-01,2023-05-30,1988.71,1985.29
TXN-99573,LNK-24647,2023-07-01,2023-07-11,2045.49,2016.55
TXN-55480,LNK-49353,2020-05-01,2020-05-08,2783.78,2781.36
TXN-93076,LNK-49353,2020-06-01,2020-06-02,2836.10,2835.42
TXN-86278,LNK-49353,07/01/2020,2020-08-19,2762.29,2747.01
TXN-38063,LNK-62694,2026-04-01,2026-04-10,2513.29,2494.71
TXN-43053,LNK-62694,2026-05-01,2026-07-04,2417.22,2333.14
TXN-17144,LNK-62694,2026-06-01,06/08/2026,2437.00,2401.54
TXN-23006,LNK-90192,2023-04-01,2023-04-11,2355.97,2326.81
TXN-16161,LNK-90192,2023-05-01,2023-05-09,2366.32,"$2,327.62"
TXN-70528,LNK-90192,2023-06-01,2023-08-09,2244.11,2207.45
TXN-57654,LNK-52543,2019-12-01,2019-12-04,970.57,970.06
TXN-32884,LNK-52543,2020-01-01,2020-01-08,972.81,956.17
TXN-81932,LNK-40857,2019-10-01,2019-11-02,597.39,571.87
TXN-69348,LNK-40857,2019-11-01,2019-11-11,624.31,620.35
TXN-89740,LNK-34352,2024-03-01,2024-04-24,1309.38,1305.89
TXN-90897,LNK-34352,2024-04-01,2024-06-01,1319.32,1260.85
TXN-72107,LNK-34352,2024-05-01,07/04/2024,1278.16,1244.63
TXN-31573,LNK-7582,2020-10-01,2020-11-09,684.17,286.74
TXN-28244,LNK-7582,2020-11-01,2020-11-03,704.58,702.00
TXN-54522,LNK-7582,2020-12-01,2020-12-11,675.00,671.89
TXN-71944,LNK-7582,2021-01-01,2021-01-11,697.97,692.18
TXN-96312,LNK-7582,2021-02-01,2021-01-29,678.92,676.80
TXN-52058,LNK-96782,2021-11-01,2021-11-04,2894.26,2873.01
TXN-16201,LNK-96782,2021-12-01,,3026.86,0.00
TXN-26876,LNK-96782,2022-01-01,2021-12-30,2981.96,2925.56
TXN-32898,LNK-96782,2022-02-01,2022-01-29,3008.91,2999.37
TXN-54082,LNK-96782,2022-03-01,2022-02-27,2908.68,2883.51
TXN-90871,LNK-56392,2019-05-01,2019-05-08,3520.59,2240.68
TXN-42570,LNK-56392,2019-06-01,2019-06-13,3541.79,3507.20
TXN-25420,LNK-56392,2019-07-01,2019-07-07,3420.19,1651.07
TXN-96781,LNK-82609,2023-09-01,2023-09-07,2744.55,2743.24
TXN-30513,LNK-82609,2023-10-01,2023-10-26,2737.47,925.52
TXN-34202,LNK-82609,2023-11-01,2023-11-09,2653.99,2649.87
TXN-72247,LNK-82609,2023-12-01,2023-12-05,2753.28,2726.31
TXN-71634,LNK-82609,2023-12-01,2023-12-05,2753.28,2726.31
TXN-32117,LNK-82609,2024-01-01,2023-12-31,2616.55,2580.82
TXN-58866,LNK-82609,2024-02-01,,2657.41,0.00
TXN-45268,LNK-58850,2026-03-01,2026-03-19,1588.40,1537.54
TXN-47413,LNK-58850,2026-04-01,,1564.40,0.00
TXN-98794,LNK-58850,2026-05-01,2026-04-30,1568.74,1559.22
TXN-84724,LNK-4248,2021-03-01,2021-03-06,1690.79,1683.70
TXN-57936,LNK-4248,2021-04-01,2021-04-02,1640.32,1640.24
TXN-24010,LNK-4248,2021-04-01,2021-04-02,1640.32,1640.24
TXN-51267,LNK-4248,2021-05-01,2021-04-29,1691.61,1668.34
TXN-91945,LNK-4248,2021-06-01,2021-06-06,1618.17,1590.78
TXN-11557,LNK-4248,2021-07-01,2021-07-02,1688.96,434.53
TXN-90111,LNK-4248,2021-07-01,2021-07-02,1688.96,434.53
TXN-42410,LNK-4248,2021-08-01,2021-08-01,1674.04,1672.51
TXN-99253,LNK-52712,04/01/2022,2022-04-12,1862.08,1851.93
TXN-11751,LNK-52712,05/01/2022,2022-04-29,1896.12,1867.85
TXN-69366,LNK-61637,2021-06-01,2021-06-04,904.84,903.50
TXN-85572,LNK-61637,2021-07-01,2021-07-16,$905.97,877.48
TXN-51575,LNK-61637,2021-08-01,2021-08-09,951.24,941.72
TXN-81547,LNK-91476,11/01/2024,,541.37,$0.00
TXN-27368,LNK-91476,2024-12-01,,554.56,0.00
TXN-53291,LNK-2607,2022-07-01,,3885.74,0.00
TXN-42946,LNK-2607,2022-08-01,2022-08-01,3770.94,3722.85
TXN-66091,LNK-49843,2023-04-01,05/07/2023,684.88,423.03
TXN-71527,LNK-49843,2023-05-01,2023-05-12,690.39,684.59
TXN-67712,LNK-49843,2023-06-01,07/22/2023,693.59,662.58
TXN-29465,LNK-49843,2023-07-01,2023-08-01,680.92,221.13
TXN-41158,LNK-20442,2021-09-01,2021-09-01,2128.46,2108.10
TXN-91098,LNK-20442,2021-10-01,2021-10-03,2091.87,2066.26
TXN-59173,LNK-20442,2021-11-01,2021-11-10,2182.67,"$2,145.24"
TXN-67898,LNK-20442,2021-12-01,2021-12-01,2108.79,2090.88
TXN-97420,LNK-20442,2022-01-01,,2138.26,0.00
TXN-73562,LNK-99655,2025-12-01,2025-12-05,2550.01,2506.76
TXN-78178,LNK-99655,2026-01-01,2025-12-29,2498.32,"$2,465.09"
TXN-35069,LNK-99655,2026-02-01,2026-03-12,2492.18,2397.03
TXN-83863,LNK-73616,2026-06-01,2026-05-29,1862.76,1825.87
TXN-11433,LNK-73616,2026-07-01,NULL,1940.26,0.00
TXN-68170,LNK-75140,2025-02-01,2025-02-07,1555.58,1041.54
TXN-79967,LNK-75140,2025-02-01,2025-02-07,1555.58,1041.54
TXN-51856,LNK-75140,2025-03-01,2025-04-04,1567.67,1512.58
TXN-20550,LNK-75140,2025-04-01,,1559.58,0.00
TXN-63361,LNK-82205,2020-03-01,2020-03-10,7701.65, 7653.03 
TXN-36419,LNK-82205,2020-04-01,2020-04-07,7336.65,7221.94
TXN-81234,LNK-82205,2020-05-01,2020-06-26,7354.97,7331.77
TXN-10586,LNK-82205,2020-06-01,2020-07-04,7599.71,"$4,948.15"
TXN-62515,LNK-82205,2020-07-01,2020-08-05,7634.51,7542.26
TXN-65864,LNK-21932,2022-01-01,2022-01-10,2693.66,2677.04
TXN-33726,LNK-21932,2022-02-01,2022-02-08,2668.53,2662.21
TXN-62997,LNK-21932,2022-03-01,2022-03-01,2615.74,2604.47
TXN-73285,LNK-21932,2022-04-01,2022-06-06,2646.67,2542.83
TXN-91463,LNK-21932,2022-05-01,2022-05-04,2769.05,2733.39
TXN-49181,LNK-21932,2022-06-01,2022-06-08,2631.96,2614.16
TXN-11706,LNK-53757,08/01/2019,2019-07-31,8278.85,8213.69
TXN-89807,LNK-53757,2019-09-01,,8334.65,0.00
TXN-85805,LNK-53757,2019-10-01,2019-10-12,8449.43,8411.22
TXN-15040,LNK-53757,2019-11-01,2019-11-09,8694.48,8599.16
TXN-70160,LNK-42436,2019-02-01,2019-02-08,4470.43,4463.30
TXN-37344,LNK-42436,2019-03-01,2019-03-16,4472.50,4432.14
TXN-71177,LNK-42436,04/01/2019,,4449.11,0.00
TXN-27855,LNK-42436,2019-05-01,2019-05-10,4543.50,4534.21
TXN-32259,LNK-42436,2019-06-01,2019-06-01,4324.90,4308.93
TXN-90907,LNK-27794,2025-09-01,2025-09-03,988.43,975.67
TXN-24596,LNK-27794,2025-10-01,2025-10-10,1008.93,$991.13
TXN-75474,LNK-27794,2025-11-01,2026-01-15,1028.66,1017.62
TXN-61140,LNK-27794,2025-12-01,,990.36,0.00
TXN-45942,LNK-27794,2026-01-01,2025-12-30,992.23,989.47
TXN-79836,LNK-89117,2024-06-01,2024-06-13,1421.82,366.06
TXN-11968,LNK-89117,2024-07-01,2024-07-13,1402.47,1377.04
TXN-38508,LNK-89117,2024-08-01,2024-08-12,1426.66,1425.60
TXN-62424,LNK-89117,2024-09-01,2024-09-22,1350.38,1296.75
TXN-19033,LNK-89117,2024-10-01,,1354.57,0.00
TXN-47448,LNK-89117,2024-11-01,2025-01-13,1394.09,1392.98
TXN-93154,LNK-84810,2020-05-01,2020-05-11,2783.62,2773.54
TXN-97534,LNK-84810,2020-06-01,,2938.40,0.00
TXN-56640,LNK-84810,2020-07-01,2020-07-13,2771.97,2750.87
TXN-49807,LNK-84810,2020-08-01,2020-09-22,2865.96,2761.77
TXN-42877,LNK-84810,2020-09-01,2020-08-30,2923.59,2888.17
TXN-13326,LNK-61562,2026-06-01,,2829.95,0.00
TXN-98975,LNK-61562,2026-07-01,2026-07-06,2806.52,2760.51
TXN-33895,LNK-59292,2020-09-01,2020-09-01,1193.96,1179.07
TXN-88000,LNK-59292,2020-10-01,2020-10-10,1191.98,1174.25
TXN-20464,LNK-59292,2020-11-01,2020-12-10,1201.62,1151.40
TXN-90143,LNK-59292,2020-12-01,12/05/2020,1147.80,1124.99
TXN-57456,LNK-35283,2026-05-01,2026-05-26,2549.68,2532.71
TXN-60112,LNK-35283,2026-06-01,2026-06-28,2454.13,2369.78
TXN-53630,LNK-35283,2026-07-01,2026-07-05,2578.52,2530.39
TXN-12533,LNK-75364,2021-06-01,2021-06-11,3295.56,3262.31
TXN-97201,LNK-75364,2021-07-01,,3285.63,0.00
TXN-52584,LNK-75364,2021-08-01,2021-08-02,3231.25,3173.89
TXN-78496,LNK-75364,2021-09-01,2021-08-30,3296.14,3255.41
TXN-46801,LNK-49689,2022-03-01,2022-03-07,2170.94,2133.01
TXN-83453,LNK-49689,2022-04-01,04/28/2022,2189.02,2096.10
TXN-49420,LNK-49689,2022-05-01,2022-05-29,2090.97,2055.68
TXN-19298,LNK-84746,2024-07-01,2024-07-22,1818.91,736.19
TXN-93781,LNK-84746,2024-08-01,2024-08-02,1840.34,1822.19
TXN-45558,LNK-48619,2026-01-01,2026-01-02,620.94, 609.95 
TXN-84793,LNK-48619,02/01/2026,2026-01-29,607.58,606.37
TXN-33540,LNK-48619,2026-03-01,2026-04-28,598.39,576.87
TXN-26617,LNK-48619,04/01/2026,2026-04-26,600.82,152.38
TXN-80483,LNK-48619,2026-05-01,2026-05-05,600.46,600.28
TXN-39349,LNK-48619,2026-06-01,2026-06-01,601.83,595.23
TXN-52993,LNK-16655,2021-01-01,2021-01-08,2214.61,2206.97
TXN-62631,LNK-16655,2021-02-01,2021-02-04,"$2,300.27",2267.13
TXN-14449,LNK-16655,2021-03-01,2021-04-25,2302.36,2276.48
TXN-27532,LNK-68952,2022-08-01,2022-07-30,3307.29,"$3,255.36"
TXN-27672,LNK-68952,2022-09-01,2022-09-10,3271.60,3251.12
TXN-87774,LNK-68952,2022-10-01,2022-12-01,3233.42,3174.23
TXN-40684,LNK-68952,2022-11-01,2022-11-13,3201.73,3158.18
TXN-56728,LNK-68952,2022-12-01,2022-12-29,3259.56,1441.47
TXN-18393,LNK-8861,2024-11-01,2024-11-02,1206.16,1187.61
TXN-20748,LNK-8861,2024-12-01,2024-12-18,1260.13,463.31
TXN-96923,LNK-82490,2021-08-01,2021-08-07,5958.51,5859.85
TXN-73911,LNK-82490,2021-09-01,2021-09-23,5760.17,1672.78
TXN-49329,LNK-26430,2021-07-01,2021-07-01,2140.77,2110.40
TXN-76985,LNK-26430,2021-08-01,2021-08-23,2175.15,2136.42
TXN-93196,LNK-26430,2021-09-01,2021-09-06,2075.10,2039.71
TXN-63232,LNK-50236,2023-11-01,,1150.66,0.00
TXN-34822,LNK-50236,2023-12-01,2023-12-05,1133.75,1128.45
TXN-64463,LNK-50236,2024-01-01,2024-02-11, 1150.21 ,1100.90
TXN-91480,LNK-50236,2024-02-01,2024-02-13,1112.84,1093.76
TXN-41805,LNK-50236,03/01/2024,2024-03-16,1133.84,1097.29
TXN-80821,LNK-74249,2025-12-01,2025-12-19,3315.66,1923.02
TXN-16053,LNK-74249,2026-01-01,2026-01-06,3237.68,3192.98
TXN-55890,LNK-74249,2026-02-01,2026-02-12,3314.52,3266.93
TXN-80632,LNK-74249,2026-03-01,,3314.50,0.00
TXN-43185,LNK-93908,2023-10-01,2023-10-31,1864.28,1187.82
TXN-61336,LNK-93908,2023-11-01,2023-11-02,1933.12,1912.58
TXN-14360,LNK-93908,2023-12-01,2024-02-07,1916.47,1914.86
TXN-72203,LNK-44404,2023-08-01,2023-08-09,624.25,612.87
TXN-10782,LNK-44404,2023-09-01,2023-09-11,633.01,622.50
TXN-96653,LNK-56448,2023-10-01,2023-10-03,2363.17,2358.30
TXN-44453,LNK-56448,2023-11-01,2023-11-08,2437.40,2431.60
TXN-39997,LNK-56448,2023-12-01,2023-12-02,2447.41,2425.86
TXN-54208,LNK-56448,2024-01-01,2024-01-07,2370.62,2347.20
TXN-97892,LNK-50441,2020-06-01,2020-06-11,934.77,931.03
TXN-23750,LNK-50441,2020-07-01,2020-07-07,937.37,927.91
TXN-73823,LNK-50441,2020-08-01,08/09/2020,931.65,288.85
TXN-59097,LNK-50441,2020-09-01,2020-09-03,901.90,892.05
TXN-89460,LNK-50441,2020-10-01,2020-09-28,923.06,910.03
TXN-35095,LNK-50441,2020-11-01,2020-11-03,917.45,902.21
TXN-20536,LNK-43714,2025-02-01,2025-03-17,6382.06,4366.12
TXN-67348,LNK-43714,2025-03-01,,6618.72,0.00
TXN-31037,LNK-43714,2025-04-01,2025-04-02,6703.51,6584.95
TXN-65324,LNK-43714,2025-05-01,2025-06-10,"$6,659.48",3913.53
TXN-18576,LNK-43714,2025-06-01,2025-05-30,6550.74,6465.80
TXN-14373,LNK-10359,2020-09-01,2020-09-06,3107.12,"$1,775.16"
TXN-98256,LNK-10359,2020-10-01,2020-09-29,3172.91,3134.40
TXN-44440,LNK-52116,2019-03-01,,"$2,441.91",0.00
TXN-52808,LNK-52116,2019-04-01,2019-03-30,2459.52,"$2,441.04"
TXN-62041,LNK-52116,2019-05-01,2019-05-05,2526.44,2488.01
TXN-36343,LNK-52116,2019-06-01,2019-06-01,2528.71,2517.44
TXN-94542,LNK-52116,2019-07-01,2019-07-04,2503.84,2487.04
TXN-20014,LNK-52116,2019-08-01,2019-08-05,2534.71,2517.87
TXN-42892,LNK-99007,2025-07-01,2025-07-06,2357.02,2342.46
TXN-68570,LNK-99007,2025-08-01,2025-08-25,2347.74,1715.21
TXN-99413,LNK-99007,2025-09-01,2025-08-31,2361.03,2345.81
TXN-87550,LNK-99007,2025-10-01,2025-10-01,2341.55,2318.17
TXN-62044,LNK-99007,2025-11-01,2025-11-03,2261.25,2250.75
TXN-23629,LNK-99007,2025-12-01,,2333.77,0.00
TXN-33533,LNK-98609,2024-07-01,2024-07-20,3673.67,3602.71
TXN-65290,LNK-98609,2024-08-01,2024-08-10,3801.71,3728.12
TXN-54006,LNK-98609,2024-09-01,2024-09-13,3799.83,3747.60
TXN-16572,LNK-98609,2024-10-01,2024-11-01,3728.24,2120.00
TXN-79149,LNK-37512,2020-10-01,2020-10-11,1005.49,996.41
TXN-80179,LNK-37512,2020-11-01,2020-10-30,968.02,963.78
TXN-89781,LNK-37512,2020-12-01,2021-01-10,954.08,329.17
TXN-89352,LNK-37512,2021-01-01,2021-01-12,997.19,990.65
TXN-73745,LNK-99717,2020-12-01,2020-11-30,5729.90,5643.95
TXN-57207,LNK-99717,2021-01-01,2021-01-13,5480.24,"$5,376.67"
TXN-53910,LNK-99717,2021-02-01,2021-02-25,5526.57,2421.75
TXN-76274,LNK-99717,2021-03-01,NULL,5548.19,0.00
TXN-51946,LNK-99717,2021-04-01,2021-05-23,5504.15,5455.14
TXN-35495,LNK-43823,2019-04-01,2019-04-02,3542.38,3499.26
TXN-71963,LNK-43823,2019-05-01,2019-05-05,3557.09,3537.99
TXN-87390,LNK-43823,2019-06-01,2019-06-09,3705.96,3686.51
TXN-88784,LNK-43823,2019-07-01,2019-08-25,3676.95,3614.72
TXN-97380,LNK-43823,2019-08-01,2019-08-05,3575.03,3505.51
TXN-72504,LNK-43823,09/01/2019,2019-09-05,3528.39,3515.68
TXN-80631,LNK-69327,2025-11-01,2025-11-06,3737.36,3664.44
TXN-77040,LNK-69327,2025-12-01,2025-12-17,3659.98,997.36
TXN-20658,LNK-69327,2026-01-01,2026-01-28,3699.97,1861.28
TXN-65817,LNK-69327,2026-02-01,03/13/2026,3773.12,1354.13
TXN-64952,LNK-69327,2026-03-01,2026-02-26,3613.36,3542.77
TXN-77497,LNK-4804,2026-02-01,2026-02-13,3132.01,3077.48
TXN-93223,LNK-4804,2026-03-01,2026-03-01,3090.82,3048.85
TXN-15655,LNK-4804,2026-04-01,2026-04-04,3100.96,3064.25
TXN-91774,LNK-4804,2026-05-01,,3094.96,0.00
TXN-63039,LNK-4804,2026-06-01,2026-06-12,3073.36,3020.58
TXN-53257,LNK-4804,2026-07-01,,3143.63,0.00
TXN-20230,LNK-79370,2022-02-01,2022-02-02,2031.92,2031.41
TXN-23747,LNK-79370,2022-03-01,2022-03-10,2017.07,1998.61
TXN-85283,LNK-79370,2022-04-01,2022-06-07,1995.96,1902.14
TXN-81982,LNK-79370,2022-05-01,2022-05-07,2037.01,2019.56
TXN-76502,LNK-79370,2022-06-01,2022-07-11,2054.39,570.67
TXN-82572,LNK-90381,2021-01-01,2021-01-03,7856.34,7759.71
TXN-68377,LNK-90381,2021-02-01,,7608.90,0.00
TXN-47464,LNK-7629,2022-07-01,2022-08-26,2536.82,2458.33
TXN-94401,LNK-7629,2022-08-01,2022-08-11,2540.46,2508.34
TXN-49681,LNK-7629,2022-09-01,2022-09-03,2655.18,2648.16
TXN-72229,LNK-7629,2022-10-01,2022-10-13,2529.16,2479.84
TXN-35446,LNK-7629,2022-11-01,2022-11-13, 2547.67 ,1078.47
TXN-33683,LNK-7629,2022-12-01,2022-12-13,2559.51,2528.22
TXN-20944,LNK-83213,2024-11-01,2024-12-17,2834.51,2748.53
TXN-72221,LNK-83213,2024-12-01,2024-12-11,2833.86,2818.37
TXN-93944,LNK-83213,2025-01-01,2025-01-09,2862.87,2816.33
TXN-69321,LNK-83213,2025-02-01,2025-02-10,2832.30,2815.23
TXN-76697,LNK-83213,2025-03-01,2025-03-12,2774.60,"$2,745.06"
TXN-52328,LNK-80593,2025-08-01,2025-08-11,1237.10,1234.00
TXN-48453,LNK-80593,2025-09-01,2025-09-07,1257.98,1256.30
TXN-51687,LNK-96829,2021-04-01,2021-03-29,1564.26,1563.99
TXN-70473,LNK-96829,2021-05-01,2021-05-06,1561.20,1559.93
TXN-47378,LNK-71617,2024-12-01,2024-12-17,7243.75,3625.50
TXN-72522,LNK-71617,2025-01-01,2025-01-12,6944.63,6828.78
TXN-99355,LNK-71617,2025-02-01,2025-02-03,7063.91,6986.93
TXN-70574,LNK-86215,2024-08-01,2024-09-25,2085.31,2038.27
TXN-13060,LNK-86215,2024-09-01,,2067.83,0.00
TXN-62012,LNK-81658,2023-08-01,2023-07-29,476.73,472.09
TXN-15198,LNK-81658,2023-09-01,2023-10-04,485.91,352.80
TXN-78277,LNK-18172,2025-07-01,2025-07-12,963.85,962.47
TXN-93587,LNK-18172,2025-08-01,2025-08-02,1009.45,1009.26
TXN-54809,LNK-18172,2025-09-01,2025-10-26,992.08,978.51
TXN-54471,LNK-18172,2025-10-01,2025-11-13,1003.61,961.00
TXN-82366,LNK-18172,2025-11-01,,1019.38,0.00
TXN-76521,LNK-18172,2025-12-01,2025-12-01,1021.05,1007.89
TXN-97797,LNK-27144,2024-12-01,2024-12-03,2575.16,2549.71
TXN-35010,LNK-27144,2025-01-01,2025-01-17,2560.62,2455.57
TXN-50902,LNK-18961,2026-06-01,2026-06-02,1668.94,641.74
TXN-80817,LNK-18961,2026-07-01,2026-07-09,1598.55,1568.60
TXN-58922,LNK-92917,2023-09-01,,1259.67,0.00
TXN-64288,LNK-92917,2023-10-01,10/12/2023,1257.76,1249.68
TXN-47169,LNK-92917,2023-11-01,2023-11-12,1274.21,1256.92
TXN-40361,LNK-94718,2021-03-01,2021-02-28,863.55,859.34
TXN-31840,LNK-94718,2021-04-01,2021-04-11,836.07,826.65
TXN-71132,LNK-94718,2021-05-01,2021-05-01,870.74,865.79
TXN-57863,LNK-94718,2021-06-01,06/13/2021,843.38,828.17
TXN-50393,LNK-94718,2021-07-01,2021-07-18,847.63,809.80
TXN-20787,LNK-94718,2021-08-01,2021-08-07,886.03,868.83
TXN-19297,LNK-14425,2019-12-01,2019-12-11,2597.83,2589.51
TXN-52172,LNK-14425,2020-01-01,2020-01-30,2575.28,694.29
TXN-65808,LNK-14425,2020-02-01,2020-02-11,2616.42,2609.91
TXN-57694,LNK-90687,2024-02-01,2024-02-11,5507.64,5461.93
TXN-29704,LNK-90687,2024-03-01,2024-03-04,5495.55, 1679.51 
TXN-71968,LNK-90687,2024-04-01,2024-03-30,5523.45,5480.52
TXN-37684,LNK-90687,2024-04-01,2024-03-30,5523.45,5480.52
TXN-69499,LNK-90687,2024-05-01,07/11/2024,5443.63,"$5,366.51"
TXN-16719,LNK-90687,2024-06-01,2024-06-05,5518.59,5460.08
TXN-21068,LNK-16866,2024-09-01,09/11/2024,686.97,680.79
TXN-94205,LNK-16866,2024-10-01,,672.41,0.00
TXN-55125,LNK-16866,2024-11-01,2024-11-02,658.70,652.91
TXN-60176,LNK-16866,2024-12-01,2024-12-12,687.66,$682.39
TXN-31214,LNK-12253,2019-02-01,2019-04-15,2028.61,1949.35
TXN-61084,LNK-12253,2019-03-01,2019-02-26,1989.95,1988.22
TXN-62553,LNK-12253,2019-04-01,2019-03-30,2015.03,1981.97
TXN-91785,LNK-12253,2019-05-01,2019-04-29,2024.19,1992.15
TXN-83988,LNK-71748,2025-03-01,2025-03-21,3307.37,3143.08
TXN-80486,LNK-71748,2025-04-01,2025-06-15,3256.57,3194.83
TXN-20652,LNK-71748,2025-05-01,2025-07-15,3271.08,3184.09
TXN-80756,LNK-71748,2025-06-01,2025-06-10,3258.83,1220.53
TXN-17449,LNK-16376,2023-09-01,2023-10-31,6450.01,6137.30
TXN-58162,LNK-16376,2023-10-01,2023-10-12,6541.92,6457.53
TXN-26486,LNK-93260,2023-01-01,2022-12-29,2434.33,2426.65
TXN-69060,LNK-93260,2023-02-01,2023-02-05,2430.50,1064.19
TXN-87055,LNK-54843,2020-10-01,10/08/2020,1540.82,1510.63
TXN-29591,LNK-54843,2020-11-01,2021-01-15,1565.87,"$1,551.83"
TXN-13475,LNK-54843,2020-12-01,2021-02-04,"$1,576.76",1567.43
TXN-15909,LNK-54843,2021-01-01,2020-12-31,1583.65,1579.10
TXN-83172,LNK-81460,2019-08-01,2019-08-05,884.53,882.83
TXN-52694,LNK-81460,2019-09-01,2019-09-13,862.32,848.35
TXN-43402,LNK-81460,2019-10-01,2019-10-02,874.93,862.51
TXN-62172,LNK-81460,2019-11-01,2019-11-10,872.16,446.88
TXN-41216,LNK-33435,2025-06-01,2025-06-12,944.41,932.71
TXN-23361,LNK-33435,2025-07-01,2025-07-29,948.80,919.62
TXN-65360,LNK-48381,2026-05-01,2026-05-01,1171.89,1166.78
TXN-46383,LNK-48381,2026-06-01,05/29/2026,1201.55,1180.95
TXN-63616,LNK-48381,2026-07-01,,1168.90,0.00
TXN-15121,LNK-73420,2025-01-01,2025-01-12,1496.70,626.10
TXN-62392,LNK-73420,2025-02-01,,1448.43,0.00
TXN-99945,LNK-73420,2025-03-01,2025-03-04,1496.40,767.18
TXN-62668,LNK-73420,2025-04-01,2025-04-29,1417.75,1371.67
TXN-93176,LNK-80516,2026-04-01,2026-05-03,2563.21,1693.53
TXN-50509,LNK-80516,2026-05-01,2026-05-09,2534.98,2499.75
TXN-83941,LNK-80516,2026-06-01,, 2480.77 ,0.00
TXN-36341,LNK-80516,2026-07-01,2026-07-03,2555.94,2536.26
TXN-31057,LNK-37342,2024-08-01,2024-08-07,2396.03,2359.22
TXN-41293,LNK-37342,2024-09-01,2024-11-14,2423.36,2400.01
TXN-73550,LNK-37342,2024-10-01,2024-10-11,2411.91,2388.87
TXN-53873,LNK-9564,2023-11-01,2023-11-11,2487.49,2439.44
TXN-53115,LNK-9564,2023-12-01,2023-11-30,2399.92,2360.03
TXN-80612,LNK-78354,2023-05-01,05/07/2023,3995.55,3978.46
TXN-37602,LNK-78354,2023-06-01,2023-06-12,3932.95,3918.17
TXN-77533,LNK-31005,2026-04-01,2026-04-05,3555.62,3538.69
TXN-78251,LNK-31005,05/01/2026,,"$3,460.72",0.00
TXN-36430,LNK-31005,2026-06-01,2026-06-08,3378.61,3377.18
TXN-39474,LNK-31005,2026-07-01,07/12/2026,3492.82,3472.30
TXN-39718,LNK-53227,2025-12-01,2025-12-06,571.60,562.24
TXN-95711,LNK-53227,2026-01-01,2025-12-31,573.14,$565.31
TXN-21652,LNK-53227,2026-02-01,2026-02-09,561.17,551.43
TXN-44527,LNK-53227,2026-03-01,2026-04-10,549.43,543.90
TXN-86211,LNK-53227,2026-04-01,2026-04-03,556.87,550.24
TXN-42636,LNK-53227,2026-05-01,2026-07-08,549.03,529.55
TXN-95309,LNK-96339,2023-02-01,2023-02-01,2078.52,2066.17
TXN-30272,LNK-96339,2023-03-01,2023-03-28,2022.24,1950.96
TXN-56878,LNK-96339,2023-04-01,2023-04-11,2029.76,2026.99
TXN-47437,LNK-96339,2023-05-01,2023-05-09,1999.48,1977.66
TXN-77006,LNK-96339,2023-06-01,2023-06-09,2025.76,1992.05
TXN-52558,LNK-31518,2020-04-01,2020-04-12,1225.83,1204.39
TXN-85754,LNK-31518,2020-05-01,2020-05-09,1258.30,1253.76
TXN-99887,LNK-31518,2020-06-01,2020-06-01,1271.58,1246.23
TXN-31572,LNK-31518,2020-07-01,07/21/2020,1234.46,497.16
TXN-75758,LNK-27090,2020-06-01,2020-06-04,1326.02,1307.17
TXN-92598,LNK-27090,2020-07-01,2020-07-03,1312.91,1296.28
TXN-32787,LNK-27090,2020-08-01,2020-08-09,1356.47,1336.79
TXN-11046,LNK-27090,2020-09-01,2020-09-08,1310.70,1296.40
TXN-61617,LNK-27090,2020-10-01,2020-10-09,1315.52,1310.57
TXN-66313,LNK-27090,2020-11-01,2020-11-19,1346.90,1289.96
TXN-66986,LNK-68999,2025-07-01,2025-09-14,2667.62,2555.39
TXN-52188,LNK-68999,2025-08-01,2025-10-04,2716.77,2654.10
TXN-37215,LNK-82167,2024-08-01,2024-08-02,1789.15,1784.85
TXN-43906,LNK-82167,2024-09-01,2024-08-30,1766.22,1745.69
TXN-75535,LNK-82167,2024-10-01,2024-12-10,1736.83,1669.01
TXN-90025,LNK-16907,2025-03-01,NULL,"$2,301.24",0.00
TXN-68780,LNK-16907,2025-04-01,2025-06-03,2401.83, 2396.09 
TXN-21490,LNK-16907,2025-05-01,2025-05-19,2299.94,2270.28
TXN-14582,LNK-16907,2025-06-01,2025-06-10,2397.55,2395.03
TXN-84369,LNK-31217,2022-07-01,2022-07-07,1683.27,1669.53
TXN-12787,LNK-31217,2022-08-01,2022-08-13,1666.03,1639.40
TXN-12810,LNK-31217,2022-09-01,2022-09-23,1722.92,1711.66
TXN-29877,LNK-9851,2024-07-01,,2963.20,0.00
TXN-80376,LNK-9851,2024-08-01,2024-07-31,2947.56,2923.96
TXN-20803,LNK-9851,2024-09-01,2024-11-04,2850.66,2801.87
TXN-10015,LNK-7380,2024-03-01,2024-02-28,837.18,824.92
TXN-15144,LNK-7380,2024-04-01,2024-05-15,847.78,340.44
TXN-12567,LNK-7380,2024-05-01,2024-05-10,873.39,869.07
TXN-36899,LNK-7380,2024-06-01,2024-05-31,848.95,844.12
TXN-31994,LNK-7380,2024-07-01,2024-06-29,836.22,835.41
TXN-64805,LNK-79269,2023-10-01,2023-10-03,3839.45,3794.13
TXN-62322,LNK-79269,2023-11-01,01/10/2024,3897.77,3768.84
TXN-63654,LNK-79269,2023-12-01,2023-12-01,3839.24,3764.99
TXN-21801,LNK-22802,2022-04-01,2022-04-11,2346.99,2312.33
TXN-71144,LNK-22802,2022-05-01,,2358.44,0.00
TXN-83495,LNK-43291,2026-05-01,2026-05-02,2810.61,2762.32
TXN-11714,LNK-43291,06/01/2026,NULL,2824.29,0.00
TXN-76601,LNK-43291,2026-07-01,,2934.24,0.00
TXN-77034,LNK-45444,2020-07-01,09/12/2020,3263.44,3207.66
TXN-63220,LNK-45444,2020-08-01,,3275.66,0.00
TXN-43662,LNK-45444,2020-09-01,2020-09-08,3194.80,"$3,191.57"
TXN-50427,LNK-45444,2020-10-01,2020-10-05,3338.72,3278.93
TXN-91912,LNK-45444,2020-11-01,2020-11-12,3269.45,3264.48
TXN-86067,LNK-77106,2023-05-01,2023-05-03,1483.55,1456.92
TXN-19109,LNK-77106,2023-06-01,2023-07-29,1433.22,1426.85
TXN-61312,LNK-55460,2019-10-01,2019-11-30,488.88,476.26
TXN-28827,LNK-55460,2019-11-01,2019-11-01,482.83,480.65
TXN-74773,LNK-55460,2019-12-01,2019-11-29,485.86,478.10
TXN-73735,LNK-55460,2020-01-01,,480.64,0.00
TXN-64262,LNK-86191,2022-11-01,2022-11-09,1983.12,1974.30
TXN-55309,LNK-86191,2022-12-01,2022-12-22,1957.94,1936.00
TXN-10461,LNK-86191,2023-01-01,2023-03-10,1962.29,1877.52
TXN-29361,LNK-29785,2026-03-01,2026-03-07,1473.87,1452.74
TXN-89811,LNK-29785,2026-04-01,2026-03-31,1501.19,1477.37
TXN-48666,LNK-29785,05/01/2026,2026-04-28,1482.15,1465.43
TXN-31208,LNK-29785,2026-06-01,2026-06-08,"$1,553.60",1529.14
TXN-56461,LNK-29785,2026-07-01,2026-07-13,1562.50,1532.13
TXN-18182,LNK-90514,2024-06-01,2024-05-29,588.46,578.87
TXN-21151,LNK-90514,2024-07-01,2024-09-08,582.79,557.42
TXN-30202,LNK-90514,2024-08-01,2024-08-05,586.20,585.66
TXN-27447,LNK-90514,2024-09-01,2024-09-08,563.82,560.58
TXN-85221,LNK-90514,2024-10-01,2024-09-30,588.68,577.62
TXN-25260,LNK-63518,2023-02-01,2023-02-07,1705.99,1674.01
TXN-57389,LNK-63518,2023-03-01,2023-05-06,1713.98,1664.62
TXN-36388,LNK-63518,2023-04-01,,1655.35,0.00
TXN-58290,LNK-63518,2023-05-01,2023-05-02,1728.75,1717.08
TXN-36576,LNK-44874,2021-05-01,2021-06-19,2294.04,2229.64
TXN-69835,LNK-44874,2021-06-01,2021-06-07,2321.92,2318.32
TXN-52951,LNK-44874,2021-07-01,2021-07-10,2247.76,2229.61
TXN-86741,LNK-44874,2021-08-01,,2243.75,0.00
TXN-30482,LNK-44874,2021-09-01,2021-09-08,2259.43,2220.77
TXN-73065,LNK-35795,2025-08-01,,2151.73,0.00
TXN-19572,LNK-35795,2025-09-01,2025-10-12,2262.67,2224.40
TXN-87639,LNK-35795,2025-10-01,2025-10-12,2210.72,2184.68
TXN-70817,LNK-35795,2025-11-01,2025-11-01,2189.79,603.13
TXN-61790,LNK-32584,2025-01-01,2025-01-01,6793.42,6711.93
TXN-61691,LNK-32584,2025-02-01,2025-02-05,6961.97,6891.81
TXN-25237,LNK-32584,2025-03-01,2025-04-02,6918.45,6804.44
TXN-59278,LNK-32584,2025-04-01,2025-04-13,6684.72,6556.73
TXN-31917,LNK-32584,2025-05-01,2025-04-28,6790.97,6687.53
TXN-47831,LNK-7522,2023-09-01,2023-09-13,1556.26,1526.82
TXN-27864,LNK-7522,2023-10-01,2023-10-13,1600.92,1585.16
TXN-89434,LNK-30444,2021-03-01,2021-03-06,"$3,225.25",3224.75
TXN-34895,LNK-30444,2021-04-01,2021-05-31,3123.07,3063.90
TXN-37866,LNK-30444,2021-05-01,,3225.64,0.00
TXN-79536,LNK-30444,2021-06-01,,3056.54,0.00
TXN-13261,LNK-30444,2021-07-01,2021-07-02,3236.90,3184.90
TXN-24339,LNK-30444,2021-08-01,2021-08-09,3197.01,3150.42
TXN-97688,LNK-58840,2020-02-01,2020-02-04,2208.75,2198.36
TXN-16350,LNK-58840,2020-03-01,,2193.64,0.00
TXN-72181,LNK-58840,2020-04-01,2020-05-21,2223.79,2120.77
TXN-99411,LNK-77435,2020-12-01,NULL,3089.36,0.00
TXN-15824,LNK-77435,2021-01-01,2021-01-13,3110.72,3062.95
TXN-25148,LNK-30470,2026-03-01,2026-03-07,2226.57,2225.75
TXN-67478,LNK-30470,2026-04-01,2026-05-13,2156.95,2055.78
TXN-70419,LNK-30470,2026-05-01,2026-05-06,2199.21,"$2,176.55"
TXN-48493,LNK-30470,2026-06-01,2026-06-10,2126.57,2111.34
TXN-50436,LNK-24002,2023-03-01,2023-03-07,3061.74,3036.80
TXN-61936,LNK-24002,2023-04-01,2023-06-08,3084.22,3005.46
TXN-12585,LNK-24002,2023-05-01,2023-05-08,3118.30,3108.46
TXN-80677,LNK-24002,2023-06-01,2023-06-13,3063.87,3041.58
TXN-38973,LNK-24002,2023-07-01,2023-07-05,3096.21,3094.38
TXN-48799,LNK-24002,08/01/2023,2023-08-02,3188.86,3177.32
TXN-83285,LNK-6930,2025-02-01,2025-02-03,745.63,738.17
TXN-59185,LNK-6930,2025-03-01,2025-03-15,755.19,256.64
TXN-44777,LNK-19758,2021-12-01,2022-02-06,1730.67,1692.67
TXN-85302,LNK-19758,2022-01-01,2021-12-31,1758.39,1738.23
TXN-25346,LNK-19758,2022-02-01,2022-04-09,1738.16,1684.62
TXN-73880,LNK-19758,2022-03-01,2022-03-29,1675.75,1635.13
TXN-52393,LNK-96568,2022-11-01,2022-11-04,1289.31,1273.30
TXN-11249,LNK-96568,2022-12-01,2022-12-06,1303.09,1295.78
TXN-69738,LNK-96568,2023-01-01,2022-12-30,1324.88, 1307.17 
TXN-81775,LNK-21289,2024-07-01,2024-07-02,754.97,753.28
TXN-36503,LNK-21289,2024-08-01,2024-08-30,729.18,$430.78
TXN-22473,LNK-39985,2025-06-01,2025-07-03,2522.38,1102.45
TXN-27305,LNK-39985,2025-07-01,2025-07-07,2465.29,2459.21
TXN-36861,LNK-43622,2025-11-01,2025-11-12,3613.61,3605.22
TXN-39180,LNK-43622,2025-12-01,2026-01-08,3664.08,2035.26
TXN-25111,LNK-43622,2026-01-01,2026-01-13,3687.42,3679.30
TXN-51793,LNK-43622,02/01/2026,,3640.11,0.00
TXN-99468,LNK-43622,2026-03-01,2026-05-02,3603.86,3425.12
TXN-39656,LNK-43622,2026-04-01,2026-04-22,3692.34,3677.32
TXN-45744,LNK-19202,2021-08-01,,1654.09,0.00
TXN-88452,LNK-19202,2021-09-01,2021-08-31,1748.71,1718.89
TXN-75360,LNK-19202,2021-10-01,2021-10-09,1649.58,1631.29
TXN-59455,LNK-19202,2021-11-01,2021-11-07,1710.23,"$1,698.11"
TXN-32684,LNK-19202,2021-12-01,2022-01-06,1667.33,1633.41
TXN-23507,LNK-92214,2023-03-01,2023-03-01, 1194.98 ,1188.25
TXN-74228,LNK-92214,2023-04-01,,"$1,176.79",0.00
TXN-47580,LNK-92214,2023-05-01,2023-05-08,1210.85,1206.39
TXN-19372,LNK-92214,2023-06-01,2023-05-30,1226.49, 1204.28 
TXN-93679,LNK-79386,2021-06-01,2021-06-12,2369.51,2365.42
TXN-13908,LNK-79386,2021-07-01,2021-07-21,2391.02,1671.70
TXN-93535,LNK-79386,2021-08-01,2021-07-31,2449.17,2402.33
TXN-39003,LNK-79386,2021-09-01,2021-09-17,2435.83,2380.07
TXN-69314,LNK-79386,2021-10-01,2021-09-29,2375.38,2364.55
TXN-55670,LNK-79386,2021-11-01,2021-11-07,2357.99,2331.99
TXN-23708,LNK-45375,2023-03-01,2023-02-28,877.90,868.52
TXN-49081,LNK-45375,2023-04-01,2023-04-08,891.07,874.45
TXN-23952,LNK-45375,2023-05-01,,891.24,0.00
TXN-59777,LNK-45375,2023-06-01,2023-07-15,892.37,269.13
TXN-46725,LNK-64614,2022-05-01,2022-04-30,2183.92,2146.53
TXN-83548,LNK-64614,2022-06-01,,2131.93,0.00
TXN-63523,LNK-64614,2022-07-01,2022-07-07,2137.19,2098.12
TXN-60397,LNK-86649,2025-02-01,2025-02-04,3062.10,3050.63
TXN-79239,LNK-86649,2025-03-01,2025-03-09,2976.88,2937.91
TXN-99823,LNK-86649,2025-04-01,NULL,3053.54,0.00
TXN-85719,LNK-86649,2025-05-01,2025-05-20,3079.30,2962.58
TXN-83362,LNK-86649,2025-06-01,2025-06-16,"$2,996.65",2951.39
TXN-34511,LNK-86649,2025-07-01,2025-07-12,2962.36,2939.87
TXN-34851,LNK-80471,2022-12-01,2022-11-28,5755.04,5643.84
TXN-89893,LNK-80471,2023-01-01,2023-01-09,5807.81,5782.15
TXN-69491,LNK-97426,2022-02-01,2022-02-06,2948.18,2921.41
TXN-98338,LNK-97426,2022-03-01,2022-03-05,2951.76,2934.31
TXN-35254,LNK-97426,2022-04-01,2022-04-11,2847.48,2821.89
TXN-94905,LNK-97426,2022-05-01,2022-05-02, 2890.73 ,2872.09
TXN-27126,LNK-40306,2019-04-01,2019-04-10,"$1,170.75",1147.90
TXN-68360,LNK-40306,2019-05-01,2019-05-04,1140.06,1138.04
TXN-79359,LNK-40306,2019-06-01,2019-06-08,1177.09,1175.85
TXN-61527,LNK-40306,2019-07-01,07/13/2019,1171.94,1164.53
TXN-14212,LNK-40306,2019-08-01,2019-08-11,1150.93,1144.09
TXN-30887,LNK-84748,2019-11-01,2019-11-03,3138.26,3129.81
TXN-78911,LNK-84748,2019-12-01,2019-12-05,3136.62,3105.82
TXN-47993,LNK-84748,2020-01-01,2020-01-02,3167.00,3116.06
TXN-91840,LNK-84748,2020-02-01,2020-02-06,3213.04,3158.66
TXN-64149,LNK-84748,2020-03-01,2020-03-06,3117.28,3073.36
TXN-38239,LNK-48333,2023-04-01,2023-03-30,1183.07,1165.74
TXN-57165,LNK-48333,2023-05-01,2023-05-13,1190.30,1181.62
TXN-58021,LNK-48333,2023-06-01,2023-06-04,1174.20,1168.75
TXN-56635,LNK-48333,2023-07-01,,1189.14,0.00
TXN-95920,LNK-48333,2023-08-01,,1192.99,0.00
TXN-97346,LNK-53262,2023-03-01,2023-03-03,3003.36,2983.18
TXN-12201,LNK-53262,2023-04-01,2023-04-03,3024.47,1448.44
TXN-18916,LNK-9950,2020-08-01,2020-08-12,704.57,702.23
TXN-28502,LNK-9950,2020-09-01,2020-09-02,707.92,707.84
TXN-18701,LNK-9950,2020-10-01,2020-10-01,710.06,709.31
TXN-96207,LNK-61068,2019-06-01,2019-06-12,4749.22,4676.74
TXN-88673,LNK-61068,2019-07-01,2019-06-29,4556.83,4507.12
TXN-97922,LNK-61068,2019-08-01,2019-08-13,4542.39,4517.70
TXN-84282,LNK-61068,2019-09-01,,4679.55,0.00
TXN-20609,LNK-21203,2025-09-01,2025-09-07,3088.02,3052.18
TXN-44412,LNK-21203,2025-10-01,2025-09-29,2978.11,2939.36
TXN-98702,LNK-21203,2025-11-01,2025-11-22,3071.47,3009.79
TXN-87605,LNK-21203,2025-12-01,2026-01-08,2971.45,2898.81
TXN-87294,LNK-21203,2026-01-01,,3069.28,$0.00
TXN-55615,LNK-21203,2026-02-01,2026-04-12,2951.22,2828.54
TXN-26932,LNK-46793,2023-11-01,11/02/2023,7092.20,6990.03
TXN-52149,LNK-46793,2023-12-01,2023-12-23,7173.95,4146.21
TXN-35076,LNK-40107,2023-09-01,2023-09-25,544.23,376.61
TXN-54155,LNK-40107,2023-10-01,2023-10-05,552.79,552.37
TXN-85588,LNK-40107,2023-11-01,2023-11-02,555.33,555.25
TXN-57884,LNK-40107,2023-12-01,2023-12-03,541.05,539.19
TXN-41015,LNK-67683,2019-10-01,2019-10-29,6081.44,5834.08
TXN-10989,LNK-67683,2019-11-01,2019-11-07,6372.62,6246.36
TXN-21007,LNK-67683,2019-12-01,12/04/2019,6087.77,6002.54
TXN-85020,LNK-48175,2023-12-01,,1272.73,0.00
TXN-60808,LNK-48175,2024-01-01,2024-01-02,1305.56,1292.51
TXN-57814,LNK-48175,2024-02-01,2024-02-06,1280.43,1274.62
TXN-45596,LNK-48175,2024-03-01,2024-03-03,1257.68,1249.71
TXN-84615,LNK-63422,2020-09-01,2020-09-06,1209.52,1192.27
TXN-73964,LNK-63422,2020-10-01,2020-10-10,"$1,215.89",1213.69
TXN-17613,LNK-63422,2020-11-01,2020-11-02,1158.54,1143.17
TXN-54136,LNK-63422,2020-12-01,2020-12-07,1174.30,1163.94
TXN-91730,LNK-12746,2022-05-01,2022-05-09,1261.18,1250.97
TXN-48006,LNK-12746,2022-06-01,2022-08-12,1272.10,1248.65
TXN-43579,LNK-12746,2022-07-01,2022-08-21,1306.23,1257.26
TXN-57294,LNK-12746,2022-08-01,2022-07-29,1242.62,1217.84
TXN-98863,LNK-12746,2022-09-01,2022-11-07,1295.63,1259.27
TXN-96839,LNK-64653,2023-09-01,2023-09-01,2504.33,2473.99
TXN-86992,LNK-64653,2023-10-01,2023-10-03,2472.79,2456.54
TXN-84396,LNK-52068,2024-01-01,2024-01-18,2097.88,1401.17
TXN-23137,LNK-52068,2024-02-01,2024-03-24,"$2,114.23",2042.58
TXN-44051,LNK-52068,2024-03-01,2024-03-25,2112.34,1237.31
TXN-51031,LNK-52068,2024-04-01,2024-04-11,2125.23,2083.20
TXN-29374,LNK-92551,2022-10-01,2022-11-02,2474.43,2449.56
TXN-19216,LNK-92551,2022-11-01,NULL,2447.49,0.00
TXN-10592,LNK-33725,2021-10-01,2021-10-01,2328.13,2321.24
TXN-27933,LNK-33725,2021-11-01,2021-12-04,2246.91,2213.95
TXN-14925,LNK-33725,2021-12-01,2022-01-08,2342.73,1485.16
TXN-93872,LNK-80635,2019-04-01,2019-04-07,818.10,813.00
TXN-36847,LNK-80635,2019-05-01,2019-05-06,778.78,772.26
TXN-76110,LNK-80635,2019-06-01,2019-05-30,786.11,776.18
TXN-81470,LNK-80635,2019-07-01,2019-07-07,812.72,797.80
TXN-97323,LNK-93004,2026-05-01,2026-05-01,5663.38,5588.74
TXN-72433,LNK-93004,2026-06-01,2026-06-08,5510.19,5407.40
TXN-10215,LNK-93004,07/01/2026,07/12/2026,"$5,691.66",5684.58
TXN-92782,LNK-2056,2025-12-01,2025-12-08,3035.86,2996.49
TXN-69249,LNK-2056,2026-01-01,2026-02-23,3174.83,3034.02
TXN-19546,LNK-2056,2026-02-01,2026-03-01,3131.17,1443.51
TXN-42360,LNK-2056,2026-03-01,2026-03-30,"$3,125.33",1216.85
TXN-93252,LNK-2056,2026-04-01,2026-04-07,"$3,160.98",3143.93
TXN-66299,LNK-2056,2026-05-01,2026-04-29,3145.41,3115.54
TXN-12906,LNK-92326,2019-10-01,2019-10-13,1911.17,1900.79
TXN-47753,LNK-92326,2019-11-01,2019-10-29,1830.28,1820.52
TXN-27225,LNK-70135,2024-02-01,2024-02-02,1168.54,"$1,163.34"
TXN-18741,LNK-70135,2024-03-01,,1149.39,0.00
TXN-28506,LNK-70135,2024-04-01,2024-04-12,1145.93,1130.37
TXN-23018,LNK-70135,2024-05-01,2024-05-24,1126.25,471.61
TXN-10806,LNK-70135,2024-06-01,2024-06-07,1136.73,1127.96
TXN-14442,LNK-70135,2024-07-01,2024-07-08,1131.07,1126.62
TXN-47526,LNK-20758,2019-10-01,2019-10-01,4277.49,4226.58
TXN-63378,LNK-20758,2019-11-01,2019-11-15,4344.53,2712.17
TXN-80953,LNK-20758,2019-12-01,2020-01-25,4398.89,4347.24
TXN-73587,LNK-85012,2025-04-01,2025-04-07,2972.18,2935.95
TXN-89790,LNK-85012,2025-05-01,2025-05-08,2941.93,2910.01
TXN-71804,LNK-85012,2025-06-01,2025-06-08,3020.10,2988.10
TXN-56356,LNK-85012,2025-07-01,2025-07-31,2955.42,1271.45
TXN-28909,LNK-85012,2025-08-01,2025-08-26,2885.06,2858.65
TXN-20598,LNK-60770,02/01/2021,2021-04-17,919.00,902.98
TXN-15300,LNK-60770,2021-03-01,2021-03-09,895.56,882.67
TXN-17925,LNK-3134,2022-08-01,2022-08-03,3119.96,3093.78
TXN-78978,LNK-3134,2022-09-01,2022-10-08,3057.39,2277.49
TXN-47278,LNK-3134,2022-10-01,2022-10-04,"$3,110.03",3050.97
TXN-82250,LNK-3134,2022-11-01,2022-10-29,3114.65,"$3,108.67"
TXN-66572,LNK-13475,2020-01-01,2020-01-02,2411.36,2399.35
TXN-51119,LNK-13475,2020-02-01,2020-02-21,2328.28,2268.17
TXN-49266,LNK-13475,2020-03-01,2020-03-19, 2321.60 ,1293.65
TXN-32976,LNK-13475,2020-04-01,2020-04-05,2311.06,2297.80
TXN-55488,LNK-90825,2023-04-01,2023-04-20,903.59,470.62
TXN-98828,LNK-90825,2023-05-01,2023-05-05,875.20,874.22
TXN-53404,LNK-90825,2023-06-01,2023-06-15,889.69,366.69
TXN-66813,LNK-90825,2023-07-01,2023-07-07,890.48,890.31
TXN-77792,LNK-90825,2023-08-01,2023-08-01,913.42,912.68
TXN-60301,LNK-46237,2019-07-01,2019-06-29,2750.90,2704.29
TXN-28637,LNK-46237,2019-08-01,2019-07-30,2748.22,2707.37
TXN-33961,LNK-46237,2019-09-01,2019-09-11,2753.42,2736.26
TXN-31678,LNK-46237,2019-10-01,2019-10-16,2778.37,2658.40
TXN-90914,LNK-46237,2019-11-01,2019-11-03,2756.36,2753.60
TXN-17229,LNK-88528,2021-06-01,2021-06-08,2458.95,2426.30
TXN-94325,LNK-88528,2021-07-01,2021-07-02,2499.78,2474.26
TXN-52236,LNK-84579,2023-07-01,,1944.62,0.00
TXN-44901,LNK-84579,2023-08-01,2023-08-12,1877.00,1861.25
TXN-47121,LNK-84579,2023-09-01,,1964.45,0.00
TXN-22403,LNK-75349,2022-04-01,2022-04-04,2563.91,2552.57
TXN-70291,LNK-75349,2022-05-01,2022-05-06,2682.07,2680.98
TXN-21600,LNK-75349,2022-06-01,2022-06-06,2688.53,2636.85
TXN-12318,LNK-75349,2022-07-01,2022-08-08,"$2,558.08",2515.72
TXN-55507,LNK-44288,2022-06-01,2022-07-18,2153.73,2115.32
TXN-60168,LNK-44288,2022-07-01,2022-07-08,2167.42,2145.43
TXN-75257,LNK-55827,2023-02-01,2023-02-12,1151.47,1142.74
TXN-38155,LNK-55827,2023-03-01,2023-05-01,1139.24,1115.32
TXN-88716,LNK-55827,2023-04-01,2023-03-31,1117.50,1104.33
TXN-28817,LNK-55827,2023-05-01,05/10/2023,1158.52,1150.88
TXN-91271,LNK-46508,03/01/2025,2025-02-28,960.50,951.14
TXN-38377,LNK-46508,2025-04-01,,$957.65,0.00
TXN-94492,LNK-46508,2025-05-01,2025-07-04,979.25,952.79
TXN-63934,LNK-51164,2023-03-01,2023-03-09,2741.18,2714.85
TXN-85154,LNK-51164,2023-04-01,2023-04-06,2676.96,1196.50
TXN-14319,LNK-51164,2023-05-01,,2772.06,0.00
TXN-71030,LNK-51164,2023-06-01,2023-06-08,2696.98,2659.03
TXN-11207,LNK-51164,2023-07-01,2023-07-03,2710.64,"$2,672.67"
TXN-59792,LNK-51164,2023-08-01,,2762.09,0.00
TXN-42923,LNK-41668,2025-02-01,2025-02-04,2574.09,2528.80
TXN-99067,LNK-41668,2025-03-01,2025-03-07,2551.14,2523.97
TXN-77679,LNK-5018,2026-01-01,2026-01-04,615.59,605.21
TXN-94688,LNK-5018,2026-02-01,2026-02-07,588.37,579.88
TXN-74549,LNK-5018,2026-03-01,NULL,$592.71,0.00
TXN-28575,LNK-49944,2020-05-01,2020-06-01,2933.31,2819.47
TXN-41501,LNK-49944,2020-06-01,,2948.46,0.00
TXN-53832,LNK-70176,2019-06-01,2019-06-17,1180.28,1163.69
TXN-78742,LNK-70176,2019-07-01,2019-08-11,1176.60,447.60
TXN-34629,LNK-70176,2019-08-01,,"$1,153.50",0.00
TXN-83602,LNK-70176,2019-09-01,2019-09-05,1203.17,1188.24
TXN-92930,LNK-44480,2023-05-01,2023-05-09,3038.89,2986.16
TXN-85468,LNK-44480,2023-06-01,2023-06-25,"$3,061.27",3001.38
TXN-97414,LNK-44480,2023-07-01,2023-07-04,3020.31,3001.97
TXN-96470,LNK-44480,2023-08-01,2023-08-01,2980.17,2934.10
TXN-53749,LNK-44480,2023-09-01,2023-11-02,3129.68,3067.85
TXN-20829,LNK-72509,2024-05-01,2024-07-06,1629.03,1580.52
TXN-70570,LNK-72509,2024-06-01,2024-05-31,1657.95,1640.58
TXN-57755,LNK-72509,2024-07-01,2024-09-07,1644.02,1563.21
TXN-93319,LNK-72509,2024-08-01,2024-07-30,1612.16,1590.24
TXN-28185,LNK-72509,2024-09-01,,1651.25,0.00
TXN-17128,LNK-72509,2024-10-01,2024-10-04,"$1,655.31",726.46
TXN-49867,LNK-57450,2025-11-01,2025-11-17,"$2,007.42",1923.61
TXN-70901,LNK-57450,2025-12-01,2025-11-29,1971.75,1963.72
TXN-73324,LNK-80964,2022-06-01,2022-06-01,725.60,711.37
TXN-13041,LNK-80964,2022-07-01,2022-06-28,707.05,694.76
TXN-15219,LNK-80964,2022-08-01,2022-08-08,721.93,715.92
TXN-50130,LNK-80964,2022-09-01,2022-08-29,689.93,688.04
TXN-78296,LNK-80964,2022-10-01,2022-10-02,699.11,696.73
TXN-35609,LNK-80964,11/01/2022,2022-11-04,691.38,688.38
TXN-10955,LNK-94926,2024-11-01,2024-11-01,1154.38,1143.14
TXN-68544,LNK-94926,12/01/2024,12/12/2024,1151.47,1134.70
TXN-61214,LNK-94926,2025-01-01,2025-01-05,1155.20,"$1,150.51"
TXN-27007,LNK-94926,2025-02-01,2025-01-31,1119.53,1101.38
TXN-42592,LNK-70822,2024-11-01,2024-11-10,1485.83, 1475.36 
TXN-32295,LNK-70822,2024-12-01,2025-02-11,1481.00,1429.46
TXN-57440,LNK-70822,2025-01-01,2025-01-12,1463.04,1449.88
TXN-54939,LNK-71419,2024-05-01,NULL,4218.39,0.00
TXN-37954,LNK-71419,2024-06-01,2024-06-01,4203.13,4182.05
TXN-81586,LNK-71419,2024-07-01,2024-07-01,4187.80,4179.52
TXN-30659,LNK-71419,2024-08-01,2024-09-29,4145.63,"$3,981.86"
TXN-70299,LNK-71419,2024-09-01,2024-08-30,4137.18,4114.00
TXN-50235,LNK-71419,2024-10-01,,4171.37,0.00
TXN-38310,LNK-3389,2023-12-01,2023-12-02,9298.92,9227.33
TXN-83203,LNK-3389,2024-01-01,2024-01-05,9209.74,9112.97
TXN-40700,LNK-3389,2024-02-01,2024-04-10,9253.56,8946.04
TXN-30445,LNK-3389,2024-03-01,2024-03-06,8858.45,"$4,323.64"
TXN-61728,LNK-3389,2024-04-01,2024-04-12,8786.52,8769.82
TXN-31140,LNK-31689,2022-10-01,2022-11-13,1822.91,872.98
TXN-26711,LNK-31689,2022-11-01,2023-01-07,1869.55,"$1,822.07"
TXN-54210,LNK-31689,2022-12-01,2023-01-17,1829.17,1824.78
TXN-17652,LNK-6938,2023-01-01,2023-01-04,2683.67,2634.22
TXN-65787,LNK-6938,2023-02-01,2023-02-07,2656.17,2630.30
TXN-37295,LNK-6938,2023-03-01,2023-03-11,2749.83,2703.44
TXN-49856,LNK-6938,04/01/2023,2023-04-01,2665.30,2641.31
TXN-79401,LNK-6938,2023-05-01,2023-05-04,2662.56,2640.64
TXN-37644,LNK-37500,2024-08-01,2024-08-08,5950.64,5899.40
TXN-69698,LNK-37500,2024-09-01,2024-09-05,6017.13,6009.66
TXN-40884,LNK-37500,2024-10-01,2024-11-27,6073.18,5977.79
TXN-99148,LNK-64956,2019-09-01,2019-09-08,1113.28,1091.95
TXN-27950,LNK-64956,2019-10-01,2019-10-31,1121.83,721.81
TXN-40394,LNK-25561,2024-01-01,2024-01-01,2522.15,2499.85
TXN-10372,LNK-25561,2024-02-01,2024-02-08,2521.65,2473.67
TXN-19346,LNK-25561,2024-03-01,2024-03-01,2583.98,2537.54
TXN-44087,LNK-54665,2026-06-01,2026-06-10,3529.25,3460.21
TXN-63849,LNK-54665,2026-07-01,2026-07-13,"$3,587.04",3535.09
TXN-43634,LNK-96265,2023-04-01,,2120.87,0.00
TXN-65579,LNK-96265,2023-05-01,2023-05-29,2063.64,652.43
TXN-73274,LNK-96265,2023-06-01,2023-06-13,2103.85,2087.17
TXN-57640,LNK-96265,2023-07-01,2023-07-28,2100.09,1160.93
TXN-13916,LNK-96265,2023-08-01,2023-08-23,2089.18,1989.73
TXN-42632,LNK-4396,2025-04-01,2025-05-14,2477.25,2425.37
TXN-79498,LNK-4396,2025-05-01,2025-06-28,2591.79,2527.60
TXN-17365,LNK-4396,2025-06-01,2025-06-10,2589.62,2537.94
TXN-88935,LNK-6100,2020-02-01,2020-03-10,935.03,660.15
TXN-52824,LNK-6100,03/01/2020,2020-03-03,913.32,896.15
TXN-48684,LNK-6100,2020-04-01,2020-03-30,907.83,904.02
TXN-21152,LNK-6100,2020-05-01,2020-05-13,927.88,919.15
TXN-80966,LNK-6100,2020-06-01,2020-05-30,883.21,867.43
TXN-51335,LNK-48945,2024-11-01,2024-10-31,711.13,705.81
TXN-31685,LNK-48945,2024-12-01,2024-12-09,720.25,718.59
TXN-18086,LNK-48945,2025-01-01,2025-01-13,707.57,697.86
TXN-37799,LNK-48945,2025-02-01,2025-02-07,742.62,737.90
TXN-86653,LNK-76353,2020-03-01,2020-03-04,2550.98,2547.31
TXN-74879,LNK-76353,2020-04-01,2020-04-06, 2510.94 ,2491.21
TXN-23778,LNK-76353,2020-05-01,2020-05-10,2457.61,2447.43
TXN-15716,LNK-80069,2022-12-01,2022-12-06,2354.02,2343.72
TXN-25849,LNK-80069,2023-01-01,2023-01-23,2375.71,2317.17
TXN-12570,LNK-80069,2023-02-01,2023-02-08,2370.00,2334.65
TXN-46208,LNK-80069,2023-03-01,2023-03-05,2390.97,2374.17
TXN-45442,LNK-15408,2019-03-01,2019-03-03,1267.79,1266.63
TXN-38361,LNK-15408,2019-04-01,2019-04-03,1265.37,1249.63
TXN-38549,LNK-16572,2019-05-01,2019-05-08,1609.20,1603.88
TXN-14699,LNK-16572,2019-06-01,2019-06-02,1530.59,1529.35
TXN-57653,LNK-16572,2019-07-01,2019-09-11,1542.44,1502.84
TXN-15665,LNK-16572,2019-08-01,2019-08-12,1536.72,1536.03
TXN-86534,LNK-16572,2019-09-01,2019-09-08,1548.53,1541.67
TXN-80700,LNK-16572,2019-10-01,2019-09-29,1534.10,1529.29
TXN-16999,LNK-37064,2021-07-01,2021-07-17,3694.53,3536.79
TXN-86142,LNK-37064,2021-08-01,09/13/2021,3739.07,3674.38
TXN-86999,LNK-37064,2021-09-01,2021-09-02,3787.42,3732.45
TXN-41642,LNK-37064,2021-10-01,2021-10-02,3848.36,3826.85
TXN-43314,LNK-61249,2025-12-01,2025-11-28,3965.06, 3889.03 
TXN-15377,LNK-61249,2026-01-01,2026-01-07,4014.26,3944.12
TXN-96980,LNK-61249,2026-02-01,2026-02-11,"$4,173.50",4129.58
TXN-86008,LNK-59554,2020-06-01,2020-06-05,1940.42,1929.22
TXN-63592,LNK-59554,2020-07-01,2020-07-09,2039.33,2015.49
TXN-12586,LNK-59554,2020-08-01,2020-09-10,1945.41,939.04
TXN-17188,LNK-59554,2020-09-01,2020-10-15,1933.69,783.72
TXN-79339,LNK-3853,2024-09-01,2024-09-02,3361.22,3344.18
TXN-73011,LNK-3853,2024-10-01,,"$3,381.46",0.00
TXN-62976,LNK-3853,2024-11-01,2024-11-01,3317.08,3295.38
TXN-76037,LNK-3853,2024-12-01,2024-12-05,3475.60,3470.72
TXN-48237,LNK-36400,2024-08-01,2024-08-12,"$2,387.09",2381.25
TXN-97418,LNK-36400,2024-09-01,2024-09-03,2361.51,2316.94
TXN-79039,LNK-36400,2024-10-01,2024-10-08,2425.44,2412.23
TXN-61418,LNK-36400,2024-11-01,,2426.42,0.00
TXN-58960,LNK-54955,2024-11-01,2024-11-10,4505.54,4440.21
TXN-52907,LNK-54955,2024-12-01,2025-01-12,4597.99,3109.16
TXN-78343,LNK-54955,2025-01-01,2024-12-30,4435.11,4363.50
TXN-97905,LNK-54955,2025-02-01,2025-03-19,4527.21,4521.11
TXN-49738,LNK-54955,2025-03-01,2025-03-11,4489.01,"$4,440.39"
TXN-30380,LNK-72781,2023-11-01,2023-11-10,1957.47,607.92
TXN-31333,LNK-72781,2023-12-01,2023-12-09,2010.16,1992.65
TXN-56077,LNK-72781,2024-01-01,2024-01-07,1995.36,1981.98
TXN-34256,LNK-5224,2021-07-01,2021-08-15,"$1,377.11",1363.21
TXN-70868,LNK-5224,2021-08-01,2021-08-21,1330.69,1328.92
TXN-67651,LNK-5224,2021-09-01,NULL,1341.30,0.00
TXN-61137,LNK-5224,2021-10-01,2021-12-02,1344.22,1302.30
TXN-78494,LNK-81147,2023-09-01,2023-09-09,1819.07,1792.75
TXN-56093,LNK-81147,2023-10-01,2023-10-11,1731.61,1701.14
TXN-71284,LNK-81147,2023-11-01,2023-11-03,1748.26,1721.37
TXN-53983,LNK-81147,12/01/2023,2023-11-29,1735.12,1721.95
TXN-58000,LNK-81147,2024-01-01,2024-01-02,1776.54,1776.32
TXN-66980,LNK-81147,2024-02-01,2024-02-05,1746.96,1741.90
TXN-48437,LNK-68215,2020-11-01,2020-11-02,798.77,794.15
TXN-50857,LNK-68215,2020-12-01,2020-12-13,811.94,799.25
TXN-28552,LNK-68215,2021-01-01,,807.48,0.00
TXN-86194,LNK-92289,2021-01-01,2021-01-05,1444.34,1440.55
TXN-32990,LNK-92289,2021-02-01,2021-02-09,1411.58,1400.84
TXN-74783,LNK-92289,2021-03-01,2021-03-06,1442.32,1420.36
TXN-74709,LNK-92289,2021-04-01,2021-04-01,1423.28,1411.78
TXN-54731,LNK-92289,2021-05-01,2021-05-09,1418.02,1391.75
TXN-13022,LNK-92289,2021-06-01,2021-06-01,1399.46,1385.17
TXN-21328,LNK-29255,2025-09-01,2025-10-08,2616.59,996.77
TXN-89036,LNK-29255,2025-10-01,2025-10-09,2631.24,2591.76
TXN-37549,LNK-29255,2025-11-01,2025-11-05,2642.94,2612.87
TXN-29192,LNK-29255,2025-12-01,2026-01-05,2501.36,828.38
TXN-57128,LNK-50131,2023-09-01,2023-08-29,3263.65, 3223.29 
TXN-27103,LNK-50131,2023-10-01,2023-11-06,3385.61,1586.17
TXN-63453,LNK-50131,2023-11-01,2023-11-05,3300.60,1367.32
TXN-67832,LNK-50131,2023-12-01,2023-12-08,3314.60,3273.56
TXN-50912,LNK-50131,2024-01-01,,3296.58,0.00
TXN-89925,LNK-83288,2022-12-01,12/13/2022,2263.10,2248.90
TXN-46610,LNK-83288,2023-01-01,2023-03-16,2254.27,2142.08
TXN-28037,LNK-83288,2023-02-01,2023-02-11,2224.47,2182.62
TXN-34513,LNK-83288,2023-03-01,,2342.63,0.00
TXN-32686,LNK-83288,2023-04-01,2023-04-03,2336.53,2296.03
TXN-21819,LNK-61889,2021-04-01,2021-04-09,2920.75,1911.63
TXN-65622,LNK-61889,2021-05-01,2021-04-28,2877.66,2839.12
TXN-60512,LNK-61889,2021-06-01,2021-05-29,2794.47,2791.93
TXN-17604,LNK-61889,2021-07-01,,2962.97,0.00
TXN-90361,LNK-61889,2021-08-01,2021-08-12,2900.92,2885.75
TXN-56569,LNK-65789,10/01/2020,2020-10-08,4830.58,4762.64
TXN-32896,LNK-65789,2020-11-01,10/29/2020,4863.14,4850.02
TXN-35021,LNK-88720,2020-01-01,2019-12-29,1560.42,1556.64
TXN-76742,LNK-88720,02/01/2020,2020-02-01,1490.44,1472.58
TXN-72257,LNK-88720,02/01/2020,2020-02-01,1490.44,1472.58
TXN-23410,LNK-34913,2020-05-01,2020-05-12,3826.03,3749.66
TXN-45993,LNK-34913,2020-06-01,2020-06-04,3931.93,3878.41
TXN-89833,LNK-34913,2020-07-01,2020-07-13,3901.10,3859.79
TXN-81762,LNK-65451,2022-07-01,2022-08-07,412.06,148.45
TXN-68992,LNK-65451,2022-08-01,2022-09-11,414.51,254.84
TXN-19924,LNK-65451,2022-09-01,2022-09-12,410.46,405.76
TXN-47715,LNK-16202,2025-08-01,2025-08-03,2424.33,2395.52
TXN-33806,LNK-16202,2025-09-01,,2343.58,0.00
TXN-12851,LNK-16202,2025-10-01,NULL,2404.95,0.00
TXN-39150,LNK-16202,2025-11-01,2025-11-08,2419.80,2378.06
TXN-97103,LNK-16202,2025-12-01,2025-12-12,2351.32,2308.54
TXN-51696,LNK-16202,2026-01-01,2026-01-08,2425.44, 1110.20 
TXN-69839,LNK-36774,2022-06-01,2022-06-22,2613.60,1396.71
TXN-75370,LNK-36774,2022-07-01,2022-07-25,2646.31,949.85
TXN-68904,LNK-36774,2022-08-01,2022-08-07,2648.33,2629.95
TXN-91634,LNK-36774,2022-09-01,2022-08-30,2551.97,2517.56
TXN-38889,LNK-67616,2023-11-01,2023-11-06,$820.58,813.41
TXN-25755,LNK-67616,2023-12-01,2023-12-08,781.47,776.85
TXN-33175,LNK-67616,2024-01-01,2024-01-23,815.55,811.26
TXN-43220,LNK-83667,2020-03-01,2020-03-12,3234.86,3222.84
TXN-16648,LNK-83667,2020-04-01,2020-03-29,3267.04,3224.64
TXN-47997,LNK-22542,2021-07-01,2021-07-04,1122.70,1111.33
TXN-87278,LNK-22542,2021-08-01,2021-09-14,1109.88,489.68
TXN-42162,LNK-22542,2021-09-01,2021-08-31,1134.82,1126.87
TXN-77808,LNK-22542,2021-10-01,2021-09-28,"$1,083.95",1066.41
TXN-60233,LNK-22542,2021-11-01,2021-12-31,1088.42,1039.92
TXN-37937,LNK-22542,2021-12-01,2022-01-25,1136.60,1098.48
TXN-59154,LNK-39829,2025-06-01,2025-06-13,1997.43,1971.49
TXN-29208,LNK-39829,2025-07-01,2025-08-16,1958.46,1901.61
TXN-40020,LNK-39829,2025-08-01,2025-08-02,1960.26,1941.95
TXN-18911,LNK-39829,2025-09-01,2025-10-12,1981.16,1960.67
TXN-74274,LNK-19958,2023-01-01,2023-01-09,3002.14,2944.82
TXN-54293,LNK-19958,2023-02-01,,3007.70,0.00
TXN-93795,LNK-19958,2023-03-01,2023-03-08,3055.65,3016.69
TXN-56034,LNK-19958,2023-04-01,2023-04-03,3084.00,3069.09
TXN-36749,LNK-19958,2023-05-01,2023-05-10,3012.82,1589.00
TXN-38585,LNK-32797,2019-11-01,2019-12-14,"$1,290.11",1266.80
TXN-71205,LNK-32797,2019-12-01,, 1256.37 ,0.00
TXN-36227,LNK-32797,2020-01-01,2019-12-30,1263.09,1251.28
TXN-92799,LNK-32797,2020-02-01,2020-02-07,1268.24,1257.40
TXN-49000,LNK-32797,2020-03-01,2020-04-15,1283.51,1264.37
TXN-73323,LNK-22695,2024-02-01,2024-02-09,2699.78,2680.45
TXN-71332,LNK-22695,2024-03-01,2024-03-04,2649.96,2643.56
TXN-95220,LNK-83544,2025-08-01,2025-07-29,2158.04,2156.44
TXN-66590,LNK-83544,2025-09-01,2025-09-06,2162.74,2148.47
TXN-38533,LNK-83544,2025-10-01,2025-09-28,2113.05,2105.19
TXN-18178,LNK-6936,2020-01-01,2020-01-23,758.08,289.44
TXN-66941,LNK-6936,2020-02-01,2020-02-04,773.94,771.77
TXN-51979,LNK-6936,2020-03-01,,742.98,0.00
TXN-80295,LNK-6936,2020-04-01,2020-04-07,774.71,766.09
TXN-56666,LNK-6936,2020-05-01,2020-05-05,769.45,756.48
TXN-76752,LNK-94447,02/01/2019,2019-02-09,2186.73,2168.08
TXN-28724,LNK-94447,2019-03-01,2019-04-13,2126.57,2086.83
TXN-69511,LNK-22473,2026-01-01,2026-02-04,2691.42,1662.55
TXN-66505,LNK-22473,2026-02-01,2026-02-11,2625.14,2586.64
TXN-56686,LNK-22473,2026-03-01,2026-05-06,2735.94,2601.11
TXN-49324,LNK-22473,2026-04-01,2026-04-03,2716.39,2682.22
TXN-92502,LNK-22473,2026-05-01,2026-05-11,2656.51,2614.22
TXN-60905,LNK-22473,2026-06-01,2026-06-08,2612.37,2588.26
TXN-91529,LNK-16549,2020-04-01,2020-04-06,1284.67,1263.90
TXN-86910,LNK-16549,2020-05-01,,1260.08,0.00
TXN-18890,LNK-16549,2020-06-01,2020-08-10,1240.47,1203.94
TXN-55259,LNK-16549,2020-07-01,2020-06-29,1275.46,1258.44
TXN-98586,LNK-55948,2019-12-01,NULL,1771.42,0.00
TXN-93463,LNK-55948,2020-01-01,2019-12-30, 1823.02 ,1802.48
TXN-82643,LNK-55948,2020-02-01,2020-03-17,1800.10,1721.23
TXN-74137,LNK-55948,2020-03-01,2020-03-02,1762.89,1750.87
TXN-38716,LNK-55948,2020-04-01,2020-04-03,1816.20,"$1,797.79"
TXN-93278,LNK-51578,2024-11-01,2024-10-29,2810.17,2801.17
TXN-13739,LNK-51578,2024-12-01,2024-12-09,2783.55,2778.16
TXN-93918,LNK-51578,2025-01-01,2025-01-01,2701.91,2694.68
TXN-42092,LNK-49915,2025-10-01,2025-10-05,3284.76, 3282.41 
TXN-76878,LNK-49915,2025-11-01,2025-11-10,3208.05,3190.26
TXN-52034,LNK-49915,12/01/2025,01/11/2026,3224.65,2053.26
TXN-79143,LNK-49915,2026-01-01,2026-01-02,"$3,291.67",898.17
TXN-23486,LNK-49915,2026-02-01,2026-02-07,3205.09,"$3,200.33"
TXN-45171,LNK-49915,2026-03-01,2026-04-15,3287.23,3164.40
TXN-13554,LNK-49915,2026-03-01,2026-04-15,3287.23,3164.40
TXN-97731,LNK-95058,2024-04-01,2024-04-11,5546.93,5485.23
TXN-98657,LNK-95058,2024-05-01,2024-05-13,5662.40,2528.41
TXN-94198,LNK-95058,2024-06-01,,5627.79,0.00
TXN-50889,LNK-95058,2024-07-01,2024-07-10,5557.07,5513.06
TXN-93564,LNK-29080,2020-06-01,2020-05-29,"$2,910.90",2889.04
TXN-26630,LNK-29080,2020-07-01,2020-08-15,2944.05,1679.29
TXN-84279,LNK-29080,2020-08-01,2020-08-19,2786.40,2667.78
TXN-78683,LNK-29080,2020-09-01,2020-10-07,2860.21,1432.69
TXN-36138,LNK-29080,2020-10-01,2020-10-13,2903.72,2895.43
TXN-63508,LNK-25881,2021-02-01,2021-01-31,1080.58,1070.96
TXN-79747,LNK-25881,2021-03-01,2021-04-14,1121.82,550.54
TXN-71271,LNK-21280,2021-08-01,,6086.53,0.00
TXN-63713,LNK-21280,2021-09-01,2021-08-29,6315.28,6221.66
TXN-25002,LNK-21280,2021-10-01,2021-10-01,6339.76,6282.43
TXN-91797,LNK-8146,2022-06-01,,2716.86,0.00
TXN-12764,LNK-8146,2022-07-01,2022-09-01,2613.90, 2591.29 
TXN-51057,LNK-4037,2023-11-01,2023-11-05,796.80,783.70
TXN-13091,LNK-4037,2023-12-01,2024-01-14,840.20,480.86
TXN-51529,LNK-4037,2024-01-01,,808.35,0.00
TXN-61882,LNK-4037,2024-02-01,2024-03-12,825.71,436.95
TXN-20298,LNK-25101,2019-12-01,2019-12-11,795.10,794.33
TXN-22995,LNK-25101,2020-01-01,,793.56,0.00
TXN-51185,LNK-25101,2020-01-01,,793.56,0.00
TXN-55500,LNK-25101,2020-02-01,2020-02-21,754.14,746.90
TXN-56275,LNK-25101,2020-03-01,2020-03-11,$770.80,764.38
TXN-57685,LNK-25101,2020-04-01,2020-03-31,768.49,$761.35
TXN-22697,LNK-43217,2020-12-01,,2542.70,0.00
TXN-15684,LNK-43217,01/01/2021,2020-12-30,"$2,565.72",2537.50
TXN-74714,LNK-13924,2021-05-01,2021-04-29,1949.33,1929.82
TXN-49192,LNK-13924,2021-06-01,2021-05-29,1940.70,1924.31
TXN-88008,LNK-13924,2021-07-01,2021-07-03,1956.90,1924.81
TXN-91997,LNK-13924,2021-08-01,2021-08-16,1866.48,1786.04
TXN-81435,LNK-13924,2021-09-01,2021-09-02,1948.40,1917.07
TXN-26072,LNK-13924,2021-10-01,2021-10-01,1928.32,1907.41
TXN-83715,LNK-78550,2022-12-01,2022-12-03,3190.78,3148.10
TXN-78313,LNK-78550,2023-01-01,2022-12-31,3272.86,3241.11
TXN-62614,LNK-51604,2020-04-01,2020-04-12,523.11,519.93
TXN-89401,LNK-51604,2020-05-01,2020-05-10,517.60,507.38
TXN-59955,LNK-67088,2026-03-01,2026-03-07,1519.59,1506.77
TXN-23684,LNK-67088,2026-04-01,2026-04-04,1524.96,1508.26
TXN-21323,LNK-67088,2026-05-01,2026-05-06,1513.53,1506.78
TXN-58788,LNK-67088,06/01/2026,,1472.55,0.00
TXN-82719,LNK-67088,2026-07-01,2026-07-11,1475.50,1465.97
TXN-79174,LNK-3719,2021-04-01,2021-04-04,3683.58,3659.59
TXN-89714,LNK-3719,2021-05-01,NULL,3675.78,0.00
TXN-13606,LNK-60634,2019-05-01,2019-05-03,1185.00,1178.63
TXN-18406,LNK-60634,2019-06-01,2019-08-04,1183.60, 1163.83 
TXN-73962,LNK-60634,2019-07-01,2019-07-04,1144.80,487.93
TXN-19425,LNK-60634,2019-08-01,2019-08-01,1206.93,1191.50
TXN-75902,LNK-60634,2019-09-01,2019-09-10,1168.79,1157.86
TXN-67459,LNK-60634,2019-10-01,2019-09-29,1165.33,1160.51
TXN-26524,LNK-91957,2024-02-01,2024-03-10,1454.45,$980.24
TXN-87684,LNK-91957,2024-03-01,2024-04-01,1456.15,1422.24
TXN-69799,LNK-55596,2022-08-01,,753.05,0.00
TXN-11027,LNK-55596,2022-09-01,2022-10-02,741.43,263.59
TXN-20379,LNK-55596,2022-10-01,2022-10-28,758.39,722.69
TXN-34393,LNK-34550,2021-06-01,2021-06-12,1083.30,1064.84
TXN-64348,LNK-34550,2021-07-01,2021-06-28,1129.98,1120.49
TXN-76455,LNK-34550,2021-08-01,2021-08-03,1079.46,1072.21
TXN-38023,LNK-34550,2021-09-01,2021-09-08,1108.84,1104.97
TXN-94113,LNK-34550,2021-10-01,2021-10-11,1132.62,1110.13
TXN-25319,LNK-34544,2025-10-01,2025-10-03,2248.37,1263.87
TXN-56677,LNK-34544,2025-11-01,2025-11-13,2221.18,2197.30
TXN-63209,LNK-34544,2025-12-01,2026-01-23,2314.68,2215.95
TXN-32109,LNK-34544,2026-01-01,2026-01-07,2257.73,2228.74
TXN-94953,LNK-34544,2026-02-01,2026-03-31,2303.83,2205.52
TXN-36031,LNK-34544,2026-02-01,2026-03-31,2303.83,2205.52
TXN-44185,LNK-34544,2026-03-01,2026-03-07,2318.16,2313.64
TXN-34394,LNK-5159,2022-08-01,2022-10-13,1635.54,1558.81
TXN-17898,LNK-5159,2022-09-01,2022-09-09,1626.74,1610.88
TXN-61163,LNK-5159,2022-10-01,,1576.22,0.00
TXN-16365,LNK-5159,2022-11-01,10/29/2022,"$1,572.61",1558.01
TXN-59058,LNK-12053,2019-05-01,2019-05-03,4658.17,4615.90
TXN-93755,LNK-12053,2019-06-01,2019-06-09,4807.20,4798.02
TXN-19064,LNK-12053,2019-07-01,,4796.84,0.00
TXN-22651,LNK-12053,2019-08-01,08/06/2019,4638.52,4577.88
TXN-62924,LNK-12053,2019-09-01,2019-09-09,4613.11,4536.46
TXN-73105,LNK-62000,2025-07-01,2025-06-30,"$1,094.99",1074.36
TXN-64717,LNK-62000,2025-08-01,2025-08-12,1115.50,1109.62
TXN-89967,LNK-62000,2025-09-01,2025-09-03,1117.09,1115.17
TXN-11376,LNK-62000,2025-10-01,2025-10-07,1117.40,416.74
TXN-54996,LNK-60914,2021-04-01,2021-04-26,498.19,485.94
TXN-44821,LNK-60914,2021-05-01,2021-05-04, 515.65 ,509.21
TXN-42344,LNK-60914,2021-06-01,2021-06-08,496.77,493.96
TXN-53738,LNK-60914,2021-07-01,2021-07-16,504.16,484.65
TXN-29945,LNK-96881,2023-08-01,2023-08-28,798.81,781.87
TXN-63144,LNK-96881,2023-09-01,2023-09-17,810.42,228.67
TXN-82316,LNK-96881,2023-10-01,2023-11-27,825.61,810.17
TXN-26433,LNK-96881,2023-11-01,2023-10-29,812.45,$804.06
TXN-18807,LNK-96881,2023-12-01,2023-12-01,826.91,813.22
TXN-89250,LNK-77019,2024-09-01,2024-09-10,3915.57,3866.73
TXN-48976,LNK-77019,2024-10-01,2024-10-11,3985.85,3967.45
TXN-68655,LNK-94850,2019-12-01,2019-12-02,2158.66,2158.17
TXN-20952,LNK-94850,2020-01-01,2020-01-12,2188.31,2149.34
TXN-86280,LNK-94850,2020-02-01,2020-02-02,2218.85,2184.01
TXN-10160,LNK-94850,2020-03-01,2020-03-04,2157.96,2152.45
TXN-27169,LNK-94850,2020-04-01,,2099.97,0.00
TXN-97311,LNK-94850,2020-05-01,,2117.55,0.00
TXN-42411,LNK-25914,2023-03-01,2023-03-04,3602.08,3540.54
TXN-32690,LNK-25914,2023-04-01,2023-04-13,3585.01,3579.40
TXN-75089,LNK-65764,2022-03-01,2022-03-10,2303.62,2295.71
TXN-23810,LNK-65764,2022-04-01,2022-03-30,2262.79,2241.96
TXN-14216,LNK-65764,2022-05-01,2022-05-01,2251.67,2234.69
TXN-42298,LNK-7895,2019-08-01,2019-08-05,459.84,207.89
TXN-26515,LNK-7895,2019-09-01,2019-09-12,448.97,445.54
TXN-54576,LNK-7895,2019-10-01,2019-10-03,452.36,445.63
TXN-69200,LNK-11322,2020-09-01,2020-08-31,2051.39,2028.72
TXN-57900,LNK-11322,2020-10-01,2020-11-15,"$2,099.87",841.48
TXN-91717,LNK-11322,2020-11-01,2020-11-23,2084.38,2019.22
TXN-28361,LNK-11322,2020-12-01,2020-12-22,2122.70,2121.36
TXN-25784,LNK-11322,2021-01-01,,2079.37,0.00
TXN-33716,LNK-11322,2021-02-01,,2106.03,0.00
TXN-41469,LNK-21181,2023-11-01,2023-11-13,1430.21,1410.31
TXN-14683,LNK-21181,2023-12-01,2023-12-10,"$1,449.72",1443.46
TXN-36584,LNK-21181,2024-01-01,2024-01-04,1483.20,1480.42
TXN-49230,LNK-21181,2024-02-01,2024-02-09,1452.84,1434.90
TXN-76678,LNK-21181,2024-03-01,2024-03-09,1454.01,1432.09
TXN-90368,LNK-21181,2024-04-01,2024-04-09,1500.20,1479.62
TXN-83883,LNK-80415,2020-09-01,,1613.73,0.00
TXN-93428,LNK-80415,2020-10-01,10/02/2020,1604.72,1582.90
TXN-18052,LNK-51277,2023-01-01,2023-01-05,1649.65,1639.88
TXN-52549,LNK-51277,2023-02-01,2023-02-05,1640.95,1611.51
TXN-63701,LNK-51277,2023-03-01,2023-03-02,1640.92,1637.98
TXN-42934,LNK-51277,2023-04-01,2023-03-31,1595.38,1569.62
TXN-36784,LNK-51277,2023-05-01,2023-04-29,1594.02,1589.59
TXN-20700,LNK-79986,2023-06-01,2023-06-03,2306.50,2300.07
TXN-68046,LNK-79986,2023-07-01,2023-09-03,2406.81,2352.61
TXN-28045,LNK-79986,2023-08-01,08/13/2023,2348.79,2344.69
TXN-20304,LNK-79986,2023-09-01,2023-09-13,2427.70,2424.06
TXN-17525,LNK-79986,2023-10-01,2023-10-03,2366.17,2347.81
TXN-94676,LNK-22798,2023-02-01,2023-02-01,1256.90,1251.32
TXN-95726,LNK-22798,2023-03-01,2023-03-12,1317.80,1307.41
TXN-46678,LNK-67244,2024-01-01,2024-02-17,1917.42,1834.96
TXN-61786,LNK-67244,2024-02-01,2024-03-25,1937.85,1900.07
TXN-37463,LNK-67244,2024-03-01,03/03/2024,2015.41,"$2,002.19"
TXN-18739,LNK-67244,2024-04-01,2024-04-03,1974.87,"$1,945.96"
TXN-19324,LNK-68984,2022-06-01,,3167.36,0.00
TXN-78815,LNK-68984,2022-07-01,2022-07-01,3021.15,2986.80
TXN-60630,LNK-68984,2022-08-01,2022-08-05,3062.66,3014.12
TXN-69623,LNK-68984,2022-09-01,2022-09-08,3129.36,3095.20
TXN-12118,LNK-59176,2020-05-01,2020-06-15,581.63,359.19
TXN-95452,LNK-59176,2020-06-01,2020-06-04,604.83,$598.71
TXN-18733,LNK-59176,2020-07-01,2020-07-20,602.04,307.73
TXN-84233,LNK-59176,2020-08-01,2020-08-06,610.96,609.24
TXN-80432,LNK-51422,2021-04-01,2021-04-02,2324.02,1347.06
TXN-74872,LNK-51422,2021-05-01,05/21/2021,2240.73,2238.27
TXN-80062,LNK-72567,2020-04-01,2020-04-01,637.50,631.42
TXN-37425,LNK-72567,2020-05-01,2020-06-07,$622.98,613.66
TXN-55850,LNK-72567,2020-06-01,2020-06-06,640.52,631.40
TXN-12620,LNK-72567,2020-07-01,2020-07-04,629.24,619.02
TXN-99467,LNK-36123,11/01/2023,2023-11-04,799.04,785.44
TXN-51872,LNK-36123,2023-12-01,2023-11-29,788.66,777.79
TXN-49440,LNK-36123,2024-01-01,2023-12-30,796.12,786.87
TXN-48689,LNK-36123,2024-02-01,02/04/2024,774.26,772.37
TXN-57398,LNK-36123,2024-03-01,,766.73,0.00
TXN-91185,LNK-42359,06/01/2019,2019-08-01,2316.07,2282.72
TXN-34845,LNK-42359,2019-07-01,2019-07-03,2358.76,2320.13
TXN-24319,LNK-42359,2019-08-01,2019-08-03,"$2,337.91",2308.30
TXN-81726,LNK-19964,05/01/2025,2025-04-30,542.17,536.24
TXN-23972,LNK-19964,2025-06-01,2025-08-07,533.05,508.79
TXN-39143,LNK-19964,2025-07-01,2025-07-09, 529.77 ,526.34
TXN-22467,LNK-19964,2025-08-01,2025-07-30,525.01,515.35
TXN-29480,LNK-19964,2025-09-01,2025-09-01,552.69,542.83
TXN-57056,LNK-99453,2020-02-01,2020-02-20,3276.27,2058.38
TXN-48312,LNK-99453,2020-03-01,,3244.45,0.00
TXN-68096,LNK-99453,04/01/2020,2020-04-20,3169.29,3159.64
TXN-10466,LNK-99453,2020-05-01,2020-05-09,3263.03,3254.06
TXN-85676,LNK-48059,05/01/2026,2026-05-12,2204.43,2168.95
TXN-86044,LNK-48059,2026-06-01,2026-06-08,2222.00,2207.62
TXN-75487,LNK-48059,2026-07-01,,2170.34,$0.00
TXN-35308,LNK-33990,2021-04-01,,1685.80,0.00
TXN-43542,LNK-33990,2021-05-01,2021-06-21,1637.38,"$1,555.92"
TXN-23543,LNK-72066,2020-01-01,2020-01-07,1160.78,1153.48
TXN-40928,LNK-72066,2020-02-01,,1199.49,0.00
TXN-56907,LNK-97832,2026-06-01,2026-06-12,810.16,797.17
TXN-95365,LNK-97832,2026-07-01,2026-07-09,819.99,808.58
TXN-12800,LNK-49148,2026-01-01,2026-01-03,1381.61,1380.36
TXN-54829,LNK-49148,2026-02-01,2026-02-12,1330.40,1321.51
TXN-46477,LNK-49148,2026-03-01,,1346.20,0.00
TXN-10825,LNK-49148,2026-04-01,2026-06-10,1315.19,1284.09
TXN-68927,LNK-49148,2026-05-01,2026-05-14,1332.77,803.84
TXN-63971,LNK-49148,2026-06-01,2026-06-11,1313.61,1305.30
TXN-43312,LNK-30949,2021-07-01,2021-07-04,1494.39,589.49
TXN-73280,LNK-30949,2021-08-01,2021-08-09,1459.62,1440.83
TXN-24361,LNK-30949,2021-09-01,2021-08-31,1540.32,1523.96
TXN-95165,LNK-60245,2020-01-01,2020-01-05,816.62,803.86
TXN-82949,LNK-60245,2020-02-01,2020-02-22,818.44,226.45
TXN-60408,LNK-60245,2020-03-01,2020-03-13,785.27,$771.68
TXN-27025,LNK-60245,2020-04-01,2020-04-02,809.53,796.90
TXN-92567,LNK-60245,2020-05-01,2020-05-06,820.11,805.88
TXN-86978,LNK-60245,2020-06-01,,786.64,0.00
TXN-45391,LNK-63722,2026-02-01,2026-01-30,1611.87,1608.87
TXN-35148,LNK-63722,2026-03-01,NULL,1552.97,0.00
TXN-63613,LNK-63722,2026-04-01,2026-04-03,1632.27,1625.10
TXN-81870,LNK-63722,2026-05-01,2026-04-28,1561.87,"$1,555.67"
TXN-24502,LNK-80963,2020-11-01,2020-11-02, 5007.16 ,4935.53
TXN-34832,LNK-80963,2020-12-01,,4882.08,0.00
TXN-21553,LNK-80963,2021-01-01,2020-12-30,4800.99,4792.31
TXN-48742,LNK-80963,2021-02-01,2021-03-16,4752.04,4721.19
TXN-53652,LNK-80963,2021-03-01,2021-02-27,4907.17,4844.13
TXN-40658,LNK-35664,2019-04-01,2019-03-30,728.62,719.26
TXN-90694,LNK-35664,2019-05-01,2019-05-10,726.26,478.31
TXN-46890,LNK-35664,2019-06-01,2019-06-05,722.28,708.59
TXN-82457,LNK-35664,2019-07-01,2019-07-03,718.96,716.02
TXN-95204,LNK-11561,2023-02-01,2023-02-09,2414.69,1678.22
TXN-11092,LNK-11561,2023-03-01,,2345.62,0.00
TXN-71409,LNK-11561,2023-04-01,2023-04-12,2319.78,1479.40
TXN-27531,LNK-44540,2024-12-01,2024-12-06,5006.42,2516.60
TXN-12954,LNK-44540,2025-01-01,,5149.48,0.00
TXN-67755,LNK-44540,2025-02-01,2025-02-10,5162.19,5124.90
TXN-79727,LNK-55381,09/01/2021,2021-08-30,2191.09,2167.33
TXN-42794,LNK-55381,2021-10-01,2021-12-15,2120.47,2021.23
TXN-55446,LNK-55381,2021-11-01,2021-12-05,2147.88,2092.71
TXN-97351,LNK-55381,2021-12-01,2021-12-03,2171.45,2163.70
TXN-77899,LNK-85939,2026-05-01,2026-05-13,2727.19,694.35
TXN-46309,LNK-85939,2026-06-01,2026-06-05,2786.36,2759.24
TXN-53156,LNK-85939,2026-07-01,2026-07-24,2674.08,1850.70
TXN-80214,LNK-91388,2021-05-01,2021-05-09,842.43,841.64
TXN-49494,LNK-91388,2021-06-01,2021-06-05,863.62,854.22
TXN-17100,LNK-91388,2021-07-01,2021-07-08,825.20,816.14
TXN-27322,LNK-78607,2025-08-01,2025-08-04,3587.62,3531.28
TXN-31183,LNK-78607,2025-09-01,2025-09-02,3621.41,1671.14
TXN-68128,LNK-78607,2025-10-01,2025-09-28,"$3,521.39",3506.16
TXN-73368,LNK-75341,2023-08-01,2023-08-05,2026.47,2016.31
TXN-59657,LNK-75341,2023-09-01,2023-09-18,"$2,055.45",2043.07
TXN-99905,LNK-75341,2023-10-01,2023-10-08,1961.34,1927.42
TXN-10759,LNK-75341,2023-11-01,,1961.90,0.00
TXN-26990,LNK-75341,2023-12-01,2023-12-11,2064.17,2037.64
TXN-22556,LNK-43245,2026-06-01,2026-06-11,3104.89,3062.19
TXN-82614,LNK-43245,2026-07-01,2026-07-05,3136.85,3091.54
TXN-17127,LNK-9326,2026-03-01,2026-03-10,1232.01,1226.07
TXN-65516,LNK-9326,2026-04-01,2026-04-25,1296.37,441.39
TXN-66856,LNK-9326,05/01/2026,,"$1,287.93",0.00
TXN-73556,LNK-9326,2026-06-01,2026-06-04,1284.06,1275.41
TXN-26580,LNK-9326,2026-07-01,2026-07-18,1231.00,624.12
TXN-54007,LNK-75420,2022-04-01,2022-04-13,2159.09,2135.97
TXN-33178,LNK-75420,2022-05-01,2022-05-03,2066.91,1219.95
TXN-68815,LNK-75420,2022-06-01,2022-06-03,2088.30,2046.98
TXN-87414,LNK-75420,07/01/2022,2022-07-27, 2175.21 ,2106.06
TXN-35158,LNK-75420,2022-08-01,2022-08-09,2118.71,2094.55
TXN-85102,LNK-75420,2022-08-01,2022-08-09,2118.71,2094.55
TXN-47188,LNK-75420,2022-09-01,2022-08-31,2169.19,"$2,164.92"
TXN-43349,LNK-50856,2020-09-01,2020-09-02,1494.18,1487.88
TXN-45521,LNK-50856,2020-10-01,2020-09-28,"$1,544.90",1521.28
TXN-55990,LNK-50856,2020-11-01,2020-11-08,1574.83,1573.23
TXN-42672,LNK-50856,2020-11-01,2020-11-08,1574.83,1573.23
TXN-26111,LNK-50856,2020-12-01,2020-12-13,1491.54,1468.56
TXN-87168,LNK-50856,2021-01-01,2021-01-12,1532.86,1526.06
TXN-15012,LNK-50856,2021-02-01,2021-02-14,1573.79,448.89
TXN-63160,LNK-73970,2021-02-01,2021-02-13,2272.33, 1029.25 
TXN-67678,LNK-73970,2021-03-01,2021-04-06,2217.05,2163.03
TXN-74066,LNK-73970,2021-04-01,2021-04-13,2223.52,2210.19
TXN-48945,LNK-73970,2021-05-01,2021-05-07,2241.36,2235.86
TXN-93974,LNK-43372,2021-06-01,2021-07-15,737.00,504.31
TXN-28840,LNK-43372,2021-07-01,2021-07-01,770.15,766.43
TXN-18564,LNK-43372,2021-08-01,2021-08-01,733.60,720.10
TXN-11018,LNK-80887,2024-10-01,2024-11-02,947.64,695.43
TXN-82964,LNK-80887,2024-11-01,2024-11-07,930.15,633.20
TXN-35200,LNK-80887,2024-12-01,2024-12-11,920.04,906.83
TXN-11950,LNK-80887,2025-01-01,2025-01-18,$936.95,907.77
TXN-64510,LNK-80887,2025-02-01,02/03/2025,940.71,925.65
TXN-37341,LNK-32877,2024-11-01,2024-12-18,1264.36,1212.09
TXN-46265,LNK-32877,2024-12-01,2024-12-09,1326.78,1318.10
TXN-48699,LNK-32877,2025-01-01,2024-12-31,1297.56,1297.20
TXN-36201,LNK-32877,2025-02-01,2025-03-06,1254.77,878.34
TXN-74219,LNK-66673,2024-02-01,,1796.82,0.00
TXN-23479,LNK-66673,2024-03-01,2024-04-10,1839.00,1315.35
TXN-12541,LNK-6856,2019-04-01,2019-04-03,1312.48,1301.25
TXN-99508,LNK-6856,2019-05-01,2019-05-08,1272.08,1261.56
TXN-97849,LNK-6856,2019-06-01,06/13/2019,1303.14,1296.60
TXN-78004,LNK-6856,2019-07-01,2019-07-03,1258.03,1252.42
TXN-43580,LNK-6856,2019-08-01,2019-07-30,1272.49,"$1,257.48"
TXN-57720,LNK-6856,2019-08-01,2019-07-30,1272.49,"$1,257.48"
TXN-31899,LNK-89470,2024-08-01,2024-07-30,2719.84,2706.24
TXN-53474,LNK-89470,2024-09-01,2024-09-05,2691.72,2657.59
TXN-68243,LNK-89470,2024-10-01,,2811.91,0.00
TXN-55332,LNK-89470,2024-11-01,2024-11-02,2715.21,2700.78
TXN-45333,LNK-89470,2024-12-01,2024-12-04,2792.55,2773.21
TXN-34287,LNK-89470,2025-01-01,,2710.47,0.00
TXN-40024,LNK-36992,01/01/2020,2020-01-08,3421.53,3401.09
TXN-70319,LNK-36992,2020-02-01,2020-02-26,3405.80,3375.85
TXN-41234,LNK-36992,2020-03-01,2020-03-10,3433.02,3387.65
TXN-54251,LNK-19018,2019-04-01,2019-04-11,1170.00,1162.98
TXN-37623,LNK-19018,2019-05-01,2019-05-24,1170.62,503.77
TXN-43828,LNK-19018,2019-06-01,2019-06-29,1191.90,1186.06
TXN-84123,LNK-19018,2019-07-01,2019-07-08,1178.08,1160.29
TXN-69802,LNK-19018,2019-08-01,2019-08-05,1195.04,1178.32
TXN-26456,LNK-19018,2019-09-01,2019-09-07,1191.79,1183.11
TXN-50828,LNK-33096,2019-09-01,2019-09-10, 3686.32 ,3616.63
TXN-78363,LNK-33096,2019-10-01,2019-10-11,3771.26,"$3,704.73"
TXN-64971,LNK-33096,2019-11-01,2019-11-12,3601.21,3580.97
TXN-48088,LNK-33096,2019-11-01,2019-11-12,3601.21,3580.97
TXN-78183,LNK-24519,2021-05-01,2021-05-11,2418.22,2406.74
TXN-91092,LNK-24519,2021-06-01,,2313.02,0.00
TXN-76806,LNK-24519,2021-07-01,2021-07-12,2349.62,2346.63
TXN-95288,LNK-24519,2021-08-01,2021-08-12,2345.12,2312.64
TXN-95210,LNK-47438,2025-11-01,,1481.41,0.00
TXN-35406,LNK-47438,2025-12-01,2025-12-01,1475.81,1473.85
TXN-31740,LNK-6220,2026-01-01,12/30/2025,1905.28,1892.12
TXN-31143,LNK-6220,2026-02-01,2026-02-05,1915.07,"$1,914.78"
TXN-53579,LNK-81805,2023-04-01,2023-06-06,2871.66,2844.50
TXN-38986,LNK-81805,2023-05-01,,2839.13,0.00
TXN-54124,LNK-81805,2023-06-01,2023-06-01, 2917.11 ,2861.35
TXN-13442,LNK-81805,2023-07-01,07/13/2023,2850.78,2825.64
TXN-34149,LNK-41685,2022-02-01,2022-02-13,2190.47,2158.05
TXN-33848,LNK-41685,2022-03-01,,2247.78,0.00
TXN-68626,LNK-89835,2021-01-01,2021-01-25,2125.30,$688.23
TXN-68450,LNK-89835,02/01/2021,2021-02-13,2137.74,2096.81
TXN-44282,LNK-89835,2021-03-01,2021-04-09,2113.89,1158.30
TXN-95333,LNK-89835,2021-04-01,2021-04-07,2067.02,2028.15
TXN-61844,LNK-5809,2019-05-01,2019-05-11,2185.09,2147.93
TXN-93846,LNK-5809,2019-06-01,2019-06-11,2172.39,2169.94
TXN-85905,LNK-5809,2019-07-01,2019-06-28,2217.82,2180.68
TXN-10960,LNK-66191,2022-09-01,2022-09-07,2314.82,2306.10
TXN-35226,LNK-66191,2022-10-01,2022-09-30,2316.27,2309.91
TXN-40153,LNK-66191,2022-11-01,11/08/2022,2385.20,2352.67
TXN-77872,LNK-66191,2022-12-01,2022-12-02,2353.51,2310.83
TXN-43396,LNK-66191,2023-01-01,2023-01-09,2320.75,2303.98
TXN-74507,LNK-66191,2023-02-01,,2314.80,0.00
TXN-24507,LNK-42441,07/01/2020,07/03/2020,1508.21,1484.52
TXN-38799,LNK-42441,2020-08-01,2020-08-06,"$1,476.12",1465.68
TXN-72496,LNK-42441,2020-09-01,2020-11-04,1502.71,1484.36
TXN-11246,LNK-42441,2020-10-01,2020-10-13,1563.91,1542.19
TXN-54498,LNK-42441,2020-11-01,2020-12-08,1545.35,395.86
TXN-79187,LNK-42441,2020-12-01,2021-01-15,1526.64,709.63
TXN-74763,LNK-53184,2024-01-01,2024-01-06,2105.09,2098.36
TXN-74365,LNK-53184,2024-02-01,2024-02-01,2020.36,2009.96
TXN-53904,LNK-53184,2024-03-01,2024-04-14,2062.51,1376.88
TXN-28400,LNK-53184,2024-04-01,,2118.94,0.00
TXN-31319,LNK-53184,2024-05-01,2024-05-05,2045.72,2034.15
TXN-33910,LNK-53184,2024-06-01,NULL,2049.97,0.00
TXN-20814,LNK-7839,2023-11-01,2023-12-12,2738.12,2620.55
TXN-99495,LNK-7839,2023-12-01,2023-12-13,2673.81,2663.87
TXN-92129,LNK-85109,2025-06-01,NULL,803.08,0.00
TXN-97525,LNK-85109,2025-07-01,2025-07-30,835.64,368.59
TXN-30992,LNK-85109,2025-08-01,2025-07-30,805.60,799.63
TXN-15916,LNK-85109,2025-09-01,2025-09-01,801.62,795.49
TXN-14397,LNK-85109,2025-10-01,2025-09-28,830.36,829.55
TXN-50027,LNK-85109,2025-11-01,2025-11-21,839.87,223.12
TXN-11600,LNK-15371,2026-03-01,,3516.55,0.00
TXN-93085,LNK-15371,2026-04-01,03/29/2026,3670.24,3642.15
TXN-29700,LNK-15371,2026-05-01,2026-05-02,3536.52,3487.24
TXN-38153,LNK-15371,2026-06-01,2026-06-07,3522.11,3467.48
TXN-96734,LNK-15371,2026-07-01,2026-07-27,3563.29,2573.77
TXN-46861,LNK-43523,2022-06-01,2022-06-02,2922.42,2911.31
TXN-52921,LNK-43523,2022-06-01,2022-06-02,2922.42,2911.31
TXN-27414,LNK-43523,2022-07-01,2022-07-12,3030.55,3004.39
TXN-16191,LNK-61875,2023-02-01,2023-02-04,1364.94,1353.46
TXN-34607,LNK-61875,2023-03-01,2023-03-10,1336.49,1316.53
TXN-39634,LNK-61875,2023-04-01,2023-04-01,1323.67,1321.88
TXN-98853,LNK-77507,2020-09-01,,1458.23,$0.00
TXN-81433,LNK-77507,2020-10-01,2020-10-01,1428.47,1423.41
TXN-72727,LNK-77507,2020-11-01,,1457.95,0.00
TXN-93963,LNK-77507,2020-12-01,2020-12-06,1389.15,1388.29
TXN-37631,LNK-77507,2021-01-01,NULL,1440.33,0.00
TXN-82485,LNK-6943,2024-08-01,2024-07-31,2441.00,"$2,440.54"
TXN-49545,LNK-6943,2024-09-01,2024-09-02,2405.46,2400.30
TXN-58881,LNK-6943,2024-10-01,2024-10-05,2403.48,1668.55
TXN-37550,LNK-6943,2024-11-01,2024-11-03,2441.10,2438.76
TXN-57043,LNK-6943,2024-12-01,2025-01-02,2354.06,1654.39
TXN-14309,LNK-6943,2025-01-01,2025-01-11,2423.28,2399.74
TXN-17121,LNK-91710,2022-08-01,,3272.99,0.00
TXN-26419,LNK-91710,2022-09-01,2022-09-04,3336.18,3327.54
TXN-22710,LNK-91710,2022-10-01,2022-09-30,3311.86,3267.41
TXN-51139,LNK-91710,2022-11-01,2022-11-02,3293.44,3261.85
TXN-96941,LNK-47566,2024-10-01,09/29/2024,1956.01,1923.69
TXN-63919,LNK-47566,2024-11-01,2024-12-16,2014.75,885.23
TXN-81177,LNK-47566,2024-12-01,2024-12-29,1917.66,987.95
TXN-35987,LNK-47566,2025-01-01,2025-01-12,1992.08,1953.23
TXN-62811,LNK-47566,2025-02-01,02/03/2025,1975.00,"$1,971.32"
TXN-59490,LNK-68862,2019-11-01,2019-10-31,3790.89,3770.63
TXN-64460,LNK-68862,2019-12-01,2020-01-19,3693.37,3579.99
TXN-84165,LNK-68862,2020-01-01,2020-01-12,3774.15,3752.64
TXN-46676,LNK-68862,02/01/2020,2020-03-07,3721.46,1399.14
TXN-93876,LNK-71855,2024-01-01,2023-12-30,3381.18,3354.91
TXN-34736,LNK-71855,2024-02-01,2024-03-06,3504.31,2617.26
TXN-63359,LNK-71855,2024-03-01,2024-04-12,3533.42,893.68
TXN-54410,LNK-31870,2019-09-01,2019-09-08,699.00,691.92
TXN-76552,LNK-31870,2019-10-01,2019-10-09,700.64,$689.81
TXN-91633,LNK-31870,2019-11-01,2019-10-31,706.59,706.49
TXN-49871,LNK-31870,2019-12-01,,705.32,0.00
TXN-90783,LNK-68811,2022-01-01,2022-01-11,3242.35,3193.24
TXN-19293,LNK-68811,2022-02-01,2022-02-21,3168.97,3130.41
TXN-89397,LNK-68811,03/01/2022,2022-03-12,3240.19,3196.08
TXN-85628,LNK-75668,2021-05-01,2021-05-11,3472.23,3467.72
TXN-72866,LNK-75668,2021-06-01,2021-06-11,3571.86,1398.78
TXN-81041,LNK-75668,2021-07-01,2021-09-08,3430.47,3374.32
TXN-52085,LNK-75668,2021-08-01,2021-08-10,3485.63,3454.34
TXN-24970,LNK-75668,2021-09-01,2021-10-31,3507.49,3379.32
TXN-38816,LNK-75668,2021-10-01,2021-10-06,3413.12,1531.97
TXN-94315,LNK-61899,2025-02-01,2025-03-13,2982.65,1172.68
TXN-50577,LNK-61899,2025-03-01,2025-05-10,3011.55,3001.96
TXN-48503,LNK-61899,2025-04-01,2025-05-14,2872.25,2760.49
TXN-51313,LNK-61899,2025-05-01,05/11/2025,2857.94,2845.95
TXN-52040,LNK-61899,2025-06-01,2025-06-05,2922.04, 2881.09 
TXN-42457,LNK-29760,2020-11-01,11/07/2020,2601.44,2568.70
TXN-31182,LNK-29760,2020-12-01,2020-12-05,2613.12,2571.99
TXN-88180,LNK-29760,2021-01-01,2021-02-08,2571.68,1568.19
TXN-61101,LNK-39770,2020-03-01,,3214.52,0.00
TXN-75273,LNK-39770,2020-04-01,2020-04-05,3318.68,3286.62
TXN-75185,LNK-39770,2020-05-01,2020-06-23,3323.21,3295.35
TXN-34889,LNK-39770,2020-06-01,2020-06-06,3243.95,"$3,206.34"
TXN-74435,LNK-55254,2023-03-01,2023-04-14,1366.08,688.25
TXN-51320,LNK-55254,2023-04-01,NULL,1381.40,0.00
TXN-86223,LNK-55254,2023-05-01,2023-06-04,1334.65,949.04
TXN-50843,LNK-55254,2023-06-01,2023-06-04,1348.10,1324.97
TXN-30468,LNK-53743,2025-12-01,,1475.07,0.00
TXN-80991,LNK-53743,2026-01-01,2026-02-05,1453.41,1424.06
TXN-37392,LNK-53743,2026-02-01,2026-02-01,1428.06,1426.74
TXN-21631,LNK-53743,2026-03-01,2026-03-03,1423.30,623.55
TXN-75992,LNK-53743,2026-04-01,2026-04-18,1462.19,915.45
TXN-94845,LNK-95688,2025-01-01,2025-02-09,928.69,904.26
TXN-81254,LNK-95688,2025-02-01,2025-04-10,944.24,901.54
TXN-78858,LNK-97650,2025-03-01,,2079.65,0.00
TXN-96159,LNK-97650,2025-04-01,2025-04-22,2075.13,1978.32
TXN-61628,LNK-97650,05/01/2025,2025-05-02,2084.44,2077.31
TXN-24258,LNK-97650,06/01/2025,2025-08-02,2094.56,2026.30
TXN-62109,LNK-97650,2025-07-01,2025-06-28,2165.27,2150.19
TXN-64890,LNK-97650,2025-08-01,2025-08-12,2165.01,2122.13
TXN-62435,LNK-23527,2020-08-01,2020-08-03,2870.45,2091.67
TXN-40091,LNK-23527,2020-09-01,2020-08-29,2893.40,2884.89
TXN-41963,LNK-23527,2020-10-01,2020-09-30,2948.40,2928.13
TXN-49244,LNK-23527,2020-11-01,2020-12-22,2805.24,2746.07
TXN-34218,LNK-23527,2020-12-01,,2907.62,0.00
TXN-77128,LNK-23527,2021-01-01,2020-12-30,2850.55,2818.65
TXN-14546,LNK-65962,2022-06-01,2022-08-13,3296.77,3229.55
TXN-89065,LNK-65962,2022-07-01,2022-07-02,3424.34,3401.45
TXN-20710,LNK-65962,2022-08-01,2022-08-01,3274.16,3264.83
TXN-22766,LNK-65962,2022-09-01,,3258.43,0.00
TXN-54455,LNK-65962,2022-10-01,2022-10-08,3380.69,"$3,313.44"
TXN-44025,LNK-65962,2022-11-01,2022-11-01,3368.95,3343.11
TXN-24733,LNK-64334,2023-01-01,2023-02-19,6905.57,6664.94
TXN-59692,LNK-64334,2023-02-01,2023-02-06,6939.83,6836.90
TXN-76931,LNK-64334,2023-03-01,2023-03-25,7039.96,4576.77
TXN-48709,LNK-84956,2025-02-01,2025-01-30,2182.21,2147.40
TXN-70867,LNK-84956,2025-03-01,2025-03-03,2208.79,2185.36
TXN-69808,LNK-84956,2025-04-01,2025-03-29,2197.97,2180.30
TXN-10746,LNK-34092,2020-01-01,2020-01-06,1313.76,1287.73
TXN-56692,LNK-34092,2020-02-01,2020-02-08,1329.35,1323.22
TXN-98783,LNK-44054,2022-07-01,2022-07-09,3794.28,3744.27
TXN-43967,LNK-44054,2022-08-01,2022-07-30,3704.84,3691.43
TXN-97407,LNK-44054,2022-09-01,2022-08-31,3607.92,3566.34
TXN-85218,LNK-44054,2022-10-01,2022-09-29,3773.50,3738.16
TXN-24918,LNK-44054,2022-11-01,2022-11-12,3609.19,3576.97
TXN-19261,LNK-44054,2022-12-01,2022-12-04,3607.14,3583.98
TXN-98418,LNK-9799,2026-05-01,2026-05-13,2418.64,2372.53
TXN-98533,LNK-9799,2026-06-01,2026-05-29,2372.09,2336.47
TXN-44164,LNK-46158,2019-06-01,2019-05-29,1991.85,1959.68
TXN-14142,LNK-46158,2019-07-01,2019-07-17,2030.66,772.42
TXN-66180,LNK-46158,2019-08-01,2019-08-07,2007.89,2001.58
TXN-58659,LNK-46158,2019-09-01,2019-09-11,2094.88,2092.16
TXN-94279,LNK-46158,2019-10-01,2019-10-17,2000.71,$983.00
TXN-45424,LNK-46158,2019-11-01,2019-11-19,2034.80,949.30
TXN-74755,LNK-36720,2021-03-01,2021-03-11,839.77,831.83
TXN-62001,LNK-36720,2021-04-01,2021-04-22,829.66,555.10
TXN-56316,LNK-36720,2021-05-01,2021-05-02,825.36,817.28
TXN-22535,LNK-36720,2021-06-01,2021-06-05,820.20,820.14
TXN-33789,LNK-46652,2019-03-01,2019-02-28,1505.21,1493.00
TXN-65583,LNK-46652,2019-04-01,,1543.32,0.00
TXN-73239,LNK-46652,2019-05-01,2019-05-09,1535.25,1083.95
TXN-99689,LNK-49351,2026-01-01,2026-01-02,2132.45,680.12
TXN-93953,LNK-49351,2026-02-01,,2105.64,$0.00
TXN-95005,LNK-49351,2026-03-01,2026-05-06,"$2,156.21",2111.51
TXN-45849,LNK-49351,2026-04-01,2026-04-03,2131.35,2099.07
TXN-88270,LNK-49351,2026-05-01,05/12/2026,2056.26,2051.16
TXN-12301,LNK-10637,2020-05-01,2020-05-05,1251.41,1227.94
TXN-70034,LNK-10637,2020-06-01,2020-08-10,1246.42,1196.09
TXN-56722,LNK-10637,2020-07-01,2020-07-07,1225.87,1215.66
TXN-39575,LNK-10637,2020-08-01,2020-09-04,1251.30,506.28
TXN-55669,LNK-10637,2020-09-01,2020-09-07,1231.57,1218.15
TXN-23285,LNK-10637,2020-10-01,,1207.37,0.00
TXN-36254,LNK-33536,2019-02-01,NULL,2150.12,0.00
TXN-77305,LNK-33536,2019-03-01,03/11/2019,2143.84,2105.94
TXN-42541,LNK-33536,2019-04-01,2019-03-29,2184.54,2154.66
TXN-44170,LNK-2617,2023-06-01,2023-06-04,"$2,614.75",2606.36
TXN-57932,LNK-2617,2023-07-01,NULL,2610.71,0.00
TXN-64162,LNK-2617,2023-08-01,2023-08-07,2697.75,2695.15
TXN-31530,LNK-2617,2023-09-01,2023-09-07,2620.79,2596.28
TXN-84091,LNK-2617,2023-10-01,2023-09-30,2719.03,2683.16
TXN-38333,LNK-2617,2023-11-01,2023-11-30,2668.79,2628.91
TXN-38970,LNK-44343,2025-10-01,2025-10-05,1136.36,500.46
TXN-49580,LNK-44343,2025-11-01,2025-11-26,1142.93,1119.10
TXN-97387,LNK-44343,2025-12-01,2025-12-08,1165.64,1162.16
TXN-88721,LNK-75766,2021-10-01,2021-10-08,3067.50,3028.48
TXN-52625,LNK-75766,2021-11-01,2021-11-26,3105.12,1140.20
TXN-65306,LNK-10567,2019-08-01,2019-09-01,2123.54,1377.32
TXN-53347,LNK-10567,2019-09-01,2019-11-03,2127.20,2103.79
TXN-24233,LNK-10567,2019-10-01,2019-10-06,2170.25,2152.90
TXN-53864,LNK-10567,2019-11-01,2020-01-02,2235.75,2154.47
TXN-79716,LNK-75847,2021-08-01,2021-08-11,1114.00,1108.59
TXN-30123,LNK-75847,2021-09-01,2021-09-07,1129.22,1119.89
TXN-30298,LNK-75847,2021-10-01,2021-10-11,1091.87,1071.77
TXN-38004,LNK-75847,2021-11-01,2021-11-04,1109.87,"$1,091.73"
TXN-16909,LNK-59138,2019-11-01,2019-12-02,1179.57,358.58
TXN-87846,LNK-59138,2019-12-01,2019-11-28,1154.11,1140.71
TXN-49234,LNK-60469,2025-06-01,2025-07-15,2238.24,1046.23
TXN-73824,LNK-60469,2025-07-01,2025-07-01,2194.57,2185.95
TXN-62574,LNK-13903,2020-05-01,2020-05-06,746.09,737.40
TXN-14763,LNK-13903,2020-06-01,2020-06-08,738.18,724.93
TXN-54845,LNK-13903,2020-07-01,2020-07-04,738.22,727.63
TXN-84392,LNK-13903,2020-08-01,2020-08-20,761.02,744.85
TXN-65955,LNK-13903,2020-09-01,2020-09-04,738.80,724.58
TXN-68650,LNK-13903,2020-10-01,2020-10-09,723.00,722.59
TXN-63514,LNK-87563,2021-05-01,2021-04-28,2224.17,2179.97
TXN-57714,LNK-87563,2021-06-01,2021-06-07,2312.62,2308.57
TXN-97817,LNK-87563,2021-07-01,2021-07-09,2214.61,2184.38
TXN-66720,LNK-16435,2021-11-01,2021-11-11,3354.35,3332.76
TXN-20977,LNK-16435,2021-12-01,2022-01-25,3320.33,3167.72
TXN-31990,LNK-16435,2022-01-01,2022-01-02,3314.74,3252.62
TXN-45803,LNK-16435,2022-02-01,2022-01-29,3336.94,3307.21
TXN-83998,LNK-16435,2022-03-01,2022-03-11,3205.98,3194.25
TXN-81850,LNK-57440,2021-05-01,2021-05-11,2168.21,2145.29
TXN-99574,LNK-57440,2021-06-01,2021-06-09,2131.86,2122.13
TXN-38637,LNK-57440,2021-07-01,2021-07-08,2106.85,2088.06
TXN-40165,LNK-96991,2025-11-01,2025-12-06,7037.50,6688.26
TXN-49129,LNK-96991,2025-12-01,2025-12-08,7244.83,7215.26
TXN-43848,LNK-96991,2026-01-01,2026-01-01,7351.00,7306.56
TXN-22795,LNK-19894,2019-10-01,2019-11-09,1765.20,1224.69
TXN-50928,LNK-19894,2019-11-01,2019-11-23,1747.67,1214.08
TXN-60055,LNK-19894,2019-12-01,NULL,1726.80,0.00
TXN-73669,LNK-46718,2026-04-01,2026-05-04,1414.04,954.55
TXN-86022,LNK-46718,2026-05-01,2026-05-06,1459.82,1439.10
TXN-60391,LNK-38667,2019-03-01,,1475.13,0.00
TXN-36829,LNK-38667,2019-04-01,2019-04-12,1430.22,1407.92
TXN-76748,LNK-38667,2019-05-01,2019-05-08,1488.15,1458.74
TXN-86950,LNK-38667,2019-06-01,2019-06-02,1432.23,1411.04
TXN-29625,LNK-38667,2019-07-01,2019-06-29,1500.67,1470.91
TXN-58709,LNK-49015,2020-01-01,2020-01-17,2810.41,922.17
TXN-98112,LNK-49015,2020-02-01,2020-02-07, 2670.56 ,2627.70
TXN-31627,LNK-64201,2023-07-01,,"$1,571.69",0.00
TXN-90626,LNK-64201,2023-08-01,2023-08-12,1551.87,1529.77
TXN-23228,LNK-64201,2023-09-01,2023-09-06,1619.30,1612.59
TXN-47520,LNK-91266,2023-02-01,2023-03-02,1366.78,785.44
TXN-94228,LNK-91266,2023-03-01,2023-03-10,1404.21,867.25
TXN-88041,LNK-76631,2021-11-01,2021-11-09,1839.89,1824.49
TXN-39324,LNK-76631,2021-12-01,2021-11-29,1809.85,1784.59
TXN-72054,LNK-76631,2022-01-01,2022-01-11,1784.78,1778.30
TXN-37944,LNK-76631,2022-02-01,2022-02-09,1807.53,1775.31
TXN-54412,LNK-31932,2024-06-01,2024-06-13,2447.69,2411.31
TXN-93777,LNK-31932,2024-07-01,,2403.82,0.00
TXN-95472,LNK-31932,2024-08-01,2024-09-24,2461.30,2395.44
TXN-96223,LNK-31932,2024-09-01,2024-09-08,2355.21,2332.47
TXN-30913,LNK-37010,2025-11-01,2025-11-10,2005.60,1982.92
TXN-90363,LNK-37010,2025-12-01,2025-12-09,1942.50,1941.65
TXN-16251,LNK-37010,2026-01-01,2026-01-11,1904.28,1897.33
TXN-78058,LNK-37010,2026-02-01,2026-01-30,1953.35,1950.19
TXN-39450,LNK-37010,2026-03-01,2026-03-29, 1901.41 , 1842.01 
TXN-21015,LNK-37010,2026-04-01,2026-04-04,1997.24,1977.21
TXN-20520,LNK-46398,2020-02-01,2020-02-13,3704.03,3658.48
TXN-61221,LNK-46398,2020-03-01,,3748.89,0.00
TXN-96416,LNK-46398,2020-04-01,,3698.53,0.00
TXN-77460,LNK-46398,2020-05-01,2020-05-07, 3648.93 ,3585.22
TXN-65287,LNK-46398,2020-06-01,2020-05-29,3581.05,3574.66
TXN-68678,LNK-46398,2020-07-01,2020-08-08,3728.97,975.44
TXN-44593,LNK-99886,2025-09-01,2025-09-13,3211.06,3180.98
TXN-44550,LNK-99886,2025-10-01,,3206.51,$0.00
TXN-68722,LNK-99886,2025-11-01,2025-11-07,3226.84,3188.84
TXN-78704,LNK-99886,2025-12-01,2025-12-09,3159.12,3154.56
TXN-67256,LNK-99886,2026-01-01,2026-01-11,3180.13,3126.46
TXN-69034,LNK-99886,2026-02-01,2026-02-11,3121.80,3080.66
TXN-36136,LNK-69614,2021-08-01,2021-09-26,3028.21,2934.36
TXN-27190,LNK-69614,09/01/2021,2021-08-30,3052.16,3037.80
TXN-10425,LNK-69614,2021-10-01,2021-11-15,3168.61,1427.16
TXN-69967,LNK-69614,2021-11-01,2021-11-10,3134.69,3125.96
TXN-18298,LNK-69614,2021-12-01,2021-12-23,3102.64,2997.27
TXN-21358,LNK-40691,2025-04-01,2025-05-14,1384.54, 1376.88 
TXN-22730,LNK-40691,2025-05-01,2025-05-12,1341.91,1339.83
TXN-62943,LNK-40691,2025-06-01,2025-07-10,1349.51,1307.72
TXN-90889,LNK-92937,2020-05-01,2020-04-28,2055.70,2021.58
TXN-43194,LNK-92937,2020-06-01,2020-06-22,2075.86,1996.89
TXN-42901,LNK-92937,2020-07-01,07/08/2020,2067.00,2066.47
TXN-25026,LNK-92937,2020-08-01,NULL,2173.39,0.00
TXN-96922,LNK-92937,2020-09-01,2020-09-02,2089.15,2084.06
TXN-81902,LNK-92937,2020-10-01,2020-09-29,2165.50,2130.05
TXN-28753,LNK-49374,2025-10-01,2025-09-29,2930.99,2895.84
TXN-61627,LNK-49374,2025-11-01,2025-12-10,"$2,947.15",1900.70
TXN-89013,LNK-64532,2025-12-01,2025-12-06,"$1,539.34",1534.50
TXN-75287,LNK-64532,2026-01-01,2026-01-03,1558.04,"$1,547.64"
TXN-97721,LNK-64532,2026-02-01,2026-02-23,1582.57,426.17
TXN-20762,LNK-64532,2026-03-01,2026-04-15,1506.46,1496.39
TXN-76105,LNK-64532,2026-04-01,2026-05-28,1531.89,1526.85
TXN-71202,LNK-69875,2020-08-01,2020-09-29,3164.50,3074.21
TXN-99983,LNK-69875,2020-09-01,2020-10-15,3291.35,3140.43
TXN-17454,LNK-69875,10/01/2020,2020-10-06,3149.67,"$3,114.90"
TXN-24929,LNK-55090,2021-06-01,2021-06-19,2200.29,2104.32
TXN-54935,LNK-55090,2021-07-01,2021-07-12,2107.16,2105.50
TXN-39921,LNK-55090,2021-08-01,2021-09-18,2151.77,2106.74
TXN-84906,LNK-58377,2021-07-01,2021-07-11,2214.74,"$2,210.27"
TXN-82889,LNK-58377,2021-08-01,2021-08-17,2202.02,2161.71
TXN-98246,LNK-58377,2021-09-01,2021-09-12,2167.21,2158.81
TXN-70594,LNK-58377,2021-10-01,2021-10-11,2215.09,2203.50
TXN-45144,LNK-48419,2026-03-01,2026-03-13,1628.57,1626.49
TXN-12746,LNK-48419,2026-04-01,2026-04-01,1623.11,1593.82
TXN-55972,LNK-48419,2026-05-01,2026-05-09,1689.94,1667.90
TXN-45634,LNK-48419,2026-06-01,2026-06-06,1636.26,1615.56
TXN-20124,LNK-48419,2026-07-01,2026-06-30,1631.28,1598.74
TXN-85715,LNK-80457,2022-09-01,2022-09-29,1607.19,1551.62
TXN-18465,LNK-80457,2022-10-01,2022-10-12,1601.82,"$1,587.26"
TXN-86410,LNK-80457,2022-11-01,2022-11-22,1625.15,1572.09
TXN-86783,LNK-43987,2020-06-01,2020-05-29,1595.86,1580.10
TXN-86423,LNK-43987,2020-07-01,2020-07-02,1602.82,1581.66
TXN-49220,LNK-43987,2020-08-01,2020-08-12,1620.32,1593.27
TXN-88849,LNK-43987,2020-09-01,2020-09-10,1624.73,1620.21
TXN-80019,LNK-43987,2020-10-01,2020-10-01,1557.21,1553.37
TXN-92953,LNK-85123,2022-04-01,2022-05-12,1994.62,655.24
TXN-51730,LNK-85123,2022-05-01,2022-05-06,2009.53,1973.74
TXN-96066,LNK-85123,2022-06-01,2022-06-07,1999.48,1977.60
TXN-25910,LNK-85123,2022-07-01,2022-07-04,2042.02,2022.69
TXN-26011,LNK-85123,2022-08-01,2022-08-13,2033.68,2032.21
TXN-73050,LNK-13672,2022-02-01,2022-02-06,3022.03,2985.18
TXN-47834,LNK-13672,2022-03-01,2022-03-11,2984.91,2957.08
TXN-32108,LNK-13672,2022-04-01,2022-04-05,3023.99,2968.65
TXN-61180,LNK-13672,2022-05-01,2022-05-29,2973.88,2837.01
TXN-20472,LNK-13672,2022-06-01,2022-05-31,"$3,036.29",2997.31
TXN-50829,LNK-56461,2025-05-01,2025-05-10,3246.11,3222.73
TXN-27175,LNK-56461,2025-06-01,2025-06-01, 3337.21 ,3317.91
TXN-28593,LNK-6706,2024-12-01,2024-12-07,2690.30,2654.81
TXN-68181,LNK-6706,2025-01-01,2025-01-22,2690.45,1610.02
TXN-50671,LNK-69494,2026-03-01,2026-02-26,1095.16,1084.25
TXN-13728,LNK-69494,2026-04-01,2026-03-31,1088.63,1083.13
TXN-48881,LNK-69494,2026-05-01,2026-05-07,1071.20,688.22
TXN-20731,LNK-69494,2026-06-01,2026-07-24,1085.78,1067.60
TXN-31997,LNK-69494,2026-07-01,,1060.07,0.00
TXN-31815,LNK-55477,2025-04-01,,2744.35,0.00
TXN-78662,LNK-55477,2025-05-01,2025-06-15,2846.29,2826.82
TXN-99089,LNK-55477,2025-06-01,,2715.99,0.00
TXN-53131,LNK-55477,2025-07-01,2025-07-01,2724.35,2721.76
TXN-75726,LNK-21032,2024-09-01,2024-09-10,7438.64,7368.89
TXN-84148,LNK-21032,2024-10-01,2024-10-13,7374.62,7342.53
TXN-94348,LNK-21032,2024-11-01,2024-11-13,"$7,510.05",7378.63
TXN-38660,LNK-21032,2024-12-01,,7468.45,0.00
TXN-95163,LNK-21032,2025-01-01,2025-01-12,7516.86,7504.13
TXN-70318,LNK-21032,2025-02-01,2025-03-11,7217.37,7143.71
TXN-13926,LNK-38230,2020-08-01,2020-07-29,1952.13,1939.01
TXN-83346,LNK-38230,2020-09-01,2020-09-12,2005.15,"$1,972.70"
TXN-25108,LNK-38230,2020-10-01,2020-12-15,2021.24,1927.76
TXN-16482,LNK-38230,2020-11-01,, 1946.40 ,0.00
TXN-40919,LNK-38230,2020-12-01,2020-12-07,1924.45,1905.11
TXN-55306,LNK-56353,2023-01-01,2023-01-04,551.86,541.32
TXN-69361,LNK-56353,2023-02-01,2023-03-02,564.24,267.94
TXN-99586,LNK-56353,2023-03-01,2023-04-02,543.71, 262.77 
TXN-46187,LNK-56353,2023-04-01,2023-04-08,551.98,550.51
TXN-39331,LNK-56353,2023-05-01,2023-06-02,567.33,217.15
TXN-21445,LNK-56353,2023-06-01,2023-06-13,547.07,539.30
TXN-82950,LNK-86918,2023-04-01,2023-04-02,2363.18,2324.85
TXN-84254,LNK-86918,2023-05-01,2023-05-03,2441.43,2437.61
TXN-25280,LNK-86918,2023-06-01,2023-06-05,2414.07,2387.17
TXN-14854,LNK-41966,2021-08-01,2021-08-13,2869.69,2869.63
TXN-13877,LNK-41966,2021-09-01,2021-09-06,2874.09,786.90
TXN-50814,LNK-19131,2020-11-01,2020-11-29,2621.71,2519.55
TXN-94670,LNK-19131,2020-12-01,2020-12-12,2554.29,2549.41
TXN-86335,LNK-19131,2021-01-01,2021-01-06,2615.13,2580.59
TXN-33518,LNK-80818,2023-08-01,2023-09-12,892.65,877.79
TXN-43451,LNK-80818,2023-09-01,2023-09-03,871.22,865.21
TXN-62693,LNK-80818,2023-10-01,2023-10-04,865.49,856.63
TXN-14784,LNK-80818,2023-11-01,2023-11-05,870.67,854.80
TXN-25796,LNK-80818,2023-12-01,,851.48,0.00
TXN-29752,LNK-79240,2020-09-01,2020-09-04,2913.21,2895.34
TXN-81050,LNK-79240,2020-10-01,2020-10-06,2921.58,2914.41
TXN-92141,LNK-79240,2020-11-01,2020-11-04,2973.98,2959.78
TXN-57024,LNK-79240,2020-12-01,2021-02-07,2903.48,2796.35
TXN-44020,LNK-79240,01/01/2021,2021-03-01,2945.09,2921.17
TXN-97493,LNK-22643,2025-11-01,2025-12-09,1123.18,1081.54
TXN-95822,LNK-22643,2025-12-01,2026-01-11,1149.18, 1114.57 
TXN-84651,LNK-22643,2026-01-01,2026-01-13,1111.94,1108.25
TXN-85356,LNK-37655,11/01/2021,2022-01-04,2323.89,2320.18
TXN-93848,LNK-37655,2021-12-01,2021-12-11,2451.88,2427.61
TXN-69974,LNK-15334,02/01/2020,2020-02-09,2830.58,2807.78
TXN-33421,LNK-15334,2020-03-01,2020-03-01,2825.23,2818.98
TXN-62474,LNK-15334,2020-04-01,2020-05-10,2869.81,2760.33
TXN-39880,LNK-66513,2025-06-01,2025-07-16,"$6,854.22",4057.12
TXN-23135,LNK-66513,2025-07-01,2025-08-17,7008.11,6703.29
TXN-95503,LNK-66513,2025-08-01,2025-08-07,6819.04,6690.77
TXN-53902,LNK-66513,2025-09-01,2025-09-06,7142.81,"$7,003.12"
TXN-16892,LNK-40387,2023-01-01,2023-02-23,2692.24,2629.67
TXN-77107,LNK-40387,2023-02-01,2023-02-01,2630.69,2612.98
TXN-19344,LNK-40387,2023-03-01,,2617.74,0.00
TXN-11032,LNK-40387,2023-04-01,2023-03-29,2752.94,2730.23
TXN-82562,LNK-78993,2026-04-01,2026-04-05,1291.04,1275.95
TXN-66992,LNK-78993,2026-05-01,,1266.89,0.00
TXN-67337,LNK-78993,2026-06-01,2026-07-08,1269.36,1262.53
TXN-67980,LNK-58535,2023-02-01,2023-03-30,3436.76,3344.23
TXN-16918,LNK-58535,2023-03-01,2023-03-14,3519.61,2611.17
TXN-45199,LNK-29477,2024-12-01,NULL,2565.86,0.00
TXN-98603,LNK-29477,2025-01-01,2025-01-08,2562.44,2546.74
TXN-26947,LNK-29477,2025-02-01,,2530.05,0.00
TXN-85778,LNK-29477,03/01/2025,2025-03-02,2519.93,2496.46
TXN-57059,LNK-29477,2025-04-01,2025-03-31,2497.22,2448.11
TXN-68845,LNK-29477,2025-05-01,2025-04-29,2554.32,2512.69
TXN-88482,LNK-81209,2022-06-01,2022-06-05,2892.86,2888.68
TXN-12418,LNK-81209,2022-07-01,2022-07-02,2958.00,2899.08
TXN-37908,LNK-61689,2020-02-01,,2193.55,0.00
TXN-52231,LNK-61689,2020-03-01,2020-03-03,2297.83,2256.66
TXN-46529,LNK-58240,2023-04-01,2023-04-03,2569.38,2556.28
TXN-97916,LNK-58240,2023-05-01,07/04/2023,2552.48,2499.73
TXN-16038,LNK-58240,2023-06-01,2023-06-22,2627.17,1933.49
TXN-60771,LNK-58240,2023-07-01,2023-07-02,2635.49,2611.37
TXN-45502,LNK-31972,2025-02-01,2025-03-29,2750.63,2748.96
TXN-29622,LNK-31972,2025-03-01,2025-03-10,2791.16,2775.03
TXN-95606,LNK-31972,2025-04-01,2025-04-05,2819.15,2809.82
TXN-79237,LNK-31972,2025-05-01,2025-05-10,2756.53,2701.49
TXN-30807,LNK-91133,2024-02-01,2024-02-10,1416.58,1414.70
TXN-39126,LNK-91133,2024-03-01,,1433.85,0.00
TXN-57173,LNK-86813,2024-10-01,2024-10-08,2929.05,2873.68
TXN-84513,LNK-86813,2024-11-01,2024-11-04,2851.92,2837.12
TXN-75647,LNK-86813,2024-12-01,2024-12-01,2834.30,2810.49
TXN-46687,LNK-86813,01/01/2025,2025-01-02,2851.92,2829.04
TXN-79834,LNK-85886,2021-07-01,2021-09-13,2340.68,2334.53
TXN-75893,LNK-85886,2021-08-01,2021-07-30,2333.14,2290.87
TXN-73600,LNK-40289,2021-06-01,2021-06-01,3430.70,3372.03
TXN-30149,LNK-40289,2021-06-01,2021-06-01,3430.70,3372.03
TXN-62219,LNK-40289,2021-07-01,2021-08-25,3409.99,3370.84
TXN-91657,LNK-40289,2021-08-01,2021-08-02,3491.16,3439.91
TXN-96878,LNK-98891,2023-04-01,2023-04-13,1356.04,1331.22
TXN-20314,LNK-98891,2023-05-01,2023-05-20,1343.74,640.98
TXN-80480,LNK-98891,2023-06-01,06/01/2023,1394.64,1387.15
TXN-64876,LNK-98891,2023-07-01,2023-06-28,"$1,350.67",1346.56
TXN-47038,LNK-54591,2023-01-01,2023-01-02,1965.64,1960.61
TXN-77946,LNK-54591,02/01/2023,04/06/2023,1954.12,1952.54
TXN-47022,LNK-54591,2023-03-01,2023-03-10,1981.20,1945.75
TXN-19943,LNK-54591,2023-04-01,2023-04-02,"$2,046.26",2014.18
TXN-33032,LNK-54591,05/01/2023,,2009.87,0.00
TXN-20548,LNK-63613,2023-04-01,2023-04-06,3596.34,1376.19
TXN-66061,LNK-63613,2023-04-01,2023-04-06,3596.34,1376.19
TXN-29479,LNK-63613,05/01/2023,2023-05-03,3746.57,3728.69
TXN-41176,LNK-63613,2023-06-01,2023-06-08,3700.17,3681.46
TXN-46925,LNK-63613,2023-07-01,2023-07-06,3665.06,3600.77
TXN-84643,LNK-63613,2023-08-01,2023-08-06,3590.74,3536.62
TXN-59752,LNK-63613,2023-09-01,2023-10-19,3619.78,3611.37
TXN-14578,LNK-30188,2023-12-01,2024-01-12,3448.43,2275.16
TXN-55897,LNK-30188,2024-01-01,2024-01-03,3416.14,3380.31
TXN-88938,LNK-30188,2024-02-01,2024-02-09,3400.94,"$3,344.16"
TXN-94302,LNK-30188,2024-03-01,2024-03-15,3476.65,1371.94
TXN-36770,LNK-30188,2024-04-01,2024-04-04,3487.56,3429.78
TXN-75503,LNK-30188,2024-05-01,2024-05-06,3414.85,3379.43
TXN-15550,LNK-46745,2025-12-01,2025-12-02,2940.31,2920.15
TXN-61363,LNK-46745,2026-01-01,2026-01-05,2830.86,2820.28
TXN-29164,LNK-97467,2022-01-01,2021-12-29,1246.14,1243.79
TXN-70797,LNK-97467,2022-02-01,2022-04-01,1242.79,1220.28
TXN-28769,LNK-80299,2022-06-01,2022-06-13,778.43,776.82
TXN-39596,LNK-80299,2022-07-01,2022-07-01,766.44,753.73
TXN-53788,LNK-80299,2022-08-01,2022-08-20,779.30,757.31
TXN-28250,LNK-80299,2022-09-01,,794.15,0.00
TXN-61295,LNK-80299,2022-10-01,,794.88,$0.00
TXN-45437,LNK-33302,2023-02-01,2023-02-17,1328.39,1317.26
TXN-37491,LNK-33302,03/01/2023,2023-03-11,1284.84,1270.76
TXN-60010,LNK-33302,2023-04-01,2023-04-07,1271.65,1259.27
TXN-21686,LNK-35116,2024-02-01,2024-02-11,2746.30,2706.24
TXN-24533,LNK-35116,2024-03-01,02/27/2024,2681.31,2645.79
TXN-42215,LNK-35116,2024-04-01,2024-06-04,2728.48,2706.17
TXN-77930,LNK-64242,2022-10-01,2022-09-30,848.67, 839.85 
TXN-79954,LNK-64242,2022-11-01,2022-11-07,847.21,842.99
TXN-72158,LNK-64242,2022-12-01,2022-12-16,854.62,303.48
TXN-17573,LNK-45057,2025-08-01,2025-08-08,"$1,873.26",1866.72
TXN-51985,LNK-45057,09/01/2025,2025-09-08,1924.07,1906.95
TXN-71510,LNK-45057,2025-10-01,2025-10-10,1902.10,1883.32
TXN-23452,LNK-45057,2025-11-01,2025-12-24,"$1,871.36",1857.31
TXN-66682,LNK-85562,2024-08-01,2024-08-02,1340.70,659.44
TXN-31194,LNK-85562,2024-09-01,2024-09-14,1313.76,$680.12
TXN-91342,LNK-85562,2024-10-01,2024-10-06,1340.46,1315.69
TXN-76441,LNK-85562,11/01/2024,2024-10-31,1351.43,1351.34
TXN-46724,LNK-85562,2024-12-01,2024-11-28,1328.22,1326.56
TXN-75207,LNK-85562,2025-01-01,2025-01-24,1304.62,597.02
TXN-58985,LNK-37434,2025-11-01,2025-11-03,486.57,485.49
TXN-49629,LNK-37434,2025-12-01,2025-12-08,505.37,503.12
TXN-76030,LNK-37434,2026-01-01,,496.14,0.00
TXN-74603,LNK-37434,2026-02-01,2026-02-10,487.58,479.71
TXN-15858,LNK-37434,2026-03-01,2026-03-06,504.97,501.54
TXN-16910,LNK-23069,2022-07-01,,2409.65,0.00
TXN-84542,LNK-23069,2022-08-01,,2459.76,0.00
TXN-66443,LNK-23069,2022-09-01,,2432.59,0.00
TXN-43419,LNK-23069,2022-10-01,2022-10-22,2423.17,2377.13
TXN-63983,LNK-23069,2022-11-01,2022-11-06,2370.33,2335.30
TXN-25448,LNK-30831,2021-11-01,,4751.75,0.00
TXN-44985,LNK-30831,2021-12-01,2021-12-28,4803.58,3294.63
TXN-59197,LNK-30831,2022-01-01,2022-01-12,4904.70,4833.62
TXN-85149,LNK-30831,2022-02-01,2022-04-07,4946.97,4893.66
TXN-89938,LNK-30831,2022-03-01,2022-03-06,4782.08,4770.56
TXN-46640,LNK-67550,2024-03-01,2024-03-23,1895.03,1848.90
TXN-77431,LNK-67550,2024-04-01,2024-04-07,1906.62,997.20
TXN-42087,LNK-67550,2024-05-01,2024-05-09,"$1,819.00",1783.78
TXN-77178,LNK-96589,2020-04-01,2020-04-11,1882.33,1854.04
TXN-92592,LNK-96589,2020-05-01,2020-05-18,1946.46,509.20
TXN-56198,LNK-96589,2020-06-01,08/07/2020,1951.87,1939.86
TXN-63074,LNK-96589,2020-07-01,07/02/2020,1935.09,1921.67
TXN-15785,LNK-96589,2020-08-01,2020-09-04,1889.23,1227.66
TXN-26040,LNK-60243,2020-02-01,NULL,1443.62,0.00
TXN-66967,LNK-60243,2020-03-01,2020-03-12,1439.55,1437.85
TXN-65406,LNK-89907,2025-12-01,2026-02-06,4082.67,4062.91
TXN-75937,LNK-89907,2026-01-01,2026-02-28,3966.83,3884.53
TXN-54376,LNK-89907,2026-02-01,2026-04-16,4062.24,4058.44
TXN-82600,LNK-74579,2026-01-01,2026-03-11,3029.95,2912.46
TXN-64219,LNK-74579,2026-02-01,2026-03-18,3053.31,2905.67
TXN-69574,LNK-74579,2026-03-01,2026-03-14,3033.71,2153.02
TXN-79037,LNK-74579,2026-04-01,2026-04-10,2982.12,2931.00
TXN-89081,LNK-74579,2026-05-01,2026-05-11,3129.82,3109.90
TXN-53638,LNK-74579,2026-06-01,2026-06-04,3095.18,3049.84
TXN-40253,LNK-45270,2019-05-01,05/12/2019,2423.09,2386.82
TXN-27974,LNK-45270,2019-06-01,2019-06-09,2376.47,2356.01
TXN-50227,LNK-45270,2019-07-01,2019-07-06,2365.55,2334.06
TXN-91016,LNK-45270,2019-08-01,2019-08-03,2450.64,2442.36
TXN-69050,LNK-45270,2019-09-01,2019-08-29,2394.94,2352.01
TXN-54051,LNK-45270,2019-10-01,2019-10-04,2404.17,2390.56
TXN-38229,LNK-50140,2019-10-01,2019-09-28,2207.39,2204.65
TXN-90367,LNK-50140,2019-11-01,2019-11-03,2278.81,2256.01
TXN-37422,LNK-50140,2019-12-01,2019-12-09,2216.20,1188.31
TXN-15400,LNK-50140,2020-01-01,2020-01-07,2246.05,2220.65
TXN-45765,LNK-50140,2020-01-01,2020-01-07,2246.05,2220.65
TXN-39747,LNK-50140,2020-02-01,2020-01-31,2299.08,2265.25
TXN-94074,LNK-59926,2022-11-01,2022-11-06,576.35,565.97
TXN-61215,LNK-59926,2022-12-01,2022-12-11,581.39,208.12
TXN-90197,LNK-59926,2023-01-01,2023-01-02,585.01,584.90
TXN-84797,LNK-59926,2023-02-01,2023-02-06,579.98,579.84
TXN-83812,LNK-9109,2023-04-01,2023-04-12,1480.61,1473.08
TXN-28204,LNK-9109,2023-04-01,2023-04-12,1480.61,1473.08
TXN-37334,LNK-9109,2023-05-01,2023-05-02,1441.37,1431.99
TXN-26500,LNK-9109,2023-06-01,2023-06-02,1486.77,1466.95
TXN-59554,LNK-9109,2023-07-01,2023-07-10,1430.01,1424.89
TXN-12830,LNK-64736,2024-05-01,2024-05-02,2254.25,2232.94
TXN-42492,LNK-64736,2024-06-01,NULL,2226.01,0.00
TXN-81008,LNK-64736,2024-07-01,2024-08-05,2276.45,2266.65
TXN-62045,LNK-14474,2019-03-01,NULL,1048.98,0.00
TXN-24632,LNK-14474,2019-04-01,2019-04-01,1084.01,1083.00
TXN-92887,LNK-14474,2019-05-01,2019-04-28,1070.36,1067.73
TXN-58646,LNK-14474,2019-06-01,2019-06-06,1085.57,1074.52
TXN-94160,LNK-79385,07/01/2020,2020-07-12,2017.09,1982.02
TXN-47407,LNK-79385,2020-08-01,2020-08-08,2007.86,1994.50
TXN-27363,LNK-79385,2020-09-01,2020-09-11,2012.46,2006.78
TXN-34808,LNK-79385,2020-10-01,,2011.03,0.00
TXN-61505,LNK-79385,2020-11-01,2020-11-04,1968.70,1945.32
TXN-80131,LNK-48049,2019-04-01,2019-04-10,2313.36,2311.41
TXN-36174,LNK-48049,2019-05-01,2019-05-13,2380.80,2373.93
TXN-68906,LNK-89150,2023-11-01,NULL,3551.04,0.00
TXN-78745,LNK-89150,2023-12-01,2023-11-30,3469.04,3441.52
TXN-11120,LNK-89150,2024-01-01,2024-01-23,3640.59,3638.30
TXN-98411,LNK-89150,2024-02-01,2024-02-07,3619.01,3617.61
TXN-38651,LNK-89150,2024-03-01,2024-03-04,3440.63,3440.61
TXN-69259,LNK-89150,2024-04-01,2024-04-03,3619.85,3576.42
TXN-20427,LNK-85545,2025-01-01,2025-01-03,2042.06,2023.81
TXN-71250,LNK-85545,2025-02-01,,2036.74,0.00
TXN-19539,LNK-85545,2025-03-01,2025-03-30,2028.40,761.83
TXN-82069,LNK-85545,04/01/2025,2025-04-10,2001.78,1981.08
TXN-66794,LNK-63888,2020-05-01,2020-05-02,6232.74,6121.76
TXN-52197,LNK-63888,2020-06-01,2020-06-03,6334.58,6302.15
TXN-80536,LNK-63888,2020-07-01,2020-06-30,6538.02,6409.03
TXN-81368,LNK-63888,2020-08-01,2020-08-02,6414.18,6303.00
TXN-12797,LNK-63888,2020-09-01,,6448.08,0.00
TXN-69782,LNK-63888,2020-10-01,2020-10-10,6406.87,6374.61
TXN-47342,LNK-17299,2019-12-01,2019-11-28,1088.33,1088.21
TXN-62854,LNK-17299,2020-01-01,2019-12-31,"$1,137.75",1131.14
TXN-25236,LNK-17299,2020-02-01,02/13/2020,1149.55,1129.06
TXN-29213,LNK-17299,2020-03-01,2020-03-04,1092.32,1088.02
TXN-15152,LNK-33092,2021-10-01,2021-11-30,901.34,870.08
TXN-42943,LNK-33092,2021-11-01,2021-11-11,869.86,853.86
TXN-64235,LNK-33092,2021-12-01,2021-12-01,884.00,883.73
TXN-54282,LNK-33092,2022-01-01,2022-01-10,891.91,884.48
TXN-49646,LNK-33092,2022-02-01,2022-02-04,900.94,895.37
TXN-52804,LNK-33092,2022-03-01,2022-03-04,900.18, 892.39 
TXN-59524,LNK-48447,01/01/2026,2026-02-15,3569.85,3444.92
TXN-51617,LNK-48447,2026-02-01,2026-04-06,3512.43,3399.68
TXN-66898,LNK-48447,2026-03-01,2026-03-06,3682.81,3619.25
TXN-61096,LNK-38858,2025-07-01,2025-07-12,733.45,730.41
TXN-38977,LNK-38858,2025-08-01,2025-07-29,735.61,734.48
TXN-60524,LNK-38858,2025-09-01,2025-10-12,730.43,719.26
TXN-37493,LNK-38858,2025-10-01,2025-10-23,759.61,745.49
TXN-35562,LNK-57267,2019-03-01,2019-03-04, 578.23 ,570.51
TXN-82336,LNK-57267,2019-04-01,2019-04-11,557.42,555.97
TXN-97465,LNK-81654,2024-09-01,,2640.99,0.00
TXN-24857,LNK-81654,2024-10-01,2024-11-08,2596.56,1566.49
TXN-37374,LNK-81654,2024-11-01,2024-11-23,2720.89,1506.84
TXN-91135,LNK-81654,2024-12-01,2024-12-03,2647.61,2612.07
TXN-28738,LNK-72256,2025-10-01,2025-09-28,704.32,692.58
TXN-96464,LNK-72256,11/01/2025,2025-11-02,705.31,704.77
TXN-28420,LNK-72256,2025-12-01,2025-12-03,689.80,683.15
TXN-33067,LNK-72256,2026-01-01,2026-01-03,$704.63,700.23
TXN-37630,LNK-71381,2023-02-01,2023-02-01,3069.86,3048.10
TXN-17617,LNK-71381,2023-03-01,2023-04-02,2975.59,1172.65
TXN-47246,LNK-71381,2023-04-01,2023-04-09,3045.84,3019.78
TXN-33996,LNK-99021,2024-02-01,,1246.25,0.00
TXN-22692,LNK-99021,2024-03-01,03/12/2024,"$1,257.62",1248.58
TXN-17425,LNK-99021,2024-04-01,2024-05-04,1253.29,878.59
TXN-40265,LNK-28884,2024-07-01,2024-08-30,1423.72,1362.31
TXN-74498,LNK-28884,2024-08-01,2024-08-10,1387.52,1370.41
TXN-87918,LNK-28884,2024-09-01,2024-09-12,1453.68,1427.87
TXN-84807,LNK-28884,2024-10-01,2024-09-28,1457.55,1447.79
TXN-81956,LNK-28884,2024-11-01,2024-12-05,1454.88,1412.95
TXN-34377,LNK-28884,2024-12-01,2025-01-19,1456.00,1387.23
TXN-14019,LNK-76454,2020-06-01,2020-05-31,1141.53,1128.64
TXN-49615,LNK-76454,2020-07-01,2020-07-03,1132.85,1124.73
TXN-94236,LNK-18294,2025-03-01,2025-02-28,4076.15,4037.62
TXN-80400,LNK-18294,2025-04-01,2025-05-20,4077.90,3878.41
TXN-68455,LNK-18294,2025-05-01,2025-04-29,4259.51,4234.95
TXN-83769,LNK-18294,2025-06-01,2025-07-28,4215.05,4087.15
TXN-38168,LNK-18294,2025-07-01,2025-07-25,4046.39,2297.62
TXN-75324,LNK-18294,2025-08-01,2025-08-08,4263.24,4233.66
TXN-16022,LNK-49896,2025-07-01,2025-07-06,2962.41,2944.98
TXN-22126,LNK-49896,2025-08-01,2025-07-31,2925.24,2884.68
TXN-32863,LNK-49896,2025-09-01,2025-09-11,2905.57,2861.52
TXN-40375,LNK-49896,2025-10-01,2025-10-09,3036.74,3009.00
TXN-36330,LNK-49896,2025-11-01,2025-11-02,3056.46,3053.08
TXN-53929,LNK-51324,2024-11-01,2024-12-23,1911.63,1875.93
TXN-68635,LNK-51324,2024-12-01,, 1844.52 ,0.00
TXN-84563,LNK-51324,2025-01-01,2025-02-14,1921.01,1279.07
TXN-38537,LNK-60600,2021-02-01,2021-02-24,2610.29,2512.81
TXN-74791,LNK-60600,2021-03-01,2021-04-05,2699.34,1856.19
TXN-92549,LNK-60600,2021-04-01,2021-04-07,2615.77,2571.82
TXN-71754,LNK-60600,2021-05-01,2021-06-07,2556.25,2555.66
TXN-55485,LNK-60600,2021-06-01,2021-07-01,2696.73,1721.92
TXN-88257,LNK-60600,2021-07-01,2021-07-23,2609.56,2509.37
TXN-10896,LNK-60424,07/01/2024,2024-07-30,1327.96,1271.65
TXN-20591,LNK-60424,2024-08-01,2024-08-03,1340.09,1328.45
TXN-33426,LNK-60424,09/01/2024,NULL,1282.54,0.00
TXN-88689,LNK-60424,2024-10-01,2024-10-02,1280.46,1266.04
TXN-27018,LNK-60424,2024-11-01,2024-11-07,1315.57,1310.40
TXN-87287,LNK-60424,12/01/2024,2025-02-13,1334.70,1289.43
TXN-99142,LNK-63216,2025-09-01,2025-10-13,2600.83,2591.70
TXN-91397,LNK-63216,2025-10-01,2025-11-25,2530.95,2444.50
TXN-47673,LNK-63216,2025-10-01,2025-11-25,2530.95,2444.50
TXN-27011,LNK-96321,2021-10-01,2021-10-01,652.55,642.66
TXN-91145,LNK-96321,2021-11-01,2021-10-29,646.59,637.99
TXN-30285,LNK-21006,2025-08-01,,2195.58,0.00
TXN-13153,LNK-21006,2025-09-01,2025-09-12,2210.50,2195.07
TXN-18903,LNK-90974,2026-04-01,2026-04-11,2045.19,"$2,041.91"
TXN-37411,LNK-90974,2026-05-01,2026-05-04,1960.00,1928.07
TXN-68188,LNK-90974,2026-06-01,,1948.45,0.00
TXN-11898,LNK-59556,2025-09-01,2025-09-10,1516.99,1496.54
TXN-47461,LNK-59556,2025-10-01,2025-10-28,1483.15,1423.74
TXN-52087,LNK-59556,2025-11-01,2025-11-04,1469.18,1468.44
TXN-72167,LNK-59556,2025-12-01,2026-01-21,1478.60,1465.93
TXN-45012,LNK-59556,2026-01-01,2026-03-13,"$1,472.67",1435.23
TXN-10923,LNK-86717,2019-06-01,2019-07-02,2646.87,1968.02
TXN-96777,LNK-86717,2019-07-01,2019-07-11,"$2,669.36",2629.50
TXN-82394,LNK-86717,2019-08-01,2019-08-02,2632.49,2630.05
TXN-52185,LNK-52949,2020-02-01,2020-02-12,2244.12,2205.50
TXN-16469,LNK-52949,2020-03-01,2020-04-14,2206.33,2133.07
TXN-71931,LNK-91573,2022-03-01,2022-03-03,2508.56,2482.94
TXN-48889,LNK-91573,2022-04-01,2022-03-30,2557.87,2515.10
TXN-88895,LNK-91573,2022-05-01,2022-04-28,2508.99,2486.47
TXN-93690,LNK-91573,2022-06-01,2022-06-06,2626.05,1553.45
TXN-20260,LNK-98064,2022-06-01,2022-06-10,872.87,866.69
TXN-20594,LNK-98064,2022-07-01,2022-07-28,875.48,346.02
TXN-39602,LNK-35803,2019-04-01,04/02/2019,5470.97,5410.25
TXN-89165,LNK-35803,2019-05-01,2019-05-05,5392.18,5304.54
TXN-30370,LNK-35803,2019-06-01,2019-06-09,5279.91,5279.15
TXN-80589,LNK-35803,2019-07-01,2019-07-03,5536.79,5473.32
TXN-22199,LNK-35803,2019-07-01,2019-07-03,5536.79,5473.32
TXN-27628,LNK-47437,2020-06-01,06/23/2020,1088.26,623.10
TXN-35729,LNK-47437,2020-07-01,2020-08-11,"$1,084.57",1056.81
TXN-85998,LNK-47437,2020-08-01,2020-08-02,1069.22,1067.70
TXN-65382,LNK-97447,2019-10-01,2019-10-07,2140.47,2134.15
TXN-50913,LNK-97447,2019-11-01,2019-11-09,"$2,131.61",2101.21
TXN-91685,LNK-31671,2025-10-01,2025-09-28,2461.39,2436.24
TXN-41397,LNK-31671,2025-11-01,2025-11-02,2416.73,2379.92
TXN-81569,LNK-31671,2025-12-01,12/13/2025,2419.45,1433.46
TXN-29369,LNK-15871,2026-01-01,2026-01-09,3390.40,3329.29
TXN-66707,LNK-15871,2026-02-01,2026-04-17,3415.81,3265.72
TXN-83526,LNK-15871,2026-03-01,,3284.82,0.00
TXN-39394,LNK-15871,2026-04-01,2026-04-04,3248.88,3233.46
TXN-21475,LNK-15871,2026-05-01,2026-06-03,3344.63,1444.84
TXN-41271,LNK-39070,2026-01-01,2026-01-12,2471.71,2441.91
TXN-81934,LNK-39070,2026-02-01,,2475.37,0.00
TXN-11820,LNK-71539,2024-04-01,2024-03-29,1736.15,1730.42
TXN-12526,LNK-71539,2024-05-01,2024-05-27,1705.29,1622.08
TXN-99809,LNK-71539,2024-06-01,2024-05-31,1752.06,1721.81
TXN-38587,LNK-29705,2024-05-01,2024-05-26,1612.31,1541.30
TXN-42734,LNK-29705,2024-06-01,2024-06-05,1622.32,1596.72
TXN-83673,LNK-29705,2024-07-01,2024-07-27,1640.40,725.45
TXN-35913,LNK-29705,2024-08-01,2024-08-13,1602.19,1570.73
TXN-40824,LNK-29705,2024-09-01,2024-09-04,1663.37,1639.90
TXN-66847,LNK-35522,2026-05-01,2026-04-29,1895.51,1862.88
TXN-69767,LNK-35522,2026-06-01,2026-06-05,1916.31,"$1,906.65"
TXN-36047,LNK-35522,2026-07-01,2026-07-06,1951.07,1912.32
TXN-63029,LNK-36842,2019-03-01,2019-02-28, 2536.87 ,2489.54
TXN-19195,LNK-36842,2019-04-01,05/01/2019,2549.28,1358.81
TXN-49213,LNK-36842,2019-05-01,,2529.64,0.00
TXN-18187,LNK-36842,2019-06-01,,2552.75,0.00
TXN-47205,LNK-17011,2022-03-01,,1256.12,0.00
TXN-75397,LNK-17011,2022-04-01,2022-04-09,1304.53,1289.61
TXN-98240,LNK-17011,2022-05-01,,1268.76,0.00
TXN-64270,LNK-17011,2022-06-01,2022-06-20,1318.67,974.67
TXN-20032,LNK-17011,2022-07-01,2022-06-28,1327.76,1327.51
TXN-89407,LNK-17011,2022-08-01,2022-08-05,1304.90,1294.77
TXN-47820,LNK-84050,2023-07-01,,973.63,0.00
TXN-57815,LNK-84050,2023-08-01,2023-08-08,964.48, 666.07 
TXN-65129,LNK-26995,2021-10-01,2021-10-11,1876.52,1840.07
TXN-21433,LNK-26995,2021-11-01,2021-11-24,1820.43,1816.62
TXN-97768,LNK-26995,2021-12-01,2021-12-21,1893.32,1893.03
TXN-51885,LNK-26995,2022-01-01,2022-01-07,1841.36,1825.51
TXN-80246,LNK-26995,2022-02-01,2022-02-05,1893.12,1883.60
TXN-24114,LNK-26995,2022-03-01,2022-03-05,"$1,796.67",1778.78
TXN-76207,LNK-57057,2025-01-01,NULL,2555.12,0.00
TXN-24576,LNK-57057,2025-02-01,2025-02-02,2558.47,2516.89
TXN-94568,LNK-57057,2025-03-01,2025-03-08,2658.43,2649.07
TXN-19799,LNK-57057,2025-04-01,2025-04-12,2659.06,2651.99
TXN-11531,LNK-57057,2025-05-01,2025-05-20,2666.29,1517.91
TXN-62165,LNK-95493,2022-10-01,2022-10-03,3525.51,"$3,511.85"
TXN-89894,LNK-95493,2022-11-01,2022-11-07,3472.41,3469.31
TXN-88954,LNK-95493,2022-12-01,2022-12-01,3420.34,3386.13
TXN-47808,LNK-95493,2023-01-01,2023-03-02,3462.32,3310.98
TXN-96699,LNK-95493,2023-02-01,2023-01-31,3494.52,3492.55
TXN-29808,LNK-64462,2023-09-01,2023-09-07,635.88,632.68
TXN-85825,LNK-64462,2023-10-01,,659.77,0.00
TXN-34168,LNK-64462,11/01/2023,2023-11-10,651.06,642.13
TXN-31513,LNK-64462,2023-12-01,2023-12-07,650.89,640.83
TXN-40927,LNK-99951,2021-04-01,2021-04-01,485.30,482.13
TXN-18322,LNK-99951,2021-05-01,2021-05-12,487.65,182.16
TXN-91320,LNK-99951,2021-06-01,2021-06-05,$506.54,503.72
TXN-74281,LNK-10634,2020-06-01,2020-06-25,2068.89,579.60
TXN-76137,LNK-10634,2020-07-01,2020-07-07,2133.62,2108.00
TXN-85946,LNK-10634,2020-08-01,2020-08-08,2075.37,988.96
TXN-54950,LNK-10634,2020-09-01,2020-09-10,2128.31,"$2,121.60"
TXN-98677,LNK-10634,2020-10-01,2020-10-11,2081.19,2072.95
TXN-78501,LNK-12506,2020-01-01,2020-01-01,1460.82,1452.74
TXN-86141,LNK-12506,2020-02-01,2020-02-17,1458.38,1392.88
TXN-37570,LNK-12506,2020-03-01,03/04/2020,1450.19,1436.79
TXN-94443,LNK-12506,2020-04-01,2020-03-31,1456.61,1445.58
TXN-95136,LNK-12506,2020-05-01,2020-05-02,1485.14,1462.69
TXN-15492,LNK-49096,2023-11-01,2023-11-05,2105.04,2077.74
TXN-18421,LNK-49096,2023-12-01,2023-11-30,2074.61,2054.41
TXN-15081,LNK-49096,2024-01-01,2024-01-01,2108.08,2092.48
TXN-99114,LNK-49096,2024-02-01,NULL,2032.16,0.00
TXN-83340,LNK-49096,2024-03-01,2024-02-29,2028.59,1994.72
TXN-88535,LNK-78042,2024-08-01,2024-08-12,1955.08,1947.68
TXN-77878,LNK-78042,2024-09-01,2024-10-11,1927.32,798.07
TXN-19836,LNK-31982,2024-03-01,2024-04-10,1869.05,"$1,807.00"
TXN-10941,LNK-31982,2024-04-01,2024-04-03,1890.46,1882.07
TXN-73016,LNK-31982,2024-05-01,2024-07-07,1885.11,1791.72
TXN-30749,LNK-30466,2023-05-01,2023-05-06,2307.51,2285.45
TXN-40103,LNK-30466,2023-06-01,2023-05-31,2219.24,2197.61
TXN-29388,LNK-30466,2023-07-01,2023-06-29,"$2,211.80",2184.96
TXN-28569,LNK-30466,2023-08-01,2023-08-01,2190.79,2185.71
TXN-95708,LNK-61694,2021-06-01,2021-06-07,1100.38,1096.38
TXN-98171,LNK-61694,2021-07-01,2021-07-13,1093.30,1080.50
TXN-75236,LNK-78278,2020-09-01,2020-10-16,3839.26,2550.84
TXN-49321,LNK-78278,2020-10-01,2020-10-02,3673.32,3667.18
TXN-67647,LNK-78278,2020-11-01,2020-11-06,3731.66,3666.45
TXN-41065,LNK-78278,2020-12-01,,3731.91,$0.00
TXN-14537,LNK-78278,2021-01-01,02/02/2021,3834.94,1171.50
TXN-21881,LNK-78278,2021-02-01,,3861.86,0.00
TXN-91904,LNK-78832,2021-01-01,2021-01-10, 2132.75 ,2127.73
TXN-50498,LNK-78832,2021-02-01,2021-02-03,2088.55,2087.60
TXN-45056,LNK-78832,2021-03-01,2021-03-12,2142.09,2108.79
TXN-26203,LNK-78832,2021-04-01,2021-04-12,2178.97,2154.74
TXN-10771,LNK-28082,05/01/2020,2020-05-09,1554.42,1543.12
TXN-76709,LNK-28082,2020-06-01,2020-08-10,1549.18,1474.87
TXN-80252,LNK-54120,2021-11-01,2021-11-26,736.88, 726.24 
TXN-36666,LNK-54120,2021-12-01,2021-12-31,744.07,349.30
TXN-50244,LNK-63402,2023-05-01,2023-06-16,2416.23,2345.63
TXN-45313,LNK-63402,2023-06-01,,2409.22,0.00
TXN-42816,LNK-63402,2023-07-01,2023-07-06,2463.56,2439.55
TXN-29853,LNK-63402,2023-08-01,2023-08-07,2510.04,2476.06
TXN-42526,LNK-63402,2023-09-01,2023-09-12,2530.15,"$2,488.23"
TXN-48219,LNK-72063,2025-07-01,2025-07-03,1949.82,1948.19
TXN-28174,LNK-72063,2025-08-01,2025-08-11,2030.88,2015.95
TXN-44959,LNK-72063,2025-09-01,08/29/2025,2024.37,2004.11
TXN-88399,LNK-12551,2020-12-01,2021-01-14,558.44,532.44
TXN-49332,LNK-12551,2021-01-01,2021-01-08,559.82,554.71
TXN-22072,LNK-95526,2024-01-01,2024-01-04,1716.87,1694.95
TXN-75002,LNK-95526,2024-02-01,2024-01-31,1716.39,1696.52
TXN-75689,LNK-95526,2024-03-01,2024-03-11,1804.66,1785.26
TXN-53456,LNK-3052,2022-01-01,2022-01-30,2775.02,2706.58
TXN-81949,LNK-3052,2022-02-01,2022-01-31,2707.66,2694.86
TXN-44462,LNK-21707,2023-11-01,2023-10-29,2006.30,1970.59
TXN-72330,LNK-21707,2023-12-01,2023-12-15,2004.28,1350.76
TXN-75459,LNK-21707,2024-01-01,2024-01-18,1990.69,1927.19
TXN-15679,LNK-8456,2024-05-01,2024-05-13,2549.09,2505.14
TXN-30354,LNK-8456,2024-06-01,2024-06-06,2691.99,2639.84
TXN-38199,LNK-8456,2024-07-01,,2681.42,0.00
TXN-86514,LNK-28549,2025-09-01,2025-09-29,680.84,454.20
TXN-27116,LNK-28549,2025-10-01,2025-10-07,698.29,696.32
TXN-76439,LNK-28549,2025-11-01,2025-11-09,699.86,340.82
TXN-97863,LNK-28549,2025-12-01,2025-11-30,707.12,694.55
TXN-93909,LNK-28549,2026-01-01,2026-01-12,687.16,677.90
TXN-34878,LNK-28549,2026-02-01,2026-02-02,703.92,701.48
TXN-20694,LNK-71468,2023-09-01,2023-09-06,757.00,749.86
TXN-17246,LNK-71468,2023-10-01,2023-10-13,749.66,742.94
TXN-89035,LNK-71468,2023-11-01,,744.25,0.00
TXN-18618,LNK-71468,2023-12-01,2023-12-11,757.98,$756.56
TXN-59045,LNK-71468,2024-01-01,2024-01-20,764.33, 753.64 
TXN-18980,LNK-71468,2024-02-01,2024-02-13,746.57,744.73
TXN-88272,LNK-78569,2021-02-01,2021-02-08,7687.01,2251.34
TXN-22283,LNK-78569,2021-03-01,2021-03-26,7392.53,2465.49
TXN-11389,LNK-78569,2021-04-01,2021-04-06,7459.07,7403.10
TXN-48293,LNK-78569,2021-05-01,2021-05-01,7594.41,7515.88
TXN-94047,LNK-18556,2020-05-01,2020-05-12,1244.39,1230.20
TXN-55201,LNK-18556,2020-05-01,2020-05-12,1244.39,1230.20
TXN-41460,LNK-18556,2020-06-01,2020-08-12,1247.26,1232.34
TXN-87694,LNK-35365,2022-01-01,2022-01-09,642.75,636.16
TXN-68279,LNK-35365,2022-02-01,2022-02-02,639.82,629.43
TXN-85773,LNK-35365,2022-03-01,2022-03-06,615.28,611.13
TXN-71157,LNK-35365,2022-03-01,2022-03-06,615.28,611.13
TXN-32932,LNK-35365,2022-04-01,2022-04-13,639.73,630.65
TXN-41435,LNK-35365,2022-05-01,2022-05-25,644.23,263.77
TXN-50667,LNK-35365,2022-06-01,2022-06-10,642.74,634.74
TXN-21889,LNK-85599,2019-05-01,2019-05-29,1011.32,271.14
TXN-13689,LNK-85599,2019-06-01,,1002.28,0.00
TXN-97753,LNK-85599,2019-07-01,2019-07-03,1050.38,1030.88
TXN-29992,LNK-85599,2019-08-01,2019-07-30,999.98,999.44
TXN-49428,LNK-57973,2021-02-01,2021-02-07,1258.08,1238.19
TXN-28918,LNK-57973,2021-03-01,2021-03-08,1281.08,1260.55
TXN-55638,LNK-88304,2024-08-01,2024-07-29,2216.01,2190.78
TXN-16037,LNK-88304,2024-09-01,,2193.23,0.00
TXN-52208,LNK-88304,2024-10-01,2024-09-30,2224.73,2210.57
TXN-89550,LNK-88304,2024-11-01,2025-01-06,2192.30,2166.75
TXN-61123,LNK-14566,2023-12-01,2023-11-29,2089.83,2055.79
TXN-36653,LNK-14566,2024-01-01,2024-01-29,2152.74,600.53
TXN-23944,LNK-14566,2024-02-01,2024-03-06,"$2,108.66",1578.47
TXN-17338,LNK-14566,2024-03-01,2024-05-07,2155.79,2143.87
TXN-59354,LNK-14566,2024-04-01,2024-04-12,2184.78,2166.97
TXN-30665,LNK-31389,2024-04-01,,1167.40,0.00
TXN-65547,LNK-31389,2024-05-01,,1171.84,0.00
TXN-83446,LNK-36180,2023-08-01,2023-08-10,1346.57,1335.05
TXN-48460,LNK-36180,09/01/2023,2023-11-10,1319.41,1294.94
TXN-46911,LNK-36180,2023-10-01,2023-11-24,1284.21,1226.72
TXN-18681,LNK-22922,2024-02-01,2024-02-03,1157.61,1142.73
TXN-81849,LNK-22922,2024-03-01,2024-03-08,1183.64,1172.78
TXN-71413,LNK-22922,2024-04-01,2024-04-22,1199.18,1191.99
TXN-71344,LNK-22922,2024-05-01,2024-05-11,1154.01,1133.43
TXN-66612,LNK-91811,2021-05-01,05/07/2021,3448.58,3392.23
TXN-98206,LNK-91811,06/01/2021,2021-05-31,3366.38,3309.04
TXN-90082,LNK-91811,2021-07-01,,3367.46,0.00
TXN-64397,LNK-91811,2021-08-01,2021-08-11,3440.03,3418.35
TXN-21456,LNK-91811,09/01/2021,2021-09-01,3459.56,3398.60
TXN-71476,LNK-45236,2020-12-01,2020-12-04,2930.77,2905.97
TXN-66051,LNK-45236,2021-01-01,2021-03-06,2818.53,"$2,814.51"
TXN-93066,LNK-45236,2021-02-01,2021-02-04,2943.73,2920.21
TXN-79892,LNK-45236,2021-03-01,2021-03-11,2939.25,2894.98
TXN-67399,LNK-71687,2022-07-01,2022-09-12,1273.35,1229.48
TXN-34506,LNK-71687,2022-08-01,2022-08-24,1251.48,744.90
TXN-83794,LNK-11957,2021-10-01,2021-11-19,2393.86,2326.35
TXN-64662,LNK-11957,2021-11-01,2021-11-09,2473.69,2428.55
TXN-26428,LNK-11957,2021-12-01,2021-12-06,2444.55,2398.48
TXN-12600,LNK-11957,2022-01-01,2021-12-30,2422.98,2388.68
TXN-49503,LNK-11957,2022-02-01,2022-02-03,2500.14,2465.40
TXN-32300,LNK-11957,2022-03-01,NULL,2394.55,0.00
TXN-86901,LNK-10961,2020-09-01,2020-09-11,2091.63,"$2,085.43"
TXN-74541,LNK-10961,2020-10-01,2020-10-03,2092.31,2065.59
TXN-58098,LNK-63496,2024-03-01,2024-04-15,1098.38,789.69
TXN-81574,LNK-63496,2024-04-01,,1090.30,0.00
TXN-92364,LNK-63496,2024-05-01,05/10/2024,1049.08,1047.88
TXN-21549,LNK-53044,2021-11-01,2022-01-07,635.22,612.53
TXN-17608,LNK-53044,2021-12-01,2021-12-01,623.78,617.41
TXN-22253,LNK-53044,2022-01-01,2022-01-15,642.16,329.21
TXN-50448,LNK-56296,2019-09-01,2019-09-12,1767.26,1754.20
TXN-18305,LNK-56296,2019-10-01,2019-09-30,1756.49,1746.06
TXN-16156,LNK-56296,11/01/2019,2019-11-09,1757.61,1735.84
TXN-13808,LNK-56296,2019-12-01,2019-12-05,1783.03,1771.63
TXN-79089,LNK-56296,2020-01-01,2020-01-01,1766.41,1741.94
TXN-29666,LNK-41306,2020-08-01,2020-10-01,3353.86,3195.30
TXN-55100,LNK-41306,2020-09-01,2020-09-13,3410.75,3395.90
TXN-87634,LNK-47210,2019-07-01,2019-07-05,1315.69,1297.95
TXN-93291,LNK-47210,2019-08-01,2019-08-01,1377.46,641.71
TXN-33460,LNK-47210,2019-09-01,2019-11-08,1358.71,1304.44
TXN-37734,LNK-47210,2019-10-01,2019-10-12,1344.63,1331.96
TXN-16204,LNK-31595,2019-12-01,2019-12-13,1092.58,1078.97
TXN-60712,LNK-31595,2020-01-01,2020-01-05,1070.44,1060.84
TXN-55157,LNK-31595,2020-02-01,2020-02-13,1085.42,1075.02
TXN-22672,LNK-31595,2020-03-01,,1119.42,0.00
TXN-25178,LNK-15896,2020-10-01,2020-10-28,"$1,878.53",1832.17
TXN-72750,LNK-15896,2020-11-01,11/10/2020,1893.88,1869.93
TXN-64207,LNK-15896,2020-12-01,2021-01-12,1899.85,507.55
TXN-83077,LNK-15896,2021-01-01,2021-01-01,1890.58,1888.96
TXN-31109,LNK-15896,2021-02-01,2021-01-29,1899.61,1867.83
TXN-52599,LNK-83691,2020-01-01,2020-01-21,963.62,936.36
TXN-25580,LNK-83691,2020-02-01,2020-02-13,943.06,929.24
TXN-51940,LNK-83691,2020-03-01,NULL,959.34,0.00
TXN-29921,LNK-83691,2020-04-01,2020-04-05,965.81,946.95
TXN-76193,LNK-83691,2020-05-01,2020-05-05,936.30,934.82
TXN-77345,LNK-83691,06/01/2020,2020-06-11,934.96,931.64
TXN-13426,LNK-91461,2026-06-01,2026-06-11,2818.38,2811.16
TXN-15512,LNK-91461,2026-07-01,2026-07-19,2816.02,2810.55
TXN-50631,LNK-71341,2026-06-01,2026-05-31,1140.56,1133.41
TXN-64597,LNK-71341,2026-07-01,2026-07-13,1183.50,1177.19
TXN-13227,LNK-76341,2023-06-01,2023-06-07,2785.65,2778.35
TXN-57801,LNK-76341,2023-07-01,2023-07-03,2740.14,2732.42
TXN-45953,LNK-76341,2023-08-01,2023-07-31,2647.04,2645.31
TXN-83912,LNK-32439,2020-09-01,NULL,522.54,0.00
TXN-58941,LNK-32439,2020-10-01,,503.25,0.00
TXN-15646,LNK-41405,2020-05-01,2020-05-13,2634.40,"$2,625.07"
TXN-76320,LNK-41405,06/01/2020,05/31/2020,2620.78,2576.69
TXN-49396,LNK-41405,2020-07-01,2020-07-12,2579.34,2557.01
TXN-94307,LNK-41405,08/01/2020,2020-08-31,2528.53,2420.23
TXN-94353,LNK-41405,2020-09-01,10/10/2020,2641.34,2564.02
TXN-86921,LNK-98708,2022-09-01,2022-09-10,2484.52,2469.16
TXN-53807,LNK-98708,2022-10-01,2022-11-14,2558.48,2544.78
TXN-96268,LNK-98708,2022-11-01,2022-10-31,2604.23,2565.69
TXN-21418,LNK-98708,2022-12-01,2022-11-30,2610.97,2564.13
TXN-72223,LNK-98708,2023-01-01,2023-01-11,2612.20,2601.14
TXN-11883,LNK-98708,2023-02-01,2023-02-10,2528.51,2519.28
TXN-43981,LNK-25551,2021-03-01,2021-03-08,923.46,921.67
TXN-26484,LNK-25551,2021-04-01,2021-05-08,895.42,893.53
TXN-16513,LNK-25551,2021-05-01,2021-05-08,909.57,906.87
TXN-47069,LNK-25551,2021-06-01,2021-06-13,895.57,893.21
TXN-72831,LNK-25551,2021-07-01,,888.21,0.00
TXN-37614,LNK-26729,2020-03-01,2020-03-12,1004.62,1004.62
TXN-12864,LNK-26729,2020-04-01,2020-04-06,968.15,959.35
TXN-78644,LNK-26729,2020-05-01,2020-04-29,987.10,971.77
TXN-67673,LNK-26729,2020-06-01,2020-06-23,989.85,944.02
TXN-83256,LNK-15168,2020-07-01,2020-07-13,944.80,929.90
TXN-81176,LNK-15168,2020-08-01,2020-09-07,938.73,935.69
TXN-67833,LNK-15168,2020-09-01,2020-09-01,985.47,$985.02
TXN-53445,LNK-15168,2020-10-01,,958.90,0.00
TXN-60664,LNK-15168,2020-11-01,2020-11-05,972.60,954.15
TXN-31110,LNK-68449,2019-06-01,2019-06-10,1143.78,1132.58
TXN-31679,LNK-68449,2019-07-01,2019-07-01,1131.94,1112.23
TXN-78447,LNK-14886,2025-12-01,2025-12-01,802.17,796.87
TXN-43334,LNK-14886,2026-01-01,2026-01-13,808.83,803.84
TXN-48739,LNK-14886,2026-02-01,2026-01-30,784.32,781.01
TXN-25159,LNK-14886,2026-03-01,2026-03-06,786.62,770.98
TXN-40530,LNK-14886,2026-04-01,2026-05-03,788.75,$772.01
TXN-40241,LNK-14886,2026-05-01,2026-05-04,777.11,485.60
TXN-98962,LNK-52049,2021-08-01,2021-08-21,1598.39,1537.03
TXN-35168,LNK-52049,2021-09-01,2021-09-12,1553.56,1543.67
TXN-52152,LNK-52049,2021-10-01,2021-10-06,1569.38,1568.21
TXN-82351,LNK-52049,2021-11-01,2021-11-29,1567.98,591.61
TXN-95473,LNK-52049,2021-12-01,2022-01-11,1597.18,1593.58
TXN-17143,LNK-52049,2022-01-01,2022-01-08,1591.49,1563.26
TXN-32938,LNK-40110,2022-05-01,05/05/2022,1312.61,821.62
TXN-99565,LNK-40110,06/01/2022,2022-07-13,1364.56,479.66
TXN-19686,LNK-56176,2024-05-01,2024-05-03,5291.66,5231.30
TXN-17813,LNK-56176,2024-06-01,2024-06-03,5391.79,5383.55
TXN-38285,LNK-80129,2024-05-01,2024-05-17,960.65,486.57
TXN-72956,LNK-80129,2024-06-01,2024-07-06,946.51,930.61
TXN-72469,LNK-80129,2024-07-01,2024-08-04,979.23,623.68
TXN-11975,LNK-80129,2024-08-01,2024-09-22,964.39,$937.18
TXN-13682,LNK-61589,2023-10-01,2023-10-11,5782.44,5716.13
TXN-28606,LNK-61589,2023-11-01,2023-11-12,5580.88,"$5,543.22"
TXN-41287,LNK-61589,2023-12-01,2023-12-02,5567.39,5487.29
TXN-38119,LNK-98196,2024-10-01,2024-11-07,2274.64,2184.46
TXN-51636,LNK-98196,2024-11-01,,2292.46,0.00
TXN-81134,LNK-58983,2020-05-01,NULL,761.01,0.00
TXN-28270,LNK-58983,2020-06-01,2020-06-05,768.11,759.09
TXN-35992,LNK-58983,2020-07-01,2020-07-01,772.92,247.99
TXN-53337,LNK-58983,2020-08-01,2020-08-08,770.82,763.90
TXN-13077,LNK-58983,2020-09-01,08/30/2020,732.44,719.98
TXN-67231,LNK-58983,2020-10-01,2020-10-13,751.46,749.14
TXN-32796,LNK-70604,2023-05-01,2023-05-13,3231.12,3168.84
TXN-71400,LNK-70604,2023-06-01,2023-06-06,3204.23, 3188.58 
TXN-50659,LNK-11641,2024-11-01,,1448.54,0.00
TXN-97717,LNK-11641,2024-12-01,2025-01-25,1432.05,1416.34
TXN-20837,LNK-11641,2025-01-01,2025-01-12,1394.23,1387.66
TXN-58498,LNK-11641,2025-02-01,2025-02-06,1424.78,1423.92
TXN-72044,LNK-37877,2023-04-01,2023-04-12,2083.19,2043.86
TXN-16985,LNK-37877,2023-05-01,2023-05-13,2096.47,1561.48
TXN-76592,LNK-37877,2023-06-01,NULL,2103.51,0.00
TXN-79573,LNK-37877,2023-07-01,2023-08-21,2153.55,2092.06
TXN-36434,LNK-37877,2023-08-01,2023-09-14,2155.44,2109.63
TXN-31935,LNK-82678,2022-04-01,2022-03-30,2149.57,2129.55
TXN-76520,LNK-82678,2022-05-01,2022-05-15,2091.45,1199.14
TXN-61531,LNK-82678,2022-06-01,2022-06-09,2151.18,2119.59
TXN-14681,LNK-37569,2019-08-01,2019-08-29,2711.84,1615.02
TXN-44585,LNK-37569,2019-09-01,2019-09-02,2651.11,2606.90
TXN-22548,LNK-48516,2021-03-01,04/12/2021,1571.84,1018.37
TXN-59878,LNK-48516,2021-04-01,2021-04-28,1632.00,990.43
TXN-23096,LNK-48516,2021-05-01,2021-05-26,1549.61,583.21
TXN-50842,LNK-66774,2022-09-01,2022-09-11,654.89,647.12
TXN-39458,LNK-66774,2022-10-01,2022-10-04,664.93,653.01
TXN-54786,LNK-66774,2022-11-01,2022-12-09,678.35,662.45
TXN-46653,LNK-66774,2022-12-01,2022-12-12,662.58,654.46
TXN-38814,LNK-66774,2023-01-01,2023-01-05,661.92,661.61
TXN-49900,LNK-61258,2024-05-01,2024-05-25,899.21,880.70
TXN-86664,LNK-61258,2024-06-01,,890.51,0.00
TXN-24719,LNK-61258,2024-07-01,2024-07-06,871.39,863.11
TXN-94914,LNK-69723,2020-03-01,2020-03-11,3772.01,3771.22
TXN-75929,LNK-69723,2020-04-01,2020-04-04,3822.64,3791.22
TXN-85015,LNK-69723,2020-05-01,2020-04-29,3698.78,3648.83
TXN-29822,LNK-69723,2020-06-01,2020-07-11,3824.32,3791.06
TXN-50290,LNK-69723,2020-07-01,2020-07-09,3774.42,3752.53
TXN-55346,LNK-69723,2020-08-01,2020-08-05,3638.98,2705.49
TXN-97073,LNK-31149,2021-07-01,2021-07-13,2203.57,2180.52
TXN-51336,LNK-31149,2021-08-01,2021-09-19,2181.81,2178.68
TXN-69324,LNK-31149,2021-09-01,2021-08-29, 2153.40 ,2126.01
TXN-47532,LNK-31149,2021-10-01,2021-10-04,2194.25,2165.89
TXN-95323,LNK-31149,2021-11-01,2021-11-05,2121.74,2119.45
TXN-65144,LNK-40529,2020-01-01,2020-01-08,1458.98,1444.44
TXN-92076,LNK-40529,2020-02-01,,1378.76,0.00
TXN-48678,LNK-40529,2020-03-01,2020-02-29,1447.66,1433.94
TXN-40490,LNK-40529,2020-04-01,2020-04-10,1440.71,1418.90
TXN-35671,LNK-40529,2020-05-01,,1436.29,0.00
TXN-17399,LNK-40529,2020-06-01,,1407.46,0.00
TXN-45681,LNK-96236,2019-07-01,2019-07-08,792.93,777.87
TXN-12106,LNK-96236,2019-08-01,2019-07-30,783.63,768.13
TXN-38441,LNK-96236,2019-09-01,09/13/2019,$786.65,774.05
TXN-15779,LNK-96236,2019-10-01,2019-10-07,788.08,782.71
TXN-97343,LNK-96236,2019-11-01,,824.22,0.00
TXN-97171,LNK-96236,2019-12-01,12/06/2019,809.07,801.51
TXN-54422,LNK-4201,2022-06-01,2022-05-31,2167.60,2139.36
TXN-81765,LNK-4201,2022-07-01,2022-08-05,2276.84,2173.64
TXN-20660,LNK-4201,2022-08-01,2022-08-09,2262.21,2229.82
TXN-75651,LNK-93392,2019-07-01,07/12/2019,828.33,823.80
TXN-25504,LNK-93392,2019-08-01,,785.23,0.00
TXN-57228,LNK-93392,09/01/2019,2019-10-24,825.35,817.48
TXN-96853,LNK-93392,2019-10-01,2019-10-05,782.43,774.96
TXN-77307,LNK-93392,2019-11-01,2019-11-05,807.16,457.76
TXN-40959,LNK-93392,2019-12-01,,812.13,0.00
TXN-54982,LNK-55239,2021-10-01,2021-10-13,1980.08,1971.37
TXN-10420,LNK-55239,11/01/2021,2021-11-01,1969.36,1935.66
TXN-66336,LNK-55239,2021-12-01,,2033.32,0.00
TXN-26440,LNK-55239,2022-01-01,2021-12-29,1952.75,1934.11
TXN-88947,LNK-55239,2022-02-01,2022-02-01,1972.93,1957.58
TXN-29922,LNK-55239,2022-03-01,2022-03-20,1966.54,721.65
TXN-57274,LNK-82416,2023-10-01,2023-09-29,1142.06,1132.71
TXN-80173,LNK-82416,2023-11-01,2023-10-31,1155.87,1152.66
TXN-96975,LNK-82416,2023-12-01,2023-12-01,1143.76,1121.19
TXN-14378,LNK-82416,2024-01-01,,1190.29,0.00
TXN-88189,LNK-82416,2024-02-01,2024-02-04,1191.69,1170.55
TXN-88247,LNK-46293,2025-03-01,2025-02-26,2073.79,2034.36
TXN-46174,LNK-46293,2025-04-01,2025-04-10,2049.38,2011.45
TXN-90249,LNK-46293,2025-05-01,,2049.89,0.00
TXN-18258,LNK-46293,2025-06-01,2025-06-09,1983.67,1952.40
TXN-84632,LNK-46293,2025-07-01,2025-09-09,1979.30,1978.73
TXN-95815,LNK-9870,2019-12-01,2019-12-07,3116.78,"$3,075.85"
TXN-42960,LNK-9870,01/01/2020,2020-01-28,3098.65,3056.26
TXN-41484,LNK-9870,2020-02-01,2020-01-29,3093.48,3043.39
TXN-68094,LNK-9870,2020-03-01,2020-05-14,3146.90,3042.26
TXN-35667,LNK-9870,2020-04-01,2020-04-01,3111.72,3109.13
TXN-41222,LNK-92715,2019-06-01,2019-06-11,2928.89,2880.96
TXN-38015,LNK-92715,2019-07-01,,2936.46, 0.00 
TXN-18809,LNK-92715,2019-08-01,NULL,2983.45,0.00
TXN-33090,LNK-66517,2020-12-01,2020-12-03,534.69,532.97
TXN-90597,LNK-66517,2021-01-01,2021-02-10,538.15,325.28
TXN-36828,LNK-66517,2021-02-01,2021-02-02,552.47,549.19
TXN-79515,LNK-66517,2021-03-01,2021-03-12,545.63,537.57
TXN-59942,LNK-6014,2022-01-01,2022-01-10,2579.78,2549.49
TXN-56248,LNK-6014,2022-02-01,,2565.80,$0.00
TXN-54074,LNK-6014,2022-03-01,2022-04-21,2590.13,2558.06
TXN-62819,LNK-6014,2022-04-01,2022-04-23,2600.05,1572.84
TXN-82274,LNK-6014,2022-05-01,2022-05-26,2562.34,2515.80
TXN-54697,LNK-6014,2022-06-01,2022-06-08,2544.49,2531.16
TXN-96203,LNK-77503,2023-09-01,2023-09-03,1599.30,1597.38
TXN-17771,LNK-77503,2023-10-01,2023-10-13,1628.01,1603.26
TXN-30490,LNK-24021,2024-01-01,NULL,1713.51,0.00
TXN-27926,LNK-24021,2024-02-01,2024-01-29,1741.67,1736.92
TXN-11278,LNK-24021,2024-03-01,2024-03-06,1726.48,"$1,720.84"
TXN-93687,LNK-24021,2024-04-01,,1744.50,0.00
TXN-79649,LNK-4365,2020-09-01,2020-10-24,"$5,859.69",5847.68
TXN-12364,LNK-4365,2020-10-01,2020-10-01,5841.87,5837.06
TXN-59048,LNK-4365,2020-11-01,2020-11-02,5571.52,5561.17
TXN-34902,LNK-4365,2020-12-01,2020-11-29,"$5,715.57",5618.65
TXN-81301,LNK-4365,2021-01-01,2020-12-30,5815.66,5806.01
TXN-48942,LNK-53727,2025-11-01,,2849.87,0.00
TXN-98366,LNK-53727,2025-12-01,,2960.84,0.00
TXN-98513,LNK-53727,2026-01-01,2026-01-04,2890.55,2856.39
TXN-85569,LNK-53727,2026-02-01,2026-01-30,2861.71,2845.96
TXN-30051,LNK-53727,2026-03-01,2026-03-16,2859.25,2752.89
TXN-68970,LNK-87870,2025-02-01,2025-01-31,696.84,692.00
TXN-87863,LNK-87870,2025-03-01,,709.42,0.00
TXN-58440,LNK-87870,2025-04-01,2025-03-29,705.45,695.54
TXN-18561,LNK-87870,2025-05-01,2025-05-04,705.62,701.52
TXN-37833,LNK-87870,2025-06-01,2025-05-30,708.69,707.90
TXN-34138,LNK-87870,2025-07-01,2025-07-03,715.86,709.35
TXN-46698,LNK-33472,2021-07-01,2021-08-21,974.59,951.81
TXN-61931,LNK-33472,2021-08-01,2021-08-08,$967.77,952.78
TXN-52636,LNK-33472,2021-09-01,2021-09-10,960.81,953.59
TXN-19963,LNK-29047,2023-06-01,, 3127.93 ,0.00
TXN-81584,LNK-29047,2023-07-01,2023-07-03,3207.69,"$1,942.81"
TXN-34755,LNK-28653,2020-08-01,2020-08-07,1928.84,1913.43
TXN-99557,LNK-28653,2020-09-01,2020-08-30,1924.26,1922.24
TXN-58458,LNK-28653,2020-10-01,2020-10-09,1927.97,1892.16
TXN-87879,LNK-28653,2020-11-01,2020-12-25,1887.05,1797.47
TXN-23030,LNK-28653,2020-12-01,2020-12-13,1906.25,1886.07
TXN-43424,LNK-28653,2021-01-01,2021-01-09,1890.08,1877.04
TXN-66985,LNK-62348,10/01/2023,2023-11-23,2781.34,2764.94
TXN-24850,LNK-62348,2023-11-01,2023-11-07,2772.94,"$2,751.47"
TXN-92499,LNK-74860,2020-08-01,2020-07-30,1557.56,1552.54
TXN-31920,LNK-74860,2020-09-01,2020-09-25,1491.49,1482.70
TXN-15843,LNK-74860,2020-10-01,2020-09-29,1555.57,1551.73
TXN-24986,LNK-74860,2020-11-01,2020-10-29,1565.52,1557.48
TXN-44781,LNK-74860,2020-12-01,2020-12-12,1559.50,1543.52
TXN-15325,LNK-74860,2021-01-01,2021-01-01,1527.13,1504.07
TXN-69431,LNK-71292,2021-02-01,,3918.94,0.00
TXN-87281,LNK-71292,2021-03-01,2021-03-04,3879.09,3809.10
TXN-76380,LNK-71292,2021-04-01,2021-04-10,4036.90,4036.55
TXN-39598,LNK-71292,2021-05-01,07/01/2021,3833.56,"$3,681.08"
TXN-45985,LNK-60929,2022-07-01,2022-07-26, 758.57 ,$326.81
TXN-12388,LNK-60929,08/01/2022,2022-08-06,761.46,749.46
TXN-10726,LNK-60929,2022-09-01,NULL,777.51,0.00
TXN-68944,LNK-28152,2022-09-01,2022-09-07,969.79,969.28
TXN-68303,LNK-28152,2022-10-01,2022-10-05,957.58,948.88
TXN-19891,LNK-28152,2022-11-01,2022-11-07,990.15,979.24
TXN-95462,LNK-73603,2019-06-01,,2377.98,0.00
TXN-65202,LNK-73603,2019-07-01,2019-07-12,2377.83,2339.89
TXN-92736,LNK-73603,2019-08-01,2019-08-03,2401.99,2397.65
TXN-17852,LNK-73603,2019-09-01,2019-09-02,2323.13,2286.06
TXN-23106,LNK-73603,2019-10-01,2019-11-09,2381.79,1009.62
TXN-14086,LNK-73603,2019-11-01,,2293.20,0.00
TXN-83611,LNK-98404,2019-06-01,2019-07-11,866.62,446.79
TXN-38890,LNK-98404,2019-07-01,2019-08-16,875.63,833.69
TXN-24389,LNK-98404,2019-08-01,2019-09-09,875.85,853.43
TXN-67840,LNK-98404,2019-09-01,2019-09-01,866.29,509.88
TXN-41666,LNK-89452,2023-02-01,2023-02-10,2738.26,2720.52
TXN-50501,LNK-89452,2023-03-01,2023-02-26,2619.39,2595.15
TXN-89543,LNK-12138,2019-02-01,2019-02-08,2953.11,917.98
TXN-84039,LNK-12138,2019-03-01,2019-03-03,2980.47,2966.73
TXN-66415,LNK-12138,2019-04-01,2019-04-11,3080.18,3058.38
TXN-36596,LNK-85889,03/01/2022,03/09/2022,1992.97,1966.47
TXN-32950,LNK-85889,2022-04-01,2022-06-09,2056.59,2042.34
TXN-22495,LNK-46193,2020-03-01,2020-02-29,732.55,722.03
TXN-58245,LNK-46193,2020-04-01,2020-06-01,746.17,745.54
TXN-57107,LNK-46193,2020-05-01,05/09/2020,723.00,716.65
TXN-39039,LNK-46193,2020-06-01,2020-07-06,730.50,712.19
TXN-95265,LNK-46193,2020-07-01,2020-07-05,731.48,721.29
TXN-41596,LNK-86461,2019-10-01,10/12/2019,3476.82,3423.62
TXN-90826,LNK-86461,2019-11-01,2019-12-22,3389.81,3294.91
TXN-70841,LNK-86461,2019-12-01,2019-12-09,3444.63,3392.91
TXN-52003,LNK-86461,2020-01-01,2020-03-09,3570.11,3449.70
TXN-36482,LNK-15662,2025-08-01,2025-08-18,2250.84,1583.32
TXN-23334,LNK-15662,2025-09-01,2025-10-02,2267.97,1557.63
TXN-74790,LNK-15662,2025-10-01,10/04/2025,2168.99,2166.03
TXN-52905,LNK-15662,2025-11-01,2025-11-11,2195.37,2155.18
TXN-27206,LNK-15662,2025-12-01,2025-12-03,2228.38,2224.12
TXN-81606,LNK-18009,2024-07-01,2024-07-15,1282.36,344.75
TXN-59234,LNK-18009,2024-08-01,2024-08-12,1284.89,1267.76
TXN-23113,LNK-18009,2024-09-01,2024-10-11,1289.20,604.99
TXN-34239,LNK-18009,10/01/2024,2024-10-17,1286.17,869.39
TXN-96620,LNK-18009,2024-11-01,2024-11-02,1271.76,380.00
TXN-30783,LNK-41404,2024-11-01,2024-11-09,1367.56,1361.01
TXN-43472,LNK-41404,2024-12-01,2024-12-09,1381.02,"$1,366.73"
TXN-13017,LNK-51709,2022-12-01,2022-11-30,1289.01,1273.58
TXN-94022,LNK-51709,2023-01-01,2023-02-04,1262.61,521.66
TXN-97915,LNK-45548,2026-01-01,2026-03-16,2295.52,2203.28
TXN-16167,LNK-45548,2026-02-01,2026-02-11,2280.41,1552.79
TXN-14313,LNK-45548,2026-03-01,2026-03-17,2318.97,2262.66
TXN-27658,LNK-45548,04/01/2026,2026-05-02,2332.71,1623.44
TXN-50997,LNK-45548,2026-05-01,2026-07-02,2292.90,2288.67
TXN-35863,LNK-45548,2026-06-01,,2259.55,0.00
TXN-74751,LNK-55950,2022-10-01,,1231.89,0.00
TXN-53793,LNK-55950,2022-11-01,2023-01-01,1216.94,1208.65
TXN-80741,LNK-98310,2023-05-01,2023-06-14,6142.56,4371.78
TXN-20961,LNK-98310,2023-06-01,2023-05-29,6337.31,6246.21
TXN-79866,LNK-39780,05/01/2019,2019-05-13,1390.71,1369.20
TXN-55043,LNK-39780,2019-06-01,2019-07-26,1424.75,1381.04
TXN-15020,LNK-39780,2019-07-01,2019-07-03,1412.52,1391.83
TXN-93760,LNK-39780,2019-08-01,2019-08-07,1460.74,1451.12
TXN-15913,LNK-39780,2019-09-01,2019-09-12,1387.32,1362.41
TXN-34253,LNK-32830,2024-08-01,2024-08-06,1638.94,1610.03
TXN-29055,LNK-32830,2024-09-01,2024-09-01,1671.93,1661.22
TXN-83483,LNK-32830,2024-10-01,2024-10-13,1652.86,1626.47
TXN-71990,LNK-32830,2024-11-01,2025-01-05,1672.63,1620.85
TXN-45044,LNK-32830,2024-12-01,2024-12-09,1623.25,1620.91
TXN-11675,LNK-38345,2019-03-01,2019-05-07,855.03,824.83
TXN-97946,LNK-38345,2019-04-01,,859.70,0.00
TXN-87502,LNK-38345,2019-05-01,2019-05-12,850.79,835.32
TXN-74359,LNK-16970,2019-05-01,2019-06-10,1402.70,660.06
TXN-58755,LNK-16970,2019-06-01,,1422.63,0.00
TXN-94550,LNK-16970,2019-07-01,2019-08-04,1389.18,$793.41
TXN-73998,LNK-16970,2019-08-01,2019-08-16,1398.71,1356.12
TXN-77738,LNK-16970,2019-09-01,2019-08-31,1453.44,1442.21
TXN-44234,LNK-91023,2020-06-01,2020-06-03,2298.68,2279.32
TXN-27872,LNK-91023,2020-07-01,2020-07-05,2245.29,2208.05
TXN-40004,LNK-38431,2025-08-01,,2850.89,0.00
TXN-55404,LNK-38431,2025-09-01,,2920.07,0.00
TXN-20625,LNK-38431,10/01/2025,2025-10-24,2767.44,2638.33
TXN-92349,LNK-38431,2025-11-01,,2917.00,0.00
TXN-83560,LNK-83991,2025-06-01,2025-06-20,1269.94,382.83
TXN-98291,LNK-83991,2025-07-01,2025-07-10,1241.67,1226.31
TXN-14985,LNK-83991,2025-08-01,2025-08-07,1258.97,1246.53
TXN-30983,LNK-83991,2025-09-01,2025-09-06,1266.60,1243.52
TXN-66861,LNK-48819,2022-06-01,2022-06-07,2364.84,2350.04
TXN-50736,LNK-48819,2022-07-01,2022-07-25,2318.61,2315.87
TXN-33756,LNK-48819,2022-08-01,2022-08-06,2364.17,2339.77
TXN-24489,LNK-48819,2022-09-01,2022-09-01,2411.49,2366.72
TXN-93357,LNK-48819,2022-10-01,2022-10-23,2408.95,2386.37
TXN-49528,LNK-48819,2022-11-01,2022-11-04,2315.45,2309.55
TXN-86731,LNK-11735,2022-12-01,2022-12-02,1317.74,1310.05
TXN-28282,LNK-11735,2023-01-01,2023-01-06,1365.96,1340.62
TXN-79793,LNK-11735,02/01/2023,2023-02-13,1381.58,1359.42
TXN-76916,LNK-11735,2023-03-01,2023-04-12,1348.54,1318.40
TXN-48922,LNK-11735,2023-04-01,2023-03-29,1308.43,1307.23
TXN-19522,LNK-11735,2023-05-01,2023-05-08,1320.80,1305.45
TXN-60810,LNK-17547,2020-01-01,2020-01-05,2029.72,2020.66
TXN-40477,LNK-17547,2020-02-01,2020-02-20,1983.61,1899.11
TXN-46495,LNK-17547,2020-03-01,2020-04-09,2060.50,2043.73
TXN-47415,LNK-17547,2020-04-01,2020-04-28,2071.80,2052.51
TXN-74383,LNK-17547,2020-05-01,2020-04-28,2026.76,2018.15
TXN-71387,LNK-15404,2021-09-01,2021-10-18,1785.51,1777.46
TXN-95192,LNK-15404,2021-10-01,2021-10-10,1813.36,1798.65
TXN-87524,LNK-15404,2021-11-01,2021-11-14,1838.22,1240.26
TXN-34498,LNK-15404,2021-12-01,2021-12-07,1770.58,1755.32
TXN-73559,LNK-15404,2022-01-01,,1782.19,0.00
TXN-94224,LNK-15404,2022-02-01,2022-02-04,1770.46,1740.46
TXN-91468,LNK-85076,2019-12-01,2019-12-05,2819.38,2810.44
TXN-64535,LNK-85076,2020-01-01,2020-01-08,2861.60,2858.93
TXN-90232,LNK-85076,2020-02-01,2020-04-03,2848.58,2732.03
TXN-36048,LNK-26272,2021-09-01,2021-09-15,2544.57,"$1,603.54"
TXN-90958,LNK-26272,2021-10-01,10/11/2021,2475.18,2472.51
TXN-98045,LNK-26272,2021-11-01,2021-11-11,2519.44,2510.60
TXN-29754,LNK-26272,2021-12-01,NULL,2565.84,0.00
TXN-10750,LNK-26272,2022-01-01,2022-01-03,2503.30,2464.73
TXN-55343,LNK-89094,2019-03-01,2019-03-10,919.85,908.66
TXN-58326,LNK-89094,2019-04-01,2019-04-13,935.18,$918.31
TXN-20553,LNK-89094,05/01/2019,2019-05-07,921.39,910.93
TXN-58081,LNK-89094,2019-06-01,2019-06-03,918.42,631.84
TXN-95194,LNK-89094,2019-07-01,07/19/2019, 915.45 ,895.52
TXN-70988,LNK-24496,2019-02-01,2019-02-09,5663.75,5641.14
TXN-10730,LNK-24496,2019-03-01,03/13/2019,5388.03,"$5,347.35"
TXN-42900,LNK-24496,2019-04-01,2019-04-09,5659.83,5597.42
TXN-56530,LNK-24496,2019-05-01,2019-05-11,5687.01,5587.03
TXN-34738,LNK-6276,2021-01-01,2021-01-10,3021.74,2995.20
TXN-40282,LNK-6276,2021-02-01,2021-03-23,3061.38,3030.10
TXN-11455,LNK-6276,2021-03-01,2021-03-10,3077.43,1606.72
TXN-38720,LNK-6276,2021-04-01,2021-04-01,2906.31,2876.55
TXN-42787,LNK-6276,2021-05-01,2021-05-01,2977.07,2974.82
TXN-91723,LNK-57314,2019-03-01,2019-03-10,"$1,865.99",1849.21
TXN-45710,LNK-57314,2019-04-01,NULL,1792.81,0.00
TXN-82778,LNK-57314,2019-05-01,2019-05-01,1800.66,1797.86
TXN-24630,LNK-57314,2019-06-01,2019-05-31,1805.69,1793.37
TXN-57404,LNK-57314,07/01/2019,2019-07-13,1818.98,1798.78
TXN-84334,LNK-78014,2022-04-01,2022-04-01,992.51,990.95
TXN-83708,LNK-78014,2022-05-01,2022-06-05,953.10,369.75
TXN-77045,LNK-78014,2022-06-01,2022-06-02,946.94,580.46
TXN-28742,LNK-25523,2020-01-01,01/09/2020,1417.50,1389.39
TXN-61007,LNK-25523,2020-02-01,03/07/2020,1411.37,998.07
TXN-77698,LNK-25523,2020-03-01,2020-03-21,1400.70,931.40
TXN-71662,LNK-25523,2020-04-01,2020-04-09,1416.80,1397.47
TXN-48367,LNK-25523,2020-05-01,2020-06-12,1391.76,1349.74
TXN-48157,LNK-25523,2020-06-01,2020-06-09,1435.79,1420.22
TXN-38900,LNK-63070,2021-09-01,2021-09-12,3206.89,3195.67
TXN-41332,LNK-63070,2021-10-01,2021-09-30,3195.36,3160.98
TXN-98215,LNK-63070,2021-11-01,,3265.69,0.00
TXN-37036,LNK-63070,2021-12-01,2021-11-30,3264.53,3248.70
TXN-24600,LNK-63070,01/01/2022,2021-12-30,3220.70,3206.90
TXN-44492,LNK-63070,2022-02-01,2022-02-04,3201.43,3180.48
TXN-92662,LNK-25726,2021-04-01,2021-04-08,861.01,847.61
TXN-11483,LNK-25726,2021-05-01,2021-06-01,879.58,588.11
TXN-28714,LNK-25726,2021-06-01,2021-06-22,872.81,255.79
TXN-89866,LNK-25726,2021-07-01,2021-07-01,894.61,890.22
TXN-39792,LNK-25726,2021-08-01,,870.98,0.00
TXN-12636,LNK-25726,2021-09-01,,875.22,0.00
TXN-16639,LNK-62814,2021-10-01,2021-10-06,1820.35,1791.25
TXN-81429,LNK-62814,2021-11-01,2021-11-12,1820.00,1336.37
TXN-23928,LNK-83578,2021-03-01,02/27/2021,2145.86,2111.29
TXN-10972,LNK-83578,2021-04-01,2021-04-15,2150.73,695.07
TXN-39108,LNK-83578,2021-05-01,2021-05-09,2116.30,2107.17
TXN-89590,LNK-83578,2021-06-01,2021-06-22,2065.03,2049.14
TXN-21902,LNK-83578,07/01/2021,2021-06-30,2070.68,2046.90
TXN-19205,LNK-83578,2021-08-01,2021-09-28, 2095.70 ,2028.21
TXN-25225,LNK-74233,2026-05-01,2026-04-29,1042.68,1031.18
TXN-94265,LNK-74233,2026-06-01,06/09/2026,1068.04,765.88
TXN-49277,LNK-74233,2026-07-01,2026-06-29,1068.83,1049.46
TXN-11633,LNK-49281,2023-01-01,2023-01-18,3036.85,1460.32
TXN-74431,LNK-49281,2023-02-01,2023-02-10,3033.53,2982.71
TXN-55132,LNK-49281,2023-03-01,2023-03-02,2986.39,1536.77
TXN-58982,LNK-49281,2023-04-01,2023-04-10,3043.61,2985.02
TXN-84849,LNK-49281,2023-05-01,2023-05-24,2896.94,2882.13
TXN-71367,LNK-49281,2023-06-01,2023-07-13,2971.42,2830.28
TXN-80462,LNK-15184,2020-07-01,2020-07-13,"$3,594.07",3547.34
TXN-67271,LNK-15184,2020-08-01,2020-08-04,3581.33,1671.55
TXN-32048,LNK-15184,2020-09-01,2020-09-01,3628.87,3583.76
TXN-19418,LNK-15184,2020-10-01,2020-10-12,3525.84,964.70
TXN-64567,LNK-82830,2025-10-01,2025-09-30,899.63,896.01
TXN-38175,LNK-82830,2025-11-01,2025-11-07,889.95,873.31
TXN-43076,LNK-82830,2025-12-01,2025-12-27, 848.93 ,846.85
TXN-76316,LNK-13987,2022-05-01,,813.27,0.00
TXN-50063,LNK-13987,2022-06-01,2022-08-01,828.42,804.53
TXN-47740,LNK-13987,2022-07-01,2022-07-03,807.98,795.02
TXN-40707,LNK-13987,2022-08-01,2022-07-30,843.44,837.27
TXN-17779,LNK-88098,2023-12-01,2023-11-28,3008.82,2967.60
TXN-53723,LNK-88098,2024-01-01,2023-12-31,3070.35,3037.51
TXN-49472,LNK-88098,2024-02-01,2024-03-01,3040.89,1280.04
TXN-44178,LNK-88098,2024-03-01,2024-03-06, 2949.96 ,2914.70
TXN-93125,LNK-26856,03/01/2026,2026-02-26,1703.83,1697.82
TXN-72752,LNK-26856,2026-04-01,2026-03-30,1750.48,1737.95
TXN-54125,LNK-26856,2026-05-01,2026-06-05,1697.16,543.58
TXN-56469,LNK-26856,2026-06-01,2026-06-03,1692.58,1676.84
TXN-12759,LNK-77720,2026-03-01,2026-03-27,4002.00,3950.24
TXN-77488,LNK-77720,2026-03-01,2026-03-27,4002.00,3950.24
TXN-77473,LNK-77720,2026-04-01,,3999.52,0.00
TXN-29375,LNK-77720,2026-05-01,2026-06-02,4081.87,3892.15
TXN-40041,LNK-77720,06/01/2026,2026-06-05,3893.71,1234.34
TXN-82693,LNK-77720,2026-07-01,2026-07-03,3948.55,3874.47
TXN-29069,LNK-32270,2021-06-01,2021-06-02,916.88,462.59
TXN-93258,LNK-32270,2021-07-01,2021-08-04,920.45,512.28
TXN-79899,LNK-32270,2021-08-01,,882.91,0.00
TXN-83179,LNK-32270,2021-09-01,2021-10-22,909.60,896.11
TXN-22775,LNK-32270,2021-10-01,2021-10-10,900.01,899.82
TXN-61661,LNK-39750,2025-04-01,2025-04-07, 1985.22 ,1982.09
TXN-20509,LNK-39750,2025-05-01,2025-07-09,1966.48,1928.33
TXN-40538,LNK-39750,2025-06-01,2025-06-13,2025.35,2024.54
TXN-69922,LNK-81079,2022-10-01,2022-10-05,"$3,755.03",3749.96
TXN-95582,LNK-81079,2022-11-01,2022-11-08,3676.95,3667.48
TXN-21173,LNK-81079,2022-12-01,12/09/2022,3565.31,3543.77
TXN-86181,LNK-81079,2023-01-01,2023-02-23,3686.39,3650.76
TXN-52872,LNK-81079,2023-02-01,2023-02-04,3710.20,3648.98
TXN-99670,LNK-81079,2023-03-01,2023-03-05,3570.36,3529.40
TXN-77554,LNK-32979,2019-03-01,2019-03-05,2042.43,2016.93
TXN-13780,LNK-32979,2019-04-01,2019-06-15,1991.32,1911.60
TXN-74301,LNK-32979,2019-05-01,2019-04-30,2075.14,2074.94
TXN-39587,LNK-32979,2019-06-01,2019-06-05,2086.36,2065.36
TXN-28812,LNK-87341,2022-04-01,2022-04-02,2573.41,2566.69
TXN-73511,LNK-87341,2022-05-01,2022-05-03,2563.79,2543.52
TXN-25996,LNK-53350,2025-06-01,2025-08-06,2627.44,2618.35
TXN-50314,LNK-53350,2025-07-01,,2570.52,0.00
TXN-59918,LNK-53350,2025-08-01,2025-10-02,2658.50,2656.70
TXN-39263,LNK-96156,2019-04-01,2019-04-05,2697.39,2688.98
TXN-55703,LNK-96156,2019-05-01,2019-05-10,2675.05,2624.17
TXN-54987,LNK-96156,2019-06-01,2019-08-08,2766.90,2632.78
TXN-48563,LNK-96156,2019-07-01,2019-09-03,2643.49,2597.14
TXN-28677,LNK-85659,2020-04-01,2020-03-30,3115.66,3088.72
TXN-79997,LNK-85659,2020-05-01,,"$3,214.29",0.00
TXN-50037,LNK-85659,2020-06-01,2020-08-13,3137.71,3038.43
TXN-66989,LNK-85659,2020-07-01,2020-07-07,3155.75,3120.57
TXN-78126,LNK-85659,2020-08-01,2020-08-06,3252.38,3206.96
TXN-64277,LNK-85659,2020-09-01,2020-09-13,3294.24,3269.73
TXN-38142,LNK-64699,2025-06-01,2025-06-08,921.92,921.34
TXN-92807,LNK-64699,2025-07-01,2025-07-16,918.16,915.66
TXN-81171,LNK-64699,2025-08-01,2025-08-05,936.13,934.17
TXN-68183,LNK-40008,2024-07-01,2024-07-07,2643.42,2598.49
TXN-33227,LNK-40008,2024-08-01,2024-08-26,2569.70,2461.49
TXN-16890,LNK-40008,2024-09-01,2024-08-30,2540.13,2538.02
TXN-37430,LNK-40008,2024-10-01,2024-10-05,2645.31,2597.82
TXN-31866,LNK-24218,2021-10-01,NULL,1788.56,0.00
TXN-78848,LNK-24218,2021-11-01,2021-11-03,1833.47,1827.41
TXN-39218,LNK-24218,2021-12-01,2021-12-07,1794.02,1786.31
TXN-30304,LNK-24218,2022-01-01,01/13/2022,1805.64,937.46
TXN-26621,LNK-24218,2022-02-01,2022-03-09,1838.46,1826.39
TXN-17936,LNK-24218,2022-03-01,2022-03-12,1757.69,1747.01
TXN-50918,LNK-21111,2023-11-01,2023-12-02,2237.17,1005.68
TXN-89900,LNK-21111,2023-12-01,2024-02-03,2320.41,2237.26
TXN-44286,LNK-21111,2024-01-01,NULL,2198.73,0.00
TXN-41334,LNK-21111,2024-02-01,2024-02-28,2206.43,2115.87
TXN-28429,LNK-21111,2024-03-01,2024-04-02,2198.43,2146.33
TXN-72510,LNK-21111,04/01/2024,2024-04-13,2192.53,2155.88
TXN-48338,LNK-25405,2023-07-01,2023-07-12,1545.08,1531.44
TXN-13724,LNK-25405,2023-08-01,2023-10-07,1526.99,1505.69
TXN-30968,LNK-43176,2022-01-01,2022-01-24,1121.40,1096.55
TXN-59775,LNK-43176,2022-02-01,,1156.42,0.00
TXN-56211,LNK-43176,03/01/2022,,1158.01,0.00
TXN-54938,LNK-43176,2022-04-01,2022-04-03,1126.41,1116.65
TXN-82042,LNK-54914,2023-07-01,2023-07-07,2310.06,2270.37
TXN-52431,LNK-54914,2023-08-01,2023-08-03,2341.91,2309.56
TXN-90882,LNK-54914,2023-09-01,,2350.11,0.00
TXN-33665,LNK-54914,2023-10-01,2023-11-29, 2334.69 ,2280.11
TXN-44381,LNK-54914,2023-11-01,2023-11-09,2311.03,2295.68
TXN-58064,LNK-57873,2020-09-01,09/07/2020,2116.83,2081.80
TXN-16594,LNK-57873,2020-10-01,2020-10-05,2141.89,2139.65
TXN-31692,LNK-57873,2020-11-01,2020-11-06,2106.36,1236.83
TXN-42486,LNK-5722,2020-10-01,2020-10-08,1377.39,1373.39
TXN-25818,LNK-5722,2020-11-01,11/04/2020,1310.33,1295.71
TXN-13818,LNK-5722,2020-12-01,2021-01-01,1374.22,639.70
TXN-76548,LNK-22567,2020-02-01,2020-02-18,3593.22,3445.02
TXN-23031,LNK-22567,2020-03-01,2020-04-04,3484.02,3332.30
TXN-76109,LNK-22567,2020-04-01,2020-04-06,3526.10,3525.07
TXN-56434,LNK-42220,2024-10-01,2024-10-04,538.71,532.95
TXN-94896,LNK-42220,2024-11-01,2024-12-27,527.99,522.14
TXN-46621,LNK-42220,2024-12-01,2024-12-02,560.22,557.34
TXN-80300,LNK-42220,2025-01-01,2025-01-11,528.58,248.59
TXN-13128,LNK-42220,2025-02-01,2025-02-08,531.17,528.29
TXN-52700,LNK-50081,2022-11-01,2022-11-04,1767.39,670.53
TXN-99351,LNK-50081,12/01/2022,,1824.36,0.00
TXN-22178,LNK-50081,2023-01-01,2023-01-07,1763.00,1742.02
TXN-43181,LNK-50081,2023-02-01,2023-01-30,1798.37,1783.25
TXN-40886,LNK-90764,2021-07-01,2021-06-30,3189.10,3136.02
TXN-96428,LNK-90764,2021-08-01,2021-07-31,3129.80,3104.50
TXN-77659,LNK-90764,2021-09-01,2021-09-02,3032.07,"$3,006.61"
TXN-78415,LNK-90764,2021-10-01,2021-10-18,3130.62,2148.38
TXN-33045,LNK-90764,2021-11-01,2021-10-31,3100.21,3086.20
TXN-72094,LNK-90764,2021-12-01,2021-12-29,3036.77,3008.21
TXN-39547,LNK-3068,06/01/2021,2021-05-29,2813.03,2788.73
TXN-73972,LNK-3068,2021-07-01,2021-08-01,2767.38,838.25
TXN-93331,LNK-3068,2021-08-01,2021-07-30,2912.31,2867.52
TXN-44940,LNK-3068,2021-09-01,2021-09-15,2884.08,1746.05
TXN-85786,LNK-3068,2021-10-01,2021-09-29,2822.92,2778.94
TXN-16046,LNK-10694,2020-06-01,2020-08-04,2084.69,2046.34
TXN-86846,LNK-10694,2020-07-01,NULL,2051.89,0.00
TXN-85131,LNK-10694,2020-08-01,2020-08-10,2055.70,2053.09
TXN-43975,LNK-98186,2021-07-01,2021-06-30,1795.69,1772.88
TXN-96072,LNK-98186,2021-08-01,2021-07-30,1886.79,1875.49
TXN-46710,LNK-98186,2021-09-01,2021-09-05,1786.25,1778.22
TXN-75189,LNK-98186,2021-10-01,2021-11-02,1857.34,645.73
TXN-21944,LNK-98186,2021-11-01,2021-11-02,1866.58,873.95
TXN-80011,LNK-38512,2023-12-01,2024-01-08,1893.94,1103.43
TXN-94063,LNK-38512,2024-01-01,2023-12-30,1923.15,1894.37
TXN-18648,LNK-11082,2022-06-01,2022-05-29,2242.90,2222.28
TXN-36460,LNK-11082,2022-07-01,2022-07-03,2325.37,2307.72
TXN-28906,LNK-11082,2022-08-01,NULL,2238.33,0.00
TXN-48822,LNK-11082,2022-09-01,2022-08-30,2285.38,"$2,266.22"
TXN-15005,LNK-11082,2022-10-01,10/10/2022,2225.41,2200.20
TXN-63272,LNK-25385,2021-01-01,2021-01-02,2457.85,"$2,421.08"
TXN-29632,LNK-25385,2021-02-01,2021-01-31,2474.47,2458.73
TXN-19396,LNK-42704,2022-03-01,2022-03-09,1645.73,1625.89
TXN-47358,LNK-42704,2022-04-01,2022-04-05,1697.82,1693.89
TXN-63622,LNK-42704,2022-05-01,2022-06-01,1741.28,1140.37
TXN-22443,LNK-42704,2022-06-01,2022-06-23,1691.79,866.62
TXN-40456,LNK-42704,2022-07-01,07/02/2022,1650.21,1623.57
TXN-38391,LNK-42704,2022-08-01,2022-09-03,1742.21,1685.50
TXN-56018,LNK-36916,2026-02-01,2026-03-04, 2956.41 ,1141.98
TXN-44161,LNK-36916,2026-03-01,2026-05-02,2997.11,2910.59
TXN-67387,LNK-36916,2026-04-01,2026-04-13,2973.92,2946.19
TXN-34790,LNK-36916,2026-05-01,2026-05-12,3031.40,3021.87
TXN-42407,LNK-36916,2026-06-01,2026-06-01,2856.96,2825.70
TXN-71877,LNK-36916,2026-07-01,2026-07-02,2893.63,2870.72
TXN-17709,LNK-93371,2025-01-01,2025-01-01,1718.22,1701.37
TXN-32121,LNK-93371,2025-02-01,01/30/2025,1819.47,1797.76
TXN-52154,LNK-93371,2025-03-01,,1803.76,0.00
TXN-52215,LNK-93371,2025-04-01,2025-04-11,1815.20,1787.31
TXN-55498,LNK-60049,2026-03-01,2026-03-01,5160.01,5121.41
TXN-35032,LNK-60049,2026-04-01,2026-04-03,5141.51,5058.29
TXN-48114,LNK-60049,2026-05-01,2026-04-28,4971.88,4950.96
TXN-92622,LNK-60049,2026-06-01,2026-05-30,4978.94,4912.51
TXN-82010,LNK-60049,2026-07-01,2026-07-09,5070.28,5020.02
TXN-25684,LNK-37517,2024-03-01,2024-03-01,5336.55,5246.42
TXN-44752,LNK-37517,2024-04-01,2024-04-08,5243.66,5161.59
TXN-25017,LNK-37517,2024-05-01,2024-05-09,5139.66,5092.34
TXN-94752,LNK-37517,2024-06-01,2024-06-02,5289.67,5239.68
TXN-56333,LNK-61161,09/01/2022,2022-09-01,3714.99,3712.40
TXN-70732,LNK-61161,2022-10-01,2022-10-03,3738.11,3707.28
TXN-69560,LNK-73362,2021-06-01,2021-06-07,590.06,588.82
TXN-97051,LNK-73362,2021-07-01,07/17/2021,591.04,583.65
TXN-24516,LNK-73362,2021-08-01,2021-08-29,577.83,203.75
TXN-83176,LNK-73362,2021-09-01,2021-08-30,587.22,582.00
TXN-17407,LNK-73362,2021-10-01,2021-10-12,582.79,582.02
TXN-68994,LNK-36697,2025-01-01,2025-01-08,3366.67,3326.52
TXN-42992,LNK-36697,2025-02-01,2025-03-15,3332.81,3291.10
TXN-83997,LNK-36697,2025-03-01,2025-04-27,3270.63,3169.20
TXN-27696,LNK-38914,2022-11-01,10/30/2022,2008.37,"$1,968.69"
TXN-28877,LNK-38914,2022-12-01,2022-11-30,"$1,995.23",1971.56
TXN-96741,LNK-38914,2023-01-01,2023-01-07,2019.79,1981.92
TXN-94613,LNK-38914,2023-02-01,,1968.39,0.00
TXN-34707,LNK-38914,2023-03-01,2023-03-11,1996.39,1993.51
TXN-91137,LNK-86823,2025-04-01,2025-04-22,2229.55,2180.90
TXN-66200,LNK-86823,2025-05-01,2025-05-19,2179.65,2165.92
TXN-64274,LNK-86823,2025-06-01,2025-06-05,2241.55,2224.67
TXN-57269,LNK-15663,2020-12-01,2020-12-03,2137.57,2109.78
TXN-27907,LNK-15663,2021-01-01,2021-02-21,2194.21,2149.01
TXN-79789,LNK-15663,2021-02-01,2021-01-29,2103.13,2078.62
TXN-93130,LNK-15663,2021-03-01,2021-03-07,2158.82,2145.77
TXN-57929,LNK-15663,2021-04-01,2021-04-01,2157.91,2128.24
TXN-23773,LNK-84616,2023-08-01,2023-08-09,3735.45,3668.75
TXN-93735,LNK-84616,2023-09-01,,3700.58,0.00
TXN-43948,LNK-65157,2019-10-01,,2788.80,0.00
TXN-23937,LNK-65157,2019-11-01,2019-10-29,2705.22,2659.44
TXN-87781,LNK-65157,2019-12-01,2019-12-07,2774.73,2767.90
TXN-10013,LNK-65157,2020-01-01,2020-01-11,2682.26,2640.32
TXN-77174,LNK-92988,2023-01-01,2022-12-30,1074.44,1056.89
TXN-33659,LNK-92988,2023-02-01,2023-03-08,1058.40,1017.76
TXN-68693,LNK-92988,2023-03-01,2023-03-12,1056.60,1040.44
TXN-46451,LNK-92988,2023-04-01,2023-04-07,1046.48,"$1,033.11"
TXN-51563,LNK-92988,2023-05-01,2023-05-10,1049.63,1042.28
TXN-96204,LNK-92988,2023-06-01,2023-06-13,1072.15,1071.44
TXN-69729,LNK-92988,2023-06-01,2023-06-13,1072.15,1071.44
TXN-69325,LNK-43827,2021-06-01,2021-06-27,2040.11,795.36
TXN-46064,LNK-43827,2021-07-01,2021-06-30,2080.54,2041.29
TXN-58908,LNK-43827,2021-08-01,2021-07-29,2037.24,2030.35
TXN-55740,LNK-81492,2023-05-01,2023-05-05,1264.09,1253.41
TXN-86219,LNK-81492,2023-06-01,2023-05-30,1287.16,1277.32
TXN-95253,LNK-81492,2023-07-01,2023-07-05,1278.17,1271.21
TXN-89181,LNK-81492,2023-08-01,2023-10-15,1249.71,1240.46
TXN-29681,LNK-81492,2023-09-01,,1290.17,0.00
TXN-58684,LNK-81090,2021-10-01,2021-10-10,2844.76,2795.12
TXN-12332,LNK-81090,2021-11-01,2021-11-05,2802.29,2799.93
TXN-73942,LNK-81090,2021-12-01,2021-12-05,2841.32,"$2,787.08"
TXN-66286,LNK-81090,2022-01-01,2022-01-11,2825.16,2810.59
TXN-34944,LNK-81090,2022-02-01,2022-02-10,2870.54,2863.20
TXN-39742,LNK-81090,2022-03-01,2022-03-05,2798.29,2761.55
TXN-72265,LNK-78924,2022-08-01,NULL,1908.09,0.00
TXN-40219,LNK-78924,2022-09-01,,1923.01,0.00
TXN-64457,LNK-78924,2022-10-01,2022-10-03,1896.07,1885.43
TXN-47810,LNK-78924,2022-11-01,2022-10-31,1936.97,1925.21
TXN-36371,LNK-78924,2022-12-01,2022-12-07,1835.97,1812.45
TXN-55776,LNK-78924,2022-12-01,2022-12-07,1835.97,1812.45
TXN-58990,LNK-97940,2023-04-01,2023-04-12,1677.04,"$1,662.05"
TXN-40225,LNK-97940,2023-05-01,2023-05-07,1685.21,1677.16
TXN-74940,LNK-97940,2023-06-01,2023-06-10,1688.83,1670.33
TXN-24711,LNK-61901,2024-05-01,2024-05-09,1963.34,1960.29
TXN-33692,LNK-61901,2024-06-01,,1929.87,0.00
TXN-22857,LNK-61901,2024-07-01,2024-07-03,1939.44,1913.02
TXN-48274,LNK-61901,2024-08-01,2024-08-13,1922.38,1909.47
TXN-61660,LNK-89184,2022-06-01,07/02/2022,2820.12,"$1,855.59"
TXN-41977,LNK-89184,2022-07-01,2022-07-20,2777.82,949.38
TXN-16951,LNK-89184,2022-08-01,2022-08-06,2811.83,2799.69
TXN-75411,LNK-89184,2022-09-01,2022-09-03,2788.11,2772.28
TXN-17870,LNK-89184,2022-10-01,2022-09-29, 2796.69 ,2780.32
TXN-95047,LNK-89184,2022-11-01,NULL,2699.83,0.00
TXN-17601,LNK-36804,2020-10-01,2020-10-01,3479.85,3469.98
TXN-89660,LNK-36804,2020-11-01,2020-11-08,3551.94,3522.76
TXN-53075,LNK-17828,2022-01-01,01/10/2022,2414.92,2393.57
TXN-37017,LNK-17828,2022-02-01,2022-02-23,2348.55,2260.99
TXN-12717,LNK-17828,2022-03-01,2022-04-07,2368.35,1059.28
TXN-43727,LNK-60432,2022-11-01,2022-12-22,2318.06,"$2,266.66"
TXN-32506,LNK-60432,2022-12-01,2022-11-30,2351.94,2334.78
TXN-80687,LNK-39691,2023-10-01,2023-10-02,2153.83,2126.27
TXN-61451,LNK-39691,2023-11-01,2023-11-08,2052.32,2045.90
TXN-38436,LNK-39691,2023-12-01,2023-12-02,2090.06,2051.16
TXN-29556,LNK-39691,2024-01-01,2024-01-09,2041.84,2007.06
TXN-41421,LNK-39691,2024-02-01,,2042.68,0.00
TXN-18682,LNK-39691,2024-03-01,2024-03-13,2048.10,2041.42
TXN-33215,LNK-33447,2023-05-01,2023-05-29,3091.96,2067.53
TXN-62899,LNK-33447,2023-06-01,2023-06-20,3150.19,2224.59
TXN-57051,LNK-33447,07/01/2023,06/28/2023,3079.72,3031.01
TXN-51916,LNK-33447,2023-08-01,2023-09-06,3104.33,3070.91
TXN-75164,LNK-33447,2023-09-01,2023-09-24,3228.56,2101.90
TXN-46877,LNK-33447,2023-10-01,,3157.39,0.00
TXN-72529,LNK-82439,2025-06-01,2025-06-13,1297.02,1273.75
TXN-44629,LNK-82439,2025-07-01,2025-07-09,1293.71,1277.45
TXN-99520,LNK-82439,2025-08-01,2025-07-30,1335.27,1316.32
TXN-48175,LNK-82439,2025-09-01,2025-09-08, 1333.53 ,1307.50
TXN-89061,LNK-82439,2025-10-01,2025-10-01,1347.39,1330.83
TXN-36225,LNK-82439,2025-11-01,2025-11-12,1330.57,1316.52
TXN-61879,LNK-25672,2025-07-01,2025-07-13,2581.42,2534.10
TXN-61571,LNK-25672,2025-08-01,2025-08-05,2586.30,2536.27
TXN-74290,LNK-25672,2025-09-01,2025-09-12,2616.29,2590.00
TXN-39864,LNK-25672,2025-10-01,2025-10-20,2611.54,986.14
TXN-52695,LNK-25672,2025-11-01,2025-11-13,2647.27,2635.28
TXN-28838,LNK-61142,2025-03-01,2025-03-13,1368.97,1347.69
TXN-23024,LNK-61142,2025-04-01,2025-04-05,"$1,418.60",430.42
TXN-12110,LNK-6482,2023-06-01,2023-05-30,1318.78,1295.41
TXN-78196,LNK-6482,2023-07-01,2023-07-13,1328.68,1325.48
TXN-42395,LNK-6482,2023-08-01,2023-08-13,1272.08,1253.57
TXN-49044,LNK-6482,2023-09-01,09/04/2023,1303.47,1285.93
TXN-16052,LNK-6482,2023-10-01,2023-10-05,1281.45,1270.92
TXN-31887,LNK-6482,2023-11-01,2023-10-29,1325.81,1307.38
TXN-76528,LNK-79172,2024-03-01,2024-03-06,992.97,983.64
TXN-87615,LNK-79172,2024-04-01,2024-04-12,965.28,954.14
TXN-69781,LNK-79172,2024-05-01,2024-06-17,988.75,958.63
TXN-46614,LNK-79172,2024-06-01,2024-06-26,1014.96,1002.67
TXN-10495,LNK-79172,2024-07-01,2024-07-07,963.73,947.10
TXN-90959,LNK-79172,08/01/2024,,1005.31,0.00
TXN-37766,LNK-27680,2025-11-01,,1846.42,0.00
TXN-99923,LNK-27680,2025-12-01,2026-01-06, 1911.73 ,1040.03
TXN-86694,LNK-27680,2026-01-01,NULL,1898.94,0.00
TXN-36677,LNK-27680,2026-02-01,2026-01-29,1816.05,1808.03
TXN-44933,LNK-75277,2024-08-01,2024-08-11,3136.96,3131.73
TXN-90353,LNK-75277,2024-09-01,2024-10-18,3136.86,3132.77
TXN-61268,LNK-75277,2024-10-01,2024-09-30,3097.27,3067.05
TXN-46651,LNK-75277,2024-11-01,,3078.25,0.00
TXN-72318,LNK-16448,2023-10-01,2023-10-13,$682.66,434.07
TXN-88568,LNK-16448,2023-11-01,2023-11-10,683.49,681.66
TXN-35739,LNK-92905,2024-09-01,2024-09-09,1707.41,1692.30
TXN-57689,LNK-92905,2024-10-01,NULL,1768.83,0.00
TXN-38702,LNK-50834,2025-09-01,,2114.08,0.00
TXN-91381,LNK-50834,2025-10-01,,2108.85,0.00
TXN-54035,LNK-50834,2025-11-01,2025-10-29,2071.34,2047.22
TXN-61060,LNK-50834,2025-12-01,2025-12-04,2122.23,2095.44
TXN-31473,LNK-50834,2026-01-01,2026-01-12,2066.21,2061.97
TXN-23788,LNK-16915,2020-06-01,2020-06-12,3910.22,3836.09
TXN-52553,LNK-16915,2020-07-01,2020-07-13,"$3,910.49",3898.72
TXN-48149,LNK-16915,2020-08-01,2020-07-30,3765.56,3762.20
TXN-29602,LNK-71008,2022-07-01,2022-08-13,742.01,407.52
TXN-64624,LNK-71008,2022-08-01,2022-09-20,724.84,704.82
TXN-27502,LNK-71008,2022-09-01,2022-11-15,752.66,726.21
TXN-64221,LNK-71008,2022-10-01,2022-11-28,744.76,713.32
TXN-69580,LNK-59860,2024-07-01,2024-07-10,2540.59,2508.29
TXN-78889,LNK-59860,2024-08-01,2024-08-10,2570.26,2526.26
TXN-80593,LNK-78833,2026-05-01,2026-05-07,1519.94,1490.98
TXN-89054,LNK-78833,2026-06-01,2026-07-11,1531.74,1481.52
TXN-94229,LNK-78833,2026-07-01,NULL,1551.94,0.00
TXN-30708,LNK-1142,2025-10-01,2025-11-04, 3117.35 ,1351.83
TXN-63673,LNK-1142,2025-11-01,2025-11-09,2999.25,2950.10
TXN-72603,LNK-1142,2025-12-01,2025-12-06,2998.51,2976.02
TXN-18062,LNK-94525,2026-06-01,2026-06-08,674.92,661.89
TXN-21772,LNK-94525,2026-07-01,2026-07-07,698.46,688.74
TXN-37331,LNK-74783,2024-06-01,2024-06-01,1415.11,1408.17
TXN-66509,LNK-74783,2024-07-01,2024-07-04,1402.29, 1391.98 
TXN-18560,LNK-74783,2024-08-01,2024-09-07,1410.88,1405.22
TXN-86446,LNK-74783,2024-09-01,2024-09-04,1406.74, 1392.18 
TXN-22091,LNK-74783,2024-10-01,2024-11-06,1387.98,1344.26
TXN-64051,LNK-54227,2019-07-01,2019-07-30,1546.41,1537.03
TXN-60780,LNK-54227,2019-08-01,,1627.99,0.00
TXN-67576,LNK-54227,2019-09-01,,1627.52,0.00
TXN-38676,LNK-19830,2022-06-01,2022-06-05,1005.78,349.20
TXN-34428,LNK-19830,2022-07-01,2022-08-10,1024.67,534.92
TXN-28667,LNK-19830,2022-08-01,2022-08-12,999.27,992.45
TXN-25773,LNK-19830,2022-09-01,,1002.11,0.00
TXN-94264,LNK-19830,2022-10-01,10/09/2022,1020.92,1014.15
TXN-69977,LNK-93181,2021-02-01,2021-03-26,1080.00,1026.40
TXN-95096,LNK-93181,2021-03-01,2021-02-28,1099.57,1089.38
TXN-68699,LNK-93181,2021-04-01,04/24/2021,1076.69,361.27
TXN-55706,LNK-93181,2021-05-01,2021-05-05,1061.50,"$1,055.60"
TXN-46301,LNK-93181,2021-06-01,2021-05-29,1042.73,1031.00
TXN-18782,LNK-93181,2021-07-01,2021-07-13,1044.43,1044.08
TXN-49121,LNK-37208,2023-12-01,2023-11-29,2287.40,2267.30
TXN-44778,LNK-37208,2024-01-01,2024-01-05,2275.42,2242.42
TXN-73771,LNK-37208,2024-02-01,2024-02-29,2293.41,765.22
TXN-72802,LNK-37208,2024-03-01,2024-02-28,2338.77,2318.80
TXN-33369,LNK-37208,2024-04-01,2024-04-05,2310.13,2289.70
TXN-13161,LNK-89878,2023-05-01,2023-05-02,3130.08,3095.69
TXN-46709,LNK-89878,2023-06-01,2023-05-31,3100.46,3067.78
TXN-54778,LNK-58469,2025-10-01,2025-09-30,737.50,735.16
TXN-39566,LNK-58469,2025-11-01,01/08/2026,740.30,727.62
TXN-39340,LNK-58469,2025-12-01,2025-12-05,737.86,725.60
TXN-67989,LNK-3187,2021-05-01,05/04/2021,2731.12,2729.48
TXN-60765,LNK-3187,2021-06-01,2021-06-04,2801.20,2757.20
TXN-87174,LNK-3187,2021-07-01,2021-07-11,2763.96,2756.76
TXN-69817,LNK-3187,2021-08-01,2021-07-30,2739.72,2726.41
TXN-88407,LNK-12188,2022-07-01,07/03/2022,1604.57,1584.11
TXN-23267,LNK-12188,2022-08-01,2022-09-15,1536.46,1477.98
TXN-67041,LNK-70228,2019-04-01,2019-04-14,3880.53,1745.93
TXN-28040,LNK-70228,2019-05-01,2019-05-03,3909.29,3888.49
TXN-62269,LNK-70228,2019-06-01,2019-06-09,3872.06,3856.15
TXN-29709,LNK-81304,2025-04-01,2025-04-20,559.50,409.74
TXN-45812,LNK-81304,2025-05-01,2025-05-07,558.51,552.90
TXN-42071,LNK-71807,2022-03-01,2022-03-17,2880.53,2741.83
TXN-85446,LNK-71807,2022-04-01,2022-05-21,2795.69,2740.54
TXN-63659,LNK-71807,2022-05-01,,2876.42,$0.00
TXN-16554,LNK-71807,2022-06-01,2022-06-01,2801.90,2801.62
TXN-62547,LNK-71807,2022-07-01,2022-06-29,2741.14,2693.20
TXN-38938,LNK-40608,2022-09-01,2022-09-11,1806.82,1802.19
TXN-15058,LNK-40608,2022-10-01,2022-12-12,1757.36,1726.95
TXN-15061,LNK-40608,2022-11-01,,"$1,818.95",0.00
TXN-71040,LNK-40608,2022-12-01,12/03/2022,1764.58,1754.48
TXN-87267,LNK-77484,2026-06-01,2026-07-08,2407.67,2388.25
TXN-79552,LNK-77484,2026-07-01,2026-07-03,2482.37,2466.24
TXN-32663,LNK-59335,2025-02-01,2025-02-20,785.02,776.75
TXN-37236,LNK-59335,2025-03-01,2025-02-27,791.89,783.16
TXN-38330,LNK-59335,2025-04-01,2025-04-19,787.44,575.49
TXN-93826,LNK-59335,2025-05-01,2025-05-09,827.56,272.71
TXN-82818,LNK-59335,2025-06-01,2025-06-06,826.71,815.16
TXN-86256,LNK-59335,2025-07-01,2025-07-31,823.37,807.68
TXN-19991,LNK-74874,2020-05-01,2020-06-24,"$2,320.16",2284.88
TXN-72113,LNK-74874,2020-06-01,06/13/2020,2268.47,2240.66
TXN-75551,LNK-74874,2020-07-01,2020-07-04,2294.46,2248.72
TXN-74309,LNK-65178,2023-11-01,2023-11-06,3529.16,3516.19
TXN-36811,LNK-65178,2023-12-01,2023-12-06,3446.96,3414.86
TXN-92219,LNK-65178,2024-01-01,2024-01-01,3493.46,"$3,485.86"
TXN-57839,LNK-65178,2024-02-01,02/10/2024,3500.24,3470.30
TXN-64884,LNK-36187,2026-06-01,2026-06-11,514.08,506.95
TXN-38967,LNK-36187,2026-07-01,2026-06-28,520.63,516.40
TXN-91541,LNK-25356,2023-05-01,2023-06-20,1360.98,1298.48
TXN-34262,LNK-25356,2023-06-01,2023-08-02,1345.93,"$1,298.38"
TXN-19732,LNK-25356,2023-07-01,2023-07-09,1386.45,1376.76
TXN-24214,LNK-25356,2023-08-01,2023-08-07,1375.53,1366.69
TXN-76009,LNK-25356,2023-09-01,2023-09-08, 1323.75 ,1322.51
TXN-69484,LNK-25356,2023-10-01,2023-10-09,1345.92,1331.25
TXN-82629,LNK-41026,2020-07-01,2020-06-29,2987.91,2972.12
TXN-60336,LNK-41026,2020-08-01,2020-08-03,2945.60,1214.16
TXN-28608,LNK-41026,2020-09-01,2020-09-11,2956.26,2932.10
TXN-60212,LNK-79372,2024-10-01,2024-10-05,3370.29,1847.16
TXN-94241,LNK-79372,2024-11-01,2024-12-29,3337.67,3296.85
TXN-85182,LNK-79372,2024-12-01,2024-12-02,3283.58,3235.30
TXN-78937,LNK-79372,2025-01-01,,3357.66,0.00
TXN-72565,LNK-79372,2025-02-01,2025-02-28,3378.17,912.74
TXN-67381,LNK-30571,2024-10-01,2024-10-26, 4095.74 ,2922.11
TXN-38819,LNK-30571,11/01/2024,2024-11-02,3943.13,3927.77
TXN-53038,LNK-33853,2021-02-01,2021-04-11,3332.51,3306.10
TXN-98107,LNK-33853,2021-03-01,2021-03-04,3407.73,3365.32
TXN-25354,LNK-33853,2021-04-01,04/10/2021,3369.22,3318.56
TXN-16274,LNK-63021,2020-04-01,2020-04-09,1804.32,1791.50
TXN-56303,LNK-63021,2020-05-01,2020-05-10,1766.56,"$1,744.30"
TXN-99859,LNK-63021,2020-06-01,2020-05-30,1781.96,1750.21
TXN-93551,LNK-63021,2020-07-01,2020-07-13,1795.10,1778.29
TXN-91872,LNK-37528,2019-06-01,,2970.46,0.00
TXN-70589,LNK-37528,2019-07-01,2019-07-05,3022.81,3002.42
TXN-37813,LNK-37528,2019-08-01,2019-08-11,2997.80,2939.80
TXN-49175,LNK-97542,2019-04-01,2019-04-09,2241.75,2197.84
TXN-49334,LNK-97542,2019-05-01,2019-05-12,"$2,300.38",2284.63
TXN-63991,LNK-97542,2019-06-01,2019-06-13,2215.97,2176.40
TXN-78592,LNK-97542,07/01/2019,2019-08-02,2211.83,1077.04
TXN-54981,LNK-97542,2019-08-01,07/29/2019,2227.25,2183.72
TXN-10261,LNK-92303,2024-02-01,2024-02-02,2606.82,2588.42
TXN-14828,LNK-92303,2024-03-01,2024-03-08,2580.28,2530.60
TXN-91293,LNK-92303,2024-04-01,03/31/2024,2575.92,2548.68
TXN-48556,LNK-92303,2024-05-01,2024-05-18,2563.18,2437.83
TXN-68766,LNK-92303,2024-06-01,2024-06-13,2595.04,2571.49
TXN-90823,LNK-85575,2025-10-01,2025-10-01,2521.34,2509.14
TXN-44215,LNK-85575,2025-11-01,,2518.56,0.00
TXN-69850,LNK-85575,2025-12-01,2025-12-04,2541.31,2497.99
TXN-97264,LNK-85575,2026-01-01,2026-02-23,2501.00,2428.61
TXN-87644,LNK-85575,2026-02-01,2026-02-03,"$2,583.60",2570.69
TXN-31455,LNK-85575,2026-03-01,2026-04-15,2478.94,2385.88
TXN-40682,LNK-18299,2020-11-01,2020-11-03,2750.87,2044.23
TXN-94862,LNK-18299,2020-12-01,2020-12-11,"$2,650.32",2622.89
TXN-62255,LNK-18299,2021-01-01,,2702.95,0.00
TXN-95322,LNK-18299,2021-02-01,2021-01-30,2721.51,2705.74
TXN-22999,LNK-18299,2021-03-01,2021-03-05,2711.98,2681.67
TXN-60851,LNK-18299,2021-04-01,2021-04-13,2688.66,2682.36
TXN-63946,LNK-8331,2021-02-01,2021-01-31,2922.54,2886.33
TXN-30208,LNK-8331,03/01/2021,2021-03-07,2996.55,2990.71
TXN-15318,LNK-8331,2021-04-01,2021-05-05,3029.12,1197.59
TXN-81385,LNK-8331,2021-05-01,2021-05-08,2933.47,1662.03
TXN-68313,LNK-8331,2021-06-01,2021-06-06,3029.58,1374.51
TXN-85162,LNK-8331,2021-07-01,2021-07-06,2898.29,2869.92
TXN-27398,LNK-74619,2020-03-01,2020-02-29,1317.32,1296.56
TXN-84646,LNK-74619,2020-04-01,2020-04-13,"$1,314.47",1292.04
TXN-61600,LNK-74619,2020-05-01,2020-06-15,1303.51,1260.26
TXN-80737,LNK-25347,2021-05-01,2021-05-08,1984.78,1956.81
TXN-60237,LNK-25347,2021-06-01,2021-06-03,1962.60,1951.43
TXN-40451,LNK-25347,2021-07-01,2021-07-01,2004.05,1967.81
TXN-94856,LNK-45966,2022-03-01,2022-03-22,1063.40,1055.69
TXN-65951,LNK-45966,04/01/2022,2022-04-09,1061.23,1045.61
TXN-74215,LNK-45966,2022-05-01,2022-05-07,1080.59,1075.02
TXN-69367,LNK-45966,2022-06-01,2022-05-30,1066.46,1059.80
TXN-29157,LNK-45966,2022-06-01,2022-05-30,1066.46,1059.80
TXN-66056,LNK-45966,2022-07-01,,1045.80,0.00
TXN-40234,LNK-45966,2022-08-01,2022-08-12,1053.99,1042.64
TXN-91724,LNK-27071,2026-04-01,2026-04-03,6699.68,6662.71
TXN-60552,LNK-27071,2026-05-01,2026-05-26,6867.05,2413.55
TXN-40185,LNK-40576,2019-10-01,2019-09-30,1291.06,1288.61
TXN-58778,LNK-40576,2019-11-01,2019-12-09,1274.57,769.34
TXN-26788,LNK-40576,2019-12-01,2019-12-13,1332.12,1306.50
TXN-72273,LNK-40576,2020-01-01,2020-01-02,1330.95,1330.89
TXN-41284,LNK-40576,2020-02-01,2020-02-04,1301.70,1296.51
TXN-62825,LNK-40576,2020-03-01,03/04/2020,1290.90,1286.74
TXN-11503,LNK-82633,2020-05-01,2020-05-02,3820.16,3799.70
TXN-12420,LNK-82633,2020-06-01,2020-07-15,3868.26,2529.50
TXN-69352,LNK-82633,2020-07-01,,3828.65,0.00
TXN-57349,LNK-82633,08/01/2020,2020-10-10,3886.24,3879.52
TXN-58206,LNK-82633,2020-09-01,2020-09-06,3802.91,3764.78
TXN-11465,LNK-82633,2020-10-01,2020-10-13,3791.09,3719.01
TXN-43663,LNK-18038,2024-05-01,2024-04-28,2412.21,2390.30
TXN-11186,LNK-18038,2024-06-01,2024-07-31,2335.76,2240.88
TXN-95345,LNK-18038,2024-07-01,2024-08-23,2391.62,2329.07
TXN-83254,LNK-8816,2025-08-01,2025-08-11,3816.39,3805.30
TXN-46136,LNK-8816,09/01/2025,2025-09-01,"$3,883.54",3854.72
TXN-24973,LNK-8816,2025-10-01,2025-10-10,4000.51,3972.02
TXN-35657,LNK-8816,2025-11-01,2025-11-12,4016.98,4011.81
TXN-76894,LNK-41620,2019-08-01,2019-08-10,1172.21,1161.92
TXN-40334,LNK-41620,2019-09-01,2019-09-03,1151.78,1149.44
TXN-75602,LNK-41620,2019-10-01,2019-12-10,1145.89,1122.60
TXN-85197,LNK-27624,2020-01-01,2020-02-29,2439.27,2368.96
TXN-16669,LNK-27624,2020-02-01,2020-02-12,2487.29,2476.07
TXN-22808,LNK-27624,2020-03-01,2020-03-10,2390.21,2383.43
TXN-18694,LNK-35650,2025-08-01,,6491.43,0.00
TXN-70219,LNK-35650,2025-09-01,,6296.82,0.00
TXN-51599,LNK-35650,2025-10-01,2025-10-24,6476.68,2780.39
TXN-29554,LNK-33527,2024-08-01,08/04/2024,2023.04,2013.07
TXN-81307,LNK-33527,2024-09-01,09/04/2024,2015.20,1990.86
TXN-94629,LNK-81173,2021-03-01,2021-03-08,2075.39,2045.60
TXN-27177,LNK-81173,2021-04-01,2021-04-02,2116.80,2096.97
TXN-10585,LNK-81173,2021-05-01,2021-05-03,2080.93,2080.40
TXN-94169,LNK-39356,2020-09-01,,2060.72,0.00
TXN-71491,LNK-39356,2020-10-01,2020-09-30,2112.75,"$2,074.73"
TXN-88281,LNK-39356,2020-11-01,2020-11-08,2062.89,2030.66
TXN-11575,LNK-39356,2020-12-01,2021-01-29,2021.67,2013.58
TXN-75179,LNK-39356,2021-01-01,2021-01-24,2092.72,981.73
TXN-73355,LNK-37666,2020-07-01,2020-07-09,1940.83,1934.11
TXN-86115,LNK-37666,2020-08-01,2020-08-02,1926.55,1900.32
TXN-75867,LNK-37666,2020-09-01,2020-08-29,1878.07,1842.36
TXN-80390,LNK-37666,2020-10-01,2020-10-01,1837.46,1801.64
TXN-99197,LNK-37666,2020-11-01,11/01/2020,1934.50,1902.54
TXN-62689,LNK-37666,2020-12-01,2020-11-30,1907.42,1871.30
TXN-77697,LNK-85015,2020-08-01,2020-08-02,3001.61,2977.26
TXN-32829,LNK-85015,2020-09-01,2020-10-05,3123.72,3093.69
TXN-58978,LNK-40132,2025-10-01,2025-10-03,3651.15,3649.67
TXN-64296,LNK-40132,2025-11-01,2025-11-25,"$3,576.25",1402.80
TXN-18994,LNK-40132,2025-12-01,2025-12-10,3596.27,3540.38
TXN-64291,LNK-40132,2026-01-01,01/05/2026,3507.60,3455.36
TXN-65888,LNK-57333,2019-07-01,2019-07-13,"$2,344.24",2297.92
TXN-44206,LNK-57333,2019-08-01,2019-09-17,2427.23,2312.41
TXN-15260,LNK-57333,09/01/2019,2019-09-03,2343.76,2324.61
TXN-11611,LNK-57333,09/01/2019,2019-09-03,2343.76,2324.61
TXN-32425,LNK-57333,2019-10-01,2019-10-13,2373.90,2353.32
TXN-93990,LNK-46082,2022-09-01,2022-09-25,1277.27,1218.62
TXN-10480,LNK-46082,2022-10-01,2022-10-13,1297.31,1277.42
TXN-27184,LNK-57436,2024-03-01,2024-03-05,644.72,641.39
TXN-83530,LNK-57436,2024-04-01,2024-04-09,636.47,625.90
TXN-13425,LNK-57436,2024-05-01,2024-05-03,660.07,648.82
TXN-28972,LNK-57436,2024-06-01,2024-06-27,653.86,$643.49
TXN-32396,LNK-37749,2023-04-01,2023-03-31,5255.78,5234.06
TXN-33532,LNK-37749,2023-05-01,2023-05-01,5082.10,5076.49
TXN-99054,LNK-37749,2023-06-01,2023-05-30,5106.69,5084.13
TXN-49439,LNK-37749,2023-07-01,2023-07-05,5320.76,5242.04
TXN-48559,LNK-71931,2020-09-01,2020-09-09,2905.05,2856.46
TXN-60847,LNK-71931,2020-10-01,2020-11-07,2905.83,2093.34
TXN-66770,LNK-71931,2020-11-01,2020-11-03,2996.78,2996.36
TXN-20930,LNK-71931,2020-12-01,,2906.88,0.00
TXN-64163,LNK-42827,2019-03-01,2019-03-02,3935.85,3875.82
TXN-52696,LNK-42827,2019-04-01,04/11/2019,3789.87,3760.21
TXN-22122,LNK-57346,2021-04-01,2021-05-22,2978.27,2958.74
TXN-71993,LNK-57346,2021-05-01,2021-04-30,3051.46,3019.95
TXN-83600,LNK-57346,2021-06-01,2021-06-23,3027.50,3020.97
TXN-66740,LNK-57346,2021-07-01,2021-07-12,2947.29,2914.74
TXN-63639,LNK-57346,2021-08-01,2021-08-06,3019.51,2972.65
TXN-34008,LNK-57346,2021-09-01,,2992.79,0.00
TXN-62877,LNK-16012,2025-07-01,2025-07-02,2650.83,2602.40
TXN-56512,LNK-16012,2025-08-01,2025-08-04,2693.94,2670.02
TXN-75256,LNK-16012,2025-09-01,2025-09-09,2641.06,2588.75
TXN-16878,LNK-16012,2025-10-01,2025-11-26,2616.59,2607.59
TXN-49152,LNK-16012,2025-11-01,2025-11-02,2657.30,2619.02
TXN-38625,LNK-52897,2023-02-01,2023-03-21,2359.72, 2329.85 
TXN-81367,LNK-52897,2023-03-01,2023-03-10,2365.16,1425.10
TXN-79458,LNK-52897,2023-04-01,,2339.77,0.00
TXN-36359,LNK-52897,2023-05-01,,2398.74,0.00
TXN-35837,LNK-52897,2023-06-01,2023-05-30,2357.08,2346.96
TXN-84827,LNK-93690,2019-11-01,2019-11-09,1178.78,1167.75
TXN-33011,LNK-93690,2019-12-01,2019-12-03,1229.77,1220.84
TXN-35914,LNK-93690,2020-01-01,2020-01-13,1219.52,1216.21
TXN-98283,LNK-93690,2020-02-01,02/02/2020,1180.69,1163.58
TXN-78425,LNK-93690,2020-03-01,,1185.91,0.00
TXN-44742,LNK-93690,2020-04-01,2020-04-13,1233.33,421.38
TXN-13315,LNK-68017,2021-08-01,2021-08-19,3469.35,1423.82
TXN-91609,LNK-68017,2021-09-01,2021-08-29,3491.28,3451.96
TXN-85748,LNK-68017,2021-10-01,2021-10-09,3498.94,3466.01
TXN-25519,LNK-68017,2021-11-01,,3427.22,0.00
TXN-34542,LNK-68017,2021-12-01,2021-12-02,3462.98,3447.24
TXN-61823,LNK-46957,2022-12-01,2022-12-06,2021.43,2020.63
TXN-88484,LNK-46957,2023-01-01,2023-01-10,1999.31,1982.24
TXN-20182,LNK-46957,2023-02-01,2023-02-01,"$1,939.80",1933.10
TXN-69661,LNK-46957,2023-03-01,2023-03-02,1957.82,1946.83
TXN-63113,LNK-46957,2023-04-01,2023-03-31,2009.76,2000.51
TXN-43401,LNK-46957,2023-05-01,2023-05-09,1986.09,1948.98
TXN-85498,LNK-11279,2020-07-01,2020-07-08,3205.24,2385.08
TXN-83113,LNK-11279,2020-08-01,2020-08-10,3153.59,3095.75
TXN-57886,LNK-67952,2024-04-01,2024-04-12,1107.55,1093.79
TXN-68692,LNK-67952,2024-05-01,2024-04-30,1102.25,1082.05
TXN-68248,LNK-67952,2024-06-01,2024-06-03,1132.92,1115.55
TXN-48861,LNK-70547,2021-01-01,2021-01-11,528.66,520.33
TXN-31952,LNK-70547,2021-02-01,2021-02-04,544.73,542.34
TXN-68227,LNK-70547,2021-03-01,2021-03-10,544.79,542.05
TXN-37483,LNK-94531,2021-12-01,2021-11-29,2212.15,2207.22
TXN-51301,LNK-94531,01/01/2022,2022-01-24,2120.82,2039.26
TXN-84432,LNK-94531,2022-02-01,2022-02-08,2143.48,2123.50
TXN-82463,LNK-94531,2022-03-01,2022-03-20,2121.68, 2102.56 
TXN-44323,LNK-94531,2022-04-01,2022-03-29,2197.00,2162.51
TXN-17245,LNK-94531,2022-05-01,2022-05-01,2208.40,2196.17
TXN-99009,LNK-53260,2019-05-01,2019-05-09,515.11,510.10
TXN-99406,LNK-53260,2019-06-01,2019-05-31,519.15,515.29
TXN-99157,LNK-53260,2019-07-01,NULL,538.06,0.00
TXN-69901,LNK-53260,2019-08-01,2019-08-04,529.15,527.20
TXN-13385,LNK-53260,2019-09-01,2019-09-01,516.26,514.05
TXN-49317,LNK-13245,2025-04-01,2025-04-07,801.09,796.85
TXN-71403,LNK-13245,2025-05-01,2025-05-01,785.52,769.96
TXN-30231,LNK-13245,2025-06-01,,808.72,0.00
TXN-16301,LNK-13245,2025-07-01,2025-07-10,777.65,350.68
TXN-91305,LNK-13245,2025-08-01,2025-08-06,774.99,762.90
TXN-27486,LNK-44506,2019-06-01,2019-06-06,893.25,890.81
TXN-66798,LNK-44506,2019-07-01,07/09/2019,916.87,902.94
TXN-45111,LNK-44506,2019-08-01,2019-08-03,901.70,889.29
TXN-60909,LNK-44506,2019-09-01,2019-09-10,918.35,900.46
TXN-52910,LNK-44506,2019-10-01,,907.17,0.00
TXN-86964,LNK-44506,2019-11-01,2019-11-29,923.29,882.81
TXN-64113,LNK-9834,2019-03-01,2019-03-16,1496.57,1468.33
TXN-70202,LNK-9834,2019-04-01,2019-04-07,1560.43,1531.17
TXN-42926,LNK-78992,2021-11-01,2021-11-03,1488.94,1474.29
TXN-71777,LNK-78992,2021-12-01,2021-12-04,1446.59,1424.42
TXN-24519,LNK-45252,2019-04-01,2019-04-03,1677.68,1651.90
TXN-75669,LNK-45252,2019-05-01,2019-05-06,1708.21,1704.97
TXN-89192,LNK-9675,2022-06-01,2022-06-04,2383.33,2350.30
TXN-20191,LNK-9675,2022-07-01,2022-09-08,2413.43,2316.98
TXN-66284,LNK-9675,2022-08-01,2022-08-08,2455.62,2413.68
TXN-63711,LNK-9675,2022-09-01,2022-10-28,2426.19,2342.76
TXN-80860,LNK-9675,2022-10-01,2022-10-08,2450.44,2436.90
TXN-15704,LNK-9675,2022-11-01,2022-11-12,2376.14,2349.63
TXN-74240,LNK-86029,2023-07-01,2023-06-28,3054.86,3019.94
TXN-40448,LNK-86029,2023-08-01,2023-08-12,3036.91,3006.03
TXN-25007,LNK-86029,2023-09-01,09/07/2023,3021.70,2977.25
TXN-16031,LNK-56333,2023-09-01,2023-09-10,1157.25,1155.25
TXN-13766,LNK-56333,2023-10-01,2023-10-11,1161.93,1139.72
TXN-68707,LNK-49566,2024-09-01,08/29/2024,844.03,837.90
TXN-84589,LNK-49566,2024-10-01,2024-10-07,846.50,842.78
TXN-71736,LNK-49566,2024-11-01,2024-11-04,839.74,838.96
TXN-71586,LNK-49566,2024-12-01,,845.67,0.00
TXN-62654,LNK-32363,2021-09-01,2021-08-31,3615.59,3597.16
TXN-60213,LNK-32363,2021-10-01,2021-10-04,3601.98,3581.24
TXN-97628,LNK-32363,2021-11-01,2021-11-24,3709.27,1527.77
TXN-16092,LNK-32363,2021-12-01,2021-12-01,3557.11,3551.95
TXN-16865,LNK-32363,01/01/2022,2022-01-03,3684.86,3656.72
TXN-33450,LNK-32363,2022-02-01,2022-02-13,3633.53,3577.42
TXN-30991,LNK-57179,2019-04-01,2019-03-29,6802.97,6793.80
TXN-11799,LNK-57179,2019-05-01,05/03/2019,6735.05,6623.57
TXN-13262,LNK-57179,2019-06-01,2019-06-01,"$6,537.79",6420.03
TXN-94980,LNK-57179,2019-07-01,2019-07-22,6765.76,2509.11
TXN-42763,LNK-57179,2019-08-01,2019-08-06,6608.35,6511.98
TXN-66372,LNK-74259,2019-08-01,2019-08-02,3318.16,3302.06
TXN-50364,LNK-74259,2019-09-01,2019-09-08,3491.49,"$2,548.90"
TXN-27136,LNK-74259,2019-10-01,2019-10-10,3383.61,3378.16
TXN-38465,LNK-74259,2019-11-01,2019-12-16,3482.48,1485.23
TXN-64594,LNK-74259,2019-11-01,2019-12-16,3482.48,1485.23
TXN-77059,LNK-5400,2022-03-01,2022-03-09,2142.86,2110.29
TXN-27890,LNK-5400,2022-04-01,2022-04-10,2135.84,2132.29
TXN-42536,LNK-33768,2024-02-01,2024-02-13,4093.94,4088.93
TXN-55044,LNK-33768,2024-03-01,2024-03-13,4131.37,4113.32
TXN-51887,LNK-33768,2024-04-01,2024-04-07,4163.60,1391.10
TXN-33681,LNK-77939,2020-05-01,,3448.77,0.00
TXN-28482,LNK-77939,2020-06-01,2020-06-07,3427.15,3408.59
TXN-13880,LNK-77939,2020-07-01,2020-06-29,3543.41,3529.38
TXN-88960,LNK-77939,2020-08-01,2020-08-06,3459.09,3395.78
TXN-23294,LNK-77939,2020-09-01,2020-09-16,3576.71,1632.74
TXN-31652,LNK-85518,2024-04-01,04/11/2024,1241.34,1218.68
TXN-44068,LNK-85518,2024-05-01,2024-05-21,1303.48,1244.30
TXN-54064,LNK-85518,2024-06-01,2024-06-05,1273.20,1254.45
TXN-95802,LNK-81541,2023-03-01,2023-02-28,1097.82,1091.87
TXN-34371,LNK-81541,2023-04-01,2023-03-29,1110.18,1104.62
TXN-93017,LNK-81541,2023-05-01,2023-05-05,1118.57,1106.99
TXN-24235,LNK-81541,2023-06-01,2023-06-06,1109.04,1094.13
TXN-29381,LNK-81541,2023-07-01,06/30/2023,1106.61,1089.40
TXN-13039,LNK-39185,2022-02-01,2022-02-11,2388.86,2388.34
TXN-32197,LNK-39185,2022-03-01,2022-02-26,2413.86,2371.43
TXN-57322,LNK-39185,2022-04-01,2022-04-19,2457.96,2435.19
TXN-43793,LNK-19030,2021-12-01,,1216.05,0.00
TXN-94765,LNK-19030,2022-01-01,2022-01-18,1207.08,1163.68
TXN-13452,LNK-19030,2022-02-01,2022-02-06,1217.87,1205.49
TXN-85631,LNK-19030,2022-03-01,2022-02-28,1204.37,1184.51
TXN-43104,LNK-77791,2023-10-01,2023-11-30,1594.17,1579.86
TXN-23881,LNK-77791,2023-11-01,2023-11-07,1597.78,1572.90
TXN-20449,LNK-64783,2025-12-01,,2379.37,0.00
TXN-34798,LNK-64783,2026-01-01,2026-03-05,2436.26,2436.13
TXN-84604,LNK-64783,2026-02-01,2026-02-17,2421.13,925.67
TXN-62785,LNK-64783,2026-03-01,03/01/2026,2364.75,2321.15
TXN-53686,LNK-64783,2026-04-01,2026-04-11,2436.50,2393.03
TXN-44207,LNK-8989,2023-12-01,2023-12-09,"$2,008.77",1979.12
TXN-55631,LNK-8989,2024-01-01,2024-01-07,2000.98,1974.97
TXN-30876,LNK-8989,2024-02-01,2024-02-02,2056.38,2051.79
TXN-53167,LNK-8989,2024-03-01,2024-03-03,2010.17,1972.89
TXN-51044,LNK-8989,2024-04-01,04/13/2024,2051.39,"$2,029.87"
TXN-22784,LNK-8989,2024-05-01,2024-05-07,"$2,071.34",2038.33
TXN-68280,LNK-10539,03/01/2022,2022-03-09,3351.02,3339.58
TXN-61050,LNK-10539,2022-04-01,2022-04-06,3301.33,3264.51
TXN-51877,LNK-10539,05/01/2022,2022-05-07,3386.04,3352.17
TXN-64489,LNK-10539,2022-06-01,2022-07-12,3312.24,1385.58
TXN-90405,LNK-10539,2022-07-01,,3229.97,0.00
TXN-83465,LNK-10539,2022-08-01,2022-08-02,3313.13,3260.08
TXN-38874,LNK-14446,2021-07-01,2021-07-06,2559.78,2545.83
TXN-65288,LNK-14446,2021-08-01,2021-10-07,2560.95,2493.82
TXN-49739,LNK-14446,2021-09-01,2021-08-31,2465.97,2440.07
TXN-88901,LNK-86196,2020-08-01,2020-08-05,2466.31,2424.70
TXN-52411,LNK-86196,2020-09-01,2020-09-04,2432.46,2409.14
TXN-13423,LNK-82230,2025-05-01,2025-05-19,"$3,215.93",3076.20
TXN-88569,LNK-82230,2025-06-01,,3275.07,0.00
TXN-95808,LNK-82230,2025-07-01,2025-09-14,3315.28,3183.05
TXN-33167,LNK-82230,2025-08-01,2025-09-09,3215.46,3079.61
TXN-63426,LNK-73384,2024-05-01,2024-07-02,2201.28,2123.61
TXN-29335,LNK-73384,2024-06-01,2024-06-12,2261.48,"$2,227.92"
TXN-77008,LNK-73384,07/01/2024,2024-06-29,2225.47,2204.08
TXN-41561,LNK-73384,07/01/2024,2024-06-29,2225.47,2204.08
TXN-90731,LNK-73384,2024-08-01,2024-08-31,2237.95,948.89
TXN-73186,LNK-84769,2024-11-01,2024-11-04,2813.98,2761.94
TXN-58593,LNK-84769,2024-12-01,2024-11-30,2706.24,2690.60
TXN-98660,LNK-84769,2025-01-01,,2711.08,0.00
TXN-74362,LNK-84769,2025-02-01,2025-03-15,2809.95,2677.10
TXN-30002,LNK-84769,2025-03-01,2025-03-13,2759.68,2733.04
TXN-17783,LNK-84769,2025-04-01,2025-05-31,2748.02,2659.84
TXN-96978,LNK-90006,2021-11-01,2021-11-09,1077.12,1071.04
TXN-35112,LNK-90006,2021-12-01,2021-12-11,1110.73,567.64
TXN-23019,LNK-90006,2022-01-01,2022-01-04,1063.52,1044.56
TXN-47585,LNK-90006,2022-02-01,2022-02-10,1098.52,1081.52
TXN-35753,LNK-90006,2022-03-01,2022-03-05,1083.33,1066.89
TXN-11313,LNK-90006,2022-04-01,04/11/2022,1122.37,1103.87
TXN-63128,LNK-34422,2023-06-01,2023-06-08,1654.27,1642.07
TXN-23259,LNK-34422,2023-07-01,2023-07-06,1574.99,1568.91
TXN-49242,LNK-34422,2023-08-01,2023-07-30,1657.42,1627.79
TXN-40976,LNK-34422,2023-09-01,2023-09-25,1581.76,1551.93
TXN-33244,LNK-34422,2023-10-01,2023-10-03,1574.24,1546.04
TXN-76872,LNK-34422,2023-11-01,2023-11-04,1631.24,1628.25
TXN-75588,LNK-59979,2023-11-01,2023-11-04,1549.58,1524.48
TXN-57998,LNK-59979,2023-12-01,2023-12-10,1502.54,1474.65
TXN-79277,LNK-59979,2024-01-01,2024-01-10,1510.03,1483.66
TXN-85694,LNK-59979,2024-02-01,2024-02-06,1510.00,1497.21
TXN-91514,LNK-59979,2024-03-01,2024-04-06,1546.72,579.64
TXN-48015,LNK-69517,2024-03-01,2024-03-13,863.29,860.30
TXN-69349,LNK-69517,2024-04-01,04/02/2024,833.91,819.76
TXN-15123,LNK-69517,2024-05-01,2024-05-07,834.39,819.21
TXN-88605,LNK-69517,2024-06-01,2024-08-07,877.35,870.42
TXN-96369,LNK-24777,2019-04-01,2019-04-09,589.13,586.89
TXN-86412,LNK-24777,2019-05-01,,600.92,$0.00
TXN-12796,LNK-24777,2019-06-01,2019-08-07,584.88,584.18
TXN-64334,LNK-24777,2019-07-01,2019-07-06,581.59,578.04
TXN-88340,LNK-24777,2019-08-01,2019-08-13,587.89,580.70
TXN-85406,LNK-95373,2019-06-01,2019-06-11,2806.89,2787.72
TXN-81718,LNK-95373,2019-07-01,2019-07-03,2757.12,2730.59
TXN-24897,LNK-95373,2019-08-01,2019-09-03,2782.10,$867.09
TXN-84205,LNK-95373,2019-09-01,,2677.54,0.00
TXN-26855,LNK-94244,2024-10-01,2024-10-02,1375.70,1352.30
TXN-39233,LNK-94244,2024-11-01,2024-11-21,1377.89,1338.79
TXN-71919,LNK-94244,2024-12-01,2024-12-05,1390.72,1383.01
TXN-19366,LNK-98880,2025-04-01,2025-04-11,679.95,667.55
TXN-17847,LNK-98880,2025-05-01,2025-05-03,644.93,637.28
TXN-43797,LNK-98880,2025-06-01,2025-05-31,670.20,664.83
TXN-49754,LNK-98880,2025-07-01,2025-09-11,644.63,626.47
TXN-85824,LNK-98880,2025-08-01,2025-07-30,677.49,675.45
TXN-17712,LNK-98880,2025-09-01,2025-10-23,657.45,639.32
TXN-74873,LNK-13280,2021-05-01,2021-05-04,1165.26,1154.88
TXN-22604,LNK-13280,2021-06-01,2021-06-26,1147.23,1096.39
TXN-96096,LNK-13280,2021-07-01,2021-07-01,1181.93,1166.32
TXN-23702,LNK-13280,2021-08-01,2021-08-28,1183.47,1157.14
TXN-39303,LNK-19388,2019-02-01,2019-02-12,2371.64,2340.76
TXN-96452,LNK-19388,2019-03-01,2019-03-12,2426.16,"$2,425.66"
TXN-65340,LNK-19388,2019-04-01,2019-04-03,2385.68,2361.53
TXN-43279,LNK-19388,2019-05-01,,2392.14,0.00
TXN-65561,LNK-19388,2019-06-01,2019-06-22,2347.78,2314.78
TXN-90529,LNK-19388,2019-07-01,2019-07-22,2385.77,1481.54
TXN-17073,LNK-77225,2021-11-01,2021-10-29,2495.73,2490.21
TXN-60462,LNK-77225,2021-12-01,2021-12-13,2489.57,2442.63
TXN-79799,LNK-77225,2022-01-01,,2516.91,0.00
TXN-79183,LNK-77225,2022-02-01,2022-02-07,2451.07,2404.14
TXN-71214,LNK-77225,2022-03-01,NULL,2403.10,0.00
TXN-77468,LNK-77225,04/01/2022,2022-05-03,2454.28,2437.79
TXN-51171,LNK-42507,2023-07-01,2023-07-11,3353.55,3289.45
TXN-80637,LNK-42507,2023-08-01,2023-09-15,3405.73,1989.36
TXN-13366,LNK-42507,2023-09-01,2023-09-02, 3234.71 ,3227.79
TXN-88485,LNK-42507,2023-10-01,2023-11-05,3385.54,3365.94
TXN-23172,LNK-28762,2026-02-01,2026-03-11,2861.23,794.83
TXN-28643,LNK-28762,03/01/2026,2026-04-17,2884.23,2742.21
TXN-94469,LNK-77064,2024-04-01,2024-04-04,2545.64,2502.45
TXN-70372,LNK-77064,2024-05-01,2024-05-14,2614.00,687.24
TXN-73431,LNK-77064,2024-06-01,2024-06-18,2657.67,2598.41
TXN-90988,LNK-20142,2025-01-01,2025-01-27,3070.25,2952.52
TXN-14873,LNK-20142,2025-02-01,2025-04-05,3111.58,3036.56
TXN-54085,LNK-20142,2025-03-01,2025-05-14,3048.93,2994.28
TXN-35047,LNK-20142,2025-04-01,,3028.18,0.00
TXN-97984,LNK-24392,2019-12-01,2019-12-19,2750.87,2684.26
TXN-80959,LNK-24392,2020-01-01,,2779.48,0.00
TXN-75479,LNK-24392,2020-02-01,2020-02-10,2757.38,2721.01
TXN-53631,LNK-24392,2020-03-01,2020-03-11,2807.50,2793.28
TXN-19942,LNK-24392,2020-04-01,2020-03-30,2667.71,2644.21
TXN-76461,LNK-24392,2020-05-01,06/30/2020,2798.06,2788.31
TXN-91725,LNK-8362,2021-11-01,2021-11-05,2917.48,2879.84
TXN-54678,LNK-8362,2021-12-01,2021-12-10,2857.81,2801.80
TXN-37822,LNK-50857,2022-05-01,2022-04-28,2718.09,2664.41
TXN-42991,LNK-50857,2022-06-01,2022-06-07,2679.49,2628.03
TXN-85692,LNK-32635,2023-12-01,2023-11-30,755.27,751.13
TXN-69182,LNK-32635,2024-01-01,2024-01-17,757.95,190.71
TXN-94067,LNK-32635,02/01/2024,2024-02-09,$782.96,767.61
TXN-17055,LNK-32635,2024-03-01,2024-03-02,784.69,773.92
TXN-40131,LNK-98426,2024-10-01,2024-09-30,3618.17,3559.58
TXN-84497,LNK-98426,2024-11-01,,3542.49,0.00
TXN-70626,LNK-98426,2024-12-01,2024-12-06,3650.12,3577.63
TXN-74699,LNK-4379,2025-07-01,07/12/2025,1299.15,1282.29
TXN-36616,LNK-4379,2025-08-01,2025-09-10,1301.19,831.54
TXN-40411,LNK-4379,2025-09-01,2025-09-26,1325.47,782.42
TXN-77344,LNK-4379,2025-10-01,2025-09-28,1285.78,1270.95
TXN-14001,LNK-4379,2025-11-01,2025-10-30,1267.92,1246.33
TXN-43133,LNK-4379,2025-12-01,2025-12-04,1318.19,1314.58
TXN-21848,LNK-87356,2020-07-01,07/07/2020,1407.76,1393.96
TXN-97516,LNK-87356,2020-08-01,,1381.62,0.00
TXN-35388,LNK-87356,2020-09-01,2020-09-07,1365.70,1363.03
TXN-31625,LNK-31775,2023-07-01,2023-07-01,3979.22,3938.13
TXN-95583,LNK-31775,2023-08-01,2023-09-16,4108.97,3963.40
TXN-64767,LNK-31775,2023-09-01,2023-08-31,3995.52,"$3,938.67"
TXN-99889,LNK-31775,2023-10-01,2023-10-01,3974.15,2332.94
TXN-94545,LNK-31775,2023-11-01,,"$4,057.63",0.00
TXN-50949,LNK-31775,12/01/2023,2023-12-18,4067.83,3895.71
TXN-93318,LNK-21232,2021-08-01,2021-08-29,2846.95,2745.11
TXN-49426,LNK-21232,2021-09-01,2021-09-10,2748.45,2698.02
TXN-26144,LNK-35179,2025-09-01,2025-09-11,1518.02,1492.94
TXN-11043,LNK-35179,2025-10-01,2025-10-05,1495.81,1470.66
TXN-44606,LNK-35179,2025-11-01,2025-11-04,1525.59,1005.56
TXN-27472,LNK-66866,2024-03-01,2024-03-04,3086.87,3084.81
TXN-36901,LNK-66866,2024-04-01,2024-04-06,3056.96,3043.77
TXN-28488,LNK-66866,2024-05-01,2024-05-04,3098.35,1762.96
TXN-11839,LNK-66866,2024-06-01,2024-06-09,3057.19,3031.98
TXN-14398,LNK-66866,2024-07-01,2024-07-06,2951.29,2912.11
TXN-99526,LNK-66866,2024-08-01,2024-08-01,3069.39,"$3,009.17"
TXN-82298,LNK-31771,2023-05-01,2023-06-08,1873.25,1280.72
TXN-60690,LNK-31771,2023-06-01,06/01/2023,1820.46,1785.64
TXN-57745,LNK-31771,2023-07-01,,"$1,917.62",0.00
TXN-81616,LNK-31771,2023-08-01,2023-08-25,1818.56,1798.66
TXN-59171,LNK-83074,2022-09-01,2022-08-31,1143.39,1132.75
TXN-32815,LNK-83074,2022-10-01,2022-11-30,1148.37,1108.21
TXN-34900,LNK-90925,2023-01-01,2023-01-09,3136.30,3096.10
TXN-39255,LNK-90925,2023-02-01,2023-02-18,3056.26,2954.27
TXN-44018,LNK-90925,2023-03-01,2023-04-25,3122.59,3022.97
TXN-83637,LNK-90925,2023-04-01,2023-04-07,3122.15,3076.27
TXN-73680,LNK-90925,2023-05-01,2023-05-09,3032.20,2973.03
TXN-78665,LNK-90925,2023-06-01,2023-06-21,3036.07,3007.55
TXN-18777,LNK-1866,2022-08-01,2022-08-01,3546.91,3522.46
TXN-90673,LNK-1866,2022-09-01,2022-09-07,3396.37,3347.06
TXN-40019,LNK-1866,2022-10-01,2022-11-01,3410.50,2141.36
TXN-49107,LNK-16386,2025-09-01,,2446.99,0.00
TXN-22223,LNK-16386,2025-10-01,2025-10-01,2426.19,1243.92
TXN-18336,LNK-16386,2025-11-01,2025-11-10,2353.24,2312.27
TXN-47319,LNK-36038,2021-07-01,2021-07-11,5022.23,5021.56
TXN-67404,LNK-36038,2021-08-01,2021-07-29,5140.43,5038.54
TXN-94510,LNK-36038,2021-09-01,2021-09-10,4971.53,4956.40
TXN-47049,LNK-47025,2022-03-01,2022-03-08,3715.46,3694.16
TXN-62006,LNK-47025,2022-04-01,2022-06-02,3676.55,3654.63
TXN-71434,LNK-47025,2022-05-01,,3690.86,0.00
TXN-38764,LNK-47025,2022-06-01,2022-05-31,3776.18,3735.88
TXN-32147,LNK-47025,2022-07-01,2022-07-05,3842.56,3834.20
TXN-51510,LNK-18984,2020-07-01,2020-07-10,1484.68,1467.03
TXN-21087,LNK-18984,2020-08-01,2020-08-12,1427.63,1413.68
TXN-92322,LNK-18984,2020-09-01,2020-09-06,1430.49,1407.36
TXN-42808,LNK-18984,2020-10-01,,1469.39,0.00
TXN-24287,LNK-18984,2020-11-01,2020-11-05,1451.83,1435.28
TXN-53695,LNK-18984,2020-12-01,2020-12-04,1428.48,1400.52
TXN-65018,LNK-85136,2021-02-01,2021-01-31,2439.72,2393.85
TXN-19172,LNK-85136,2021-03-01,,2504.12,0.00
TXN-69820,LNK-56936,2023-12-01,2023-12-27,647.25,264.49
TXN-34888,LNK-56936,2024-01-01,2024-02-18,622.42,608.71
TXN-21297,LNK-56936,02/01/2024,2024-02-06,633.54,623.58
TXN-33268,LNK-56936,2024-03-01,2024-03-05,628.96,617.98
TXN-46677,LNK-14176,2024-10-01,09/30/2024,833.43,817.00
TXN-39639,LNK-14176,2024-11-01,2024-11-01,823.72,813.30
TXN-29613,LNK-14176,2024-12-01,2025-01-30,820.01,802.57
TXN-86178,LNK-20973,2021-11-01,2021-10-29,1458.86,1433.03
TXN-70055,LNK-20973,2021-12-01,2021-12-03,1541.82,1514.00
TXN-85029,LNK-20973,2022-01-01,,1458.62,0.00
TXN-30164,LNK-20973,2022-02-01,2022-02-01,1476.52,1471.99
TXN-43120,LNK-20973,2022-03-01,2022-03-17,1521.95,$472.07
TXN-72089,LNK-20973,2022-04-01,2022-05-18,1473.90,1420.29
TXN-62233,LNK-42114,2024-05-01,2024-05-11,2241.08,2232.42
TXN-24961,LNK-42114,2024-06-01,2024-06-11,2281.93,2265.88
TXN-70614,LNK-42114,2024-07-01,2024-07-04,2280.60,2235.47
TXN-45897,LNK-42114,2024-08-01,2024-08-01,2190.77,2186.81
TXN-16358,LNK-42114,2024-09-01,,2258.71,0.00
TXN-39940,LNK-42114,2024-10-01,2024-09-28,2239.60,2224.68
TXN-52927,LNK-88684,2024-10-01,,1995.32,0.00
TXN-93447,LNK-88684,2024-11-01,,2048.31,0.00
TXN-36777,LNK-88684,2024-12-01,2024-11-29,"$1,999.10",1979.03
TXN-14906,LNK-88684,2025-01-01,2024-12-30,1985.43,1956.46
TXN-53538,LNK-88684,2025-02-01,2025-02-27,2016.20,1225.77
TXN-60275,LNK-42124,2022-01-01,2022-01-11,1561.50,1542.72
TXN-78250,LNK-42124,2022-02-01,2022-02-04,1556.04,1531.77
TXN-45506,LNK-42124,2022-03-01,2022-03-13,1580.60,1579.72
TXN-26224,LNK-65304,2023-12-01,2024-01-22,2360.38,2313.61
TXN-68844,LNK-65304,2024-01-01,2024-01-13,2390.52,2357.44
TXN-30453,LNK-65304,2024-02-01,2024-02-01,2356.91,2350.23
TXN-74143,LNK-65304,2024-03-01,2024-03-09,2356.82,2338.91
TXN-37567,LNK-65304,2024-04-01,2024-05-14,2433.03,1116.64
TXN-17310,LNK-65304,2024-05-01,,2448.09,0.00
TXN-61250,LNK-28659,2021-03-01,2021-04-24,758.35,752.29
TXN-84050,LNK-28659,2021-04-01,2021-05-04,753.81,732.42
TXN-74276,LNK-28659,2021-05-01,2021-07-07,754.71,719.01
TXN-53216,LNK-28659,2021-06-01,2021-05-31,754.40,742.32
TXN-44434,LNK-28659,2021-07-01,07/06/2021,741.91,733.98
TXN-25326,LNK-28659,2021-08-01,2021-08-10,759.85,746.77
TXN-39776,LNK-66639,2024-10-01,2024-10-12,1468.33,1452.53
TXN-33862,LNK-66639,2024-11-01,2024-11-07,1433.36,1433.27
TXN-60316,LNK-66639,2024-12-01,2024-12-01,1466.24,1465.27
TXN-35418,LNK-66639,2025-01-01,2025-01-16,1429.94,806.12
TXN-10732,LNK-66639,2025-02-01,NULL,1479.06,0.00
TXN-97555,LNK-39427,2024-06-01,2024-08-02,845.90,819.32
TXN-23474,LNK-39427,2024-07-01,2024-08-25,812.96,789.79
TXN-51933,LNK-39427,2024-08-01,2024-08-05,838.25,826.34
TXN-17184,LNK-39427,2024-09-01,2024-09-06,830.41,336.12
TXN-82282,LNK-39427,2024-10-01,2024-09-29,814.52,811.02
TXN-93992,LNK-60446,2019-04-01,2019-04-13,1914.67, 1906.81 
TXN-85849,LNK-60446,2019-05-01,2019-06-02,1930.20,1078.91
TXN-27278,LNK-60446,2019-06-01,2019-05-30,1833.16,1806.46
TXN-27235,LNK-40507,2025-11-01,2025-11-04,3068.82,3011.21
TXN-90390,LNK-40507,2025-12-01,2025-12-12,2967.85,2953.83
TXN-36494,LNK-40507,2026-01-01,NULL,3028.40,0.00
TXN-15875,LNK-16096,2022-04-01,,3171.63,0.00
TXN-87393,LNK-16096,2022-05-01,,3199.78,0.00
TXN-29878,LNK-16096,2022-06-01,2022-06-10,3244.70,3182.76
TXN-28951,LNK-16096,2022-07-01,2022-07-17,3169.73,3130.52
TXN-19900,LNK-16096,2022-08-01,2022-07-29,"$3,254.25",3190.59
TXN-39425,LNK-16096,2022-09-01,2022-08-31,"$3,133.83",3130.08
TXN-37115,LNK-62080,2025-02-01,,3974.66,0.00
TXN-70902,LNK-62080,2025-03-01,2025-03-04,4002.01,3939.07
TXN-43166,LNK-25267,2024-05-01,,550.15,0.00
TXN-13748,LNK-25267,2024-05-01,,550.15,0.00
TXN-97506,LNK-25267,2024-06-01,2024-07-14,$565.57,537.64
TXN-52192,LNK-25267,2024-07-01,2024-07-27,555.54,546.23
TXN-15442,LNK-26042,2023-07-01,2023-07-08,3147.94,"$3,111.76"
TXN-38387,LNK-26042,2023-08-01,2023-08-13,3217.86,3157.57
TXN-94974,LNK-26042,2023-09-01,2023-10-14,3219.92,2031.43
TXN-77405,LNK-26042,2023-10-01,,3182.49,0.00
TXN-63694,LNK-26042,2023-11-01,2023-11-07,3155.53,3113.69
TXN-75042,LNK-23955,2020-12-01,2020-12-26,2259.19,2182.30
TXN-31543,LNK-23955,2021-01-01,2021-01-15,2313.10,1576.26
TXN-91188,LNK-23955,2021-02-01,2021-03-13,2315.65,2253.75
TXN-49154,LNK-23955,2021-03-01,2021-03-02,2191.26,2154.68
TXN-35409,LNK-23955,2021-04-01,2021-04-09,2248.55,2227.81
TXN-14571,LNK-23955,2021-05-01,2021-05-12,2264.29,2225.83
TXN-63760,LNK-67494,2021-03-01,,530.14,0.00
TXN-28286,LNK-67494,2021-04-01,2021-05-16,517.67,499.62
TXN-76040,LNK-67494,2021-05-01,2021-05-06,528.76,524.88
TXN-69961,LNK-67494,2021-06-01,2021-06-03,523.19,$518.00
TXN-34606,LNK-67494,2021-07-01,2021-06-30,528.35,527.43
TXN-45965,LNK-25219,2025-07-01,2025-07-10,632.23,620.16
TXN-53906,LNK-25219,2025-08-01,2025-09-14,626.93,598.06
TXN-26186,LNK-25219,09/01/2025,2025-09-05,636.54,632.06
TXN-28116,LNK-25219,2025-10-01,2025-10-06,603.99,599.12
TXN-85167,LNK-68839,2023-03-01,2023-02-26,1215.78,1203.45
TXN-25313,LNK-68839,2023-04-01,2023-03-30,1175.23,1158.34
TXN-90581,LNK-22805,2023-08-01,2023-07-31,5706.21,5705.47
TXN-67884,LNK-22805,2023-09-01,2023-09-11,5863.65,5789.98
TXN-98334,LNK-22805,2023-10-01,2023-10-04,5722.24,5633.89
TXN-99669,LNK-22805,2023-11-01,2023-11-08,5805.27,5775.52
TXN-29122,LNK-81301,2022-01-01,2022-01-03,3798.89,3749.67
TXN-80381,LNK-81301,2022-02-01,2022-02-11,3742.75,1353.51
TXN-54027,LNK-81301,2022-03-01,2022-03-06,3775.18,3769.92
TXN-53667,LNK-81301,2022-04-01,2022-04-08,3725.91,3666.94
TXN-81142,LNK-17750,2025-04-01,2025-04-06,2012.94,1988.41
TXN-60284,LNK-17750,2025-05-01,2025-05-12,"$2,003.63",1991.14
TXN-75434,LNK-17750,2025-06-01,2025-05-29,2058.01,2026.87
TXN-91847,LNK-30219,2021-01-01,2021-01-04,8596.91,8497.86
TXN-41720,LNK-30219,2021-02-01,2021-03-13, 8275.06 ,5068.18
TXN-59730,LNK-30219,2021-03-01,2021-02-26,8403.11,8336.62
TXN-15191,LNK-30219,2021-04-01,2021-04-12,8314.24,6010.90
TXN-94589,LNK-30219,2021-05-01,2021-05-11,8310.42,8302.59
TXN-30240,LNK-30219,2021-06-01,2021-06-06,8565.70,8430.50
TXN-71976,LNK-86599,2025-06-01,2025-05-30,1629.33,1613.32
TXN-77254,LNK-86599,2025-07-01,2025-07-12,1639.25,1611.43
TXN-65724,LNK-86599,2025-08-01,08/02/2025,1661.48,1644.99
TXN-35717,LNK-86599,2025-09-01,2025-10-11,1664.21,1639.93
TXN-48788,LNK-86599,2025-10-01,2025-10-07,1628.99,1603.83
TXN-80096,LNK-20369,2021-05-01,2021-04-28,2721.97,2690.88
TXN-67822,LNK-20369,2021-06-01,2021-07-20,2669.95,2587.01
TXN-64945,LNK-18555,2019-02-01,2019-03-13,2811.33,$897.06
TXN-57393,LNK-18555,2019-03-01,2019-03-04,2835.51,2790.72
TXN-61383,LNK-18555,2019-04-01,2019-04-05,2787.43,2738.41
TXN-22528,LNK-18555,2019-05-01,2019-05-05,2904.12,2899.73
TXN-27471,LNK-18555,2019-06-01,2019-07-07,2918.42,2905.28
TXN-79454,LNK-86139,2023-01-01,2023-01-25,2857.14,2831.05
TXN-17255,LNK-86139,2023-02-01,2023-02-05,2880.72,1541.23
TXN-63507,LNK-86139,2023-03-01,2023-04-14,2787.68,2689.01
TXN-89449,LNK-86139,2023-04-01,2023-05-04,2828.85,802.90
TXN-55692,LNK-86139,2023-05-01,2023-06-04,2862.12,2837.34
TXN-51673,LNK-20709,2021-06-01,2021-06-05,3527.79,3506.78
TXN-30700,LNK-20709,2021-07-01,2021-07-22,3360.56,1570.96
TXN-26380,LNK-20709,2021-08-01,2021-08-06,3385.63,3347.01
TXN-23816,LNK-20709,2021-09-01,2021-09-22,3408.82,2133.04
TXN-14667,LNK-20709,2021-10-01,2021-10-02,3357.09,1971.85
TXN-88209,LNK-45396,2021-03-01,2021-02-26, 4683.39 ,4621.55
TXN-53394,LNK-45396,2021-04-01,2021-03-30,4819.30,4785.55
TXN-37793,LNK-45396,2021-05-01,2021-05-07,4773.78,4728.51
TXN-20365,LNK-45396,2021-06-01,2021-06-07,4869.85,4803.47
TXN-62128,LNK-45396,2021-07-01,2021-07-15,4886.07,2668.85
TXN-24407,LNK-45396,2021-08-01,2021-08-12,4796.55,4726.50
TXN-53802,LNK-81750,2021-10-01,2021-10-30,2711.84,1880.38
TXN-60114,LNK-81750,2021-11-01,2021-10-31,2713.39,2669.17
TXN-61201,LNK-81750,2021-12-01,2021-12-23,2781.84,970.67
TXN-71858,LNK-81750,2022-01-01,2022-01-25,2709.63,2674.54
TXN-82557,LNK-81750,2022-02-01,2022-04-13,2738.34,2651.10
TXN-99769,LNK-60898,2024-05-01,2024-05-03,1654.66,1651.89
TXN-54228,LNK-60898,2024-06-01,2024-06-12,1671.41,1659.05
TXN-90396,LNK-60898,2024-07-01,2024-08-06,1684.87,770.90
TXN-68147,LNK-43415,2023-04-01,2023-04-02,3094.93,3091.81
TXN-23704,LNK-43415,2023-05-01,2023-05-08,3015.01,2977.93
TXN-37649,LNK-43415,2023-06-01,2023-05-29,3026.83,3021.08
TXN-45150,LNK-43415,2023-07-01,,3053.13,0.00
TXN-19523,LNK-35973,2019-08-01,2019-08-09,2725.78,750.46
TXN-24869,LNK-35973,2019-09-01,,2652.83,0.00
TXN-27094,LNK-35973,2019-10-01,2019-10-12,2752.05,2717.76
TXN-89636,LNK-35973,2019-11-01,2019-12-10,2736.15,2731.97
TXN-29320,LNK-35973,2019-12-01,2020-01-08,2704.59,2654.69
TXN-92823,LNK-52856,2026-01-01,2026-01-01,749.85,747.53
TXN-80306,LNK-52856,2026-02-01,2026-02-10,753.02,752.41
TXN-99741,LNK-52856,2026-03-01,2026-02-26,731.84,724.02
TXN-78113,LNK-52856,2026-04-01,2026-04-02,749.18,734.58
TXN-18795,LNK-52856,2026-05-01,2026-05-05,$752.11,748.44
TXN-11124,LNK-52856,2026-06-01,2026-06-13,740.95,740.08
TXN-45392,LNK-74116,2025-07-01,2025-07-11,1756.60,1730.66
TXN-32092,LNK-74116,2025-08-01,2025-08-03,"$1,740.66",1736.44
TXN-37843,LNK-74116,2025-09-01,2025-09-17,1797.71, 1765.84 
TXN-82214,LNK-74116,2025-10-01,2025-10-06,1791.29,985.05
TXN-92553,LNK-74116,2025-11-01,11/07/2025,1792.43,1767.95
TXN-97864,LNK-74116,2025-12-01,2025-12-10,1774.53,1748.64
TXN-52533,LNK-36972,2019-08-01,2019-08-01,3509.37,3499.03
TXN-92136,LNK-36972,2019-09-01,,3472.16,0.00
TXN-33713,LNK-36972,2019-10-01,2019-10-31,3370.91,1297.12
TXN-43227,LNK-36972,2019-11-01,2019-11-13,3409.71,3396.33
TXN-69108,LNK-36972,2019-12-01,2019-12-05,3532.93,3525.51
TXN-91264,LNK-36972,2020-01-01,2020-01-05,3457.71,3409.70
TXN-62476,LNK-62605,2021-01-01,2020-12-31,1712.04,1690.32
TXN-51881,LNK-62605,02/01/2021,2021-02-04,"$1,763.97",1748.37
TXN-56883,LNK-62605,2021-03-01,2021-03-22,1711.77,1681.16
TXN-48011,LNK-62605,2021-04-01,2021-04-09,1756.82,1747.86
TXN-56590,LNK-62605,2021-05-01,2021-05-05,1669.12,1669.03
TXN-75697,LNK-62605,2021-06-01,2021-07-04,1694.11,661.75
TXN-52406,LNK-26443,2020-02-01,2020-02-03,3718.62,"$3,712.96"
TXN-52349,LNK-26443,2020-03-01,2020-03-05,3824.27,3808.46
TXN-44239,LNK-26443,2020-04-01,2020-04-04,3833.68,3812.84
TXN-80875,LNK-26443,2020-05-01,2020-07-09,3789.49,3753.14
TXN-77850,LNK-26443,2020-06-01,06/20/2020,3697.68,3664.77
TXN-88724,LNK-26443,2020-07-01,2020-07-08,3750.94,3738.60
TXN-79145,LNK-26443,2020-07-01,2020-07-08,3750.94,3738.60
TXN-92858,LNK-72361,2021-02-01,2021-02-10,2791.46,2761.03
TXN-15753,LNK-72361,2021-03-01,2021-03-10,2807.54,2752.91
TXN-60723,LNK-14447,2021-06-01,2021-06-13,2495.76,"$2,472.01"
TXN-85200,LNK-14447,2021-07-01,2021-06-29,2476.55,2437.85
TXN-16593,LNK-14447,2021-08-01,2021-10-09,"$2,457.37","$2,452.26"
TXN-50098,LNK-14447,2021-09-01,2021-09-08,2490.26,2487.86
TXN-41497,LNK-14447,2021-10-01,2021-12-03,2583.31,2514.63
TXN-85959,LNK-14447,2021-11-01,2021-11-11, 2496.81 ,2489.95
TXN-81913,LNK-70397,2019-04-01,2019-03-29,1574.76,1571.46
TXN-72266,LNK-70397,2019-05-01,2019-05-04,1540.51,785.98
TXN-77507,LNK-87662,2020-09-01,2020-09-02,2023.95,2014.84
TXN-79218,LNK-87662,2020-10-01,2020-10-09,2026.36,"$1,997.70"
TXN-80763,LNK-87662,2020-11-01,2020-11-12,2015.79,1977.53
TXN-89438,LNK-87662,2020-12-01,2020-11-29,2045.05,2011.54
TXN-85827,LNK-57148,2020-10-01,2020-09-29,8531.29,8525.44
TXN-85758,LNK-57148,11/01/2020,2020-11-01,8666.80,8589.20
TXN-47824,LNK-57148,2020-12-01,2020-11-29,8853.57,8791.73
TXN-93950,LNK-57148,2021-01-01,2021-01-08,8749.00,8590.21
TXN-81397,LNK-9665,2021-11-01,2021-11-02,1783.42,1775.21
TXN-49914,LNK-9665,2021-12-01,2021-12-06,1790.90,1759.55
TXN-46694,LNK-9665,2022-01-01,2022-01-29,1778.18,1143.83
TXN-10144,LNK-9665,2022-02-01,2022-02-09,1735.40,591.61
TXN-61852,LNK-9665,2022-03-01,2022-03-08,1777.54,1764.78
TXN-15082,LNK-44652,2021-04-01,2021-04-11,2653.36,2610.81
TXN-29144,LNK-44652,2021-05-01,2021-05-07,2655.94,2642.28
TXN-60877,LNK-44652,2021-06-01,2021-06-07,2633.46,2582.11
TXN-85993,LNK-44652,2021-07-01,2021-07-12,2556.10,2554.28
TXN-14580,LNK-40599,2025-02-01,2025-02-01,3035.26,3005.09
TXN-84853,LNK-40599,2025-03-01,2025-05-08,3073.51,2955.94
TXN-93327,LNK-40599,2025-04-01,2025-04-08,3051.58, 3028.36 
TXN-57944,LNK-71236,2019-09-01,2019-09-02,2731.13,2692.46
TXN-88135,LNK-71236,2019-10-01,2019-11-03,2718.63,2660.22
TXN-50301,LNK-71236,2019-11-01,2019-11-10,2631.13,2618.05
TXN-16353,LNK-71236,2019-12-01,2020-01-01,2627.86,2578.62
